/batch
/config,noeldb,1     ! force off writing results to database
*get,_wallstrt,active,,time,wall
! ANSYS input file written by Workbench version 2025 R2
! File used for geometry attach: C:\Users\alami\Documents\Msc Civil Engineering\Year 2\Master Thesis\MSc-thesis---Minimal-model-of-the-Maeslantkering\ANSYS_FEM_truss\Truss_varying_cross_section_files\dp0\SYS\DM\SYS.agdb
/title,Truss_varying_cross_section--Modal (A5)
! ****** Begin Custom Load Command Snippet ******
/COM, ACT Extensions:
/COM,     LSDYNA, 2025.2
/COM,     5f463412-bd3e-484b-87e7-cbc0a665e474, wbex
/COM,/COM,     ANSYSMotion, 2025.2
/COM,     20180725-3f81-49eb-9f31-41364844c769, wbex
/COM,
! ****** End   Custom Load Command Snippet ******
*DIM,_wb_ProjectScratch_dir,string,248
_wb_ProjectScratch_dir(1) = 'C:\Users\alami\Documents\Msc Civil Engineering\Year 2\Master Thesis\MSc-thesis---Minimal-model-of-the-Maeslantkering\ANSYS_FEM_truss\_ProjectScratch\Scr147B\'
*DIM,_wb_SolverFiles_dir,string,248
_wb_SolverFiles_dir(1) = 'C:\Users\alami\Documents\Msc Civil Engineering\Year 2\Master Thesis\MSc-thesis---Minimal-model-of-the-Maeslantkering\ANSYS_FEM_truss\Truss_varying_cross_section_files\dp0\SYS\MECH\'
*DIM,_wb_userfiles_dir,string,248
_wb_userfiles_dir(1) = 'C:\Users\alami\Documents\Msc Civil Engineering\Year 2\Master Thesis\MSc-thesis---Minimal-model-of-the-Maeslantkering\ANSYS_FEM_truss\Truss_varying_cross_section_files\user_files\'
/com,--- Data in consistent MKS units. See Solving Units in the help system for more information.
/units,MKS
/nopr
/wb,file,start              !  signify a WB generated input file
/prep7
! Turn off shape checking because checks already performed inside WB mesher.
! See help system for more information.
SHPP,OFF,,NOWARN
/nolist
etcon,set             ! allow ANSYS to choose best KEYOP's for 180x elements, resets any applicable keyopt to MAPDL defaults
/com,*********** Send User Defined Coordinate System(s) ***********
csys,0
/com,*********** Nodes for the whole assembly ***********
nblock,3,,2362
(1i9,3e20.9e3)
        1     0.000000000E+00     0.000000000E+00     0.000000000E+00
        2     5.000000000E+00     0.000000000E+00     2.000000000E+01
        3     4.545454545E-01     0.000000000E+00     1.818181818E+00
        4     9.090909091E-01     0.000000000E+00     3.636363636E+00
        5     1.363636364E+00     0.000000000E+00     5.454545455E+00
        6     1.818181818E+00     0.000000000E+00     7.272727273E+00
        7     2.272727273E+00     0.000000000E+00     9.090909091E+00
        8     2.727272727E+00     0.000000000E+00     1.090909091E+01
        9     3.181818182E+00     0.000000000E+00     1.272727273E+01
       10     3.636363636E+00     0.000000000E+00     1.454545455E+01
       11     4.090909091E+00     0.000000000E+00     1.636363636E+01
       12     4.545454545E+00     0.000000000E+00     1.818181818E+01
       13     1.000000000E+01     0.000000000E+00     4.000000000E+01
       14     5.454545455E+00     0.000000000E+00     2.181818182E+01
       15     5.909090909E+00     0.000000000E+00     2.363636364E+01
       16     6.363636364E+00     0.000000000E+00     2.545454545E+01
       17     6.818181818E+00     0.000000000E+00     2.727272727E+01
       18     7.272727273E+00     0.000000000E+00     2.909090909E+01
       19     7.727272727E+00     0.000000000E+00     3.090909091E+01
       20     8.181818182E+00     0.000000000E+00     3.272727273E+01
       21     8.636363636E+00     0.000000000E+00     3.454545455E+01
       22     9.090909091E+00     0.000000000E+00     3.636363636E+01
       23     9.545454545E+00     0.000000000E+00     3.818181818E+01
       24     1.500000000E+01     0.000000000E+00     6.000000000E+01
       25     1.045454545E+01     0.000000000E+00     4.181818182E+01
       26     1.090909091E+01     0.000000000E+00     4.363636364E+01
       27     1.136363636E+01     0.000000000E+00     4.545454545E+01
       28     1.181818182E+01     0.000000000E+00     4.727272727E+01
       29     1.227272727E+01     0.000000000E+00     4.909090909E+01
       30     1.272727273E+01     0.000000000E+00     5.090909091E+01
       31     1.318181818E+01     0.000000000E+00     5.272727273E+01
       32     1.363636364E+01     0.000000000E+00     5.454545455E+01
       33     1.409090909E+01     0.000000000E+00     5.636363636E+01
       34     1.454545455E+01     0.000000000E+00     5.818181818E+01
       35     1.500000000E+01     4.000000000E-15     1.400000000E+02
       36     1.500000000E+01     4.000000000E-15     1.600000000E+02
       37     1.500000000E+01     4.000000000E-15     1.420000000E+02
       38     1.500000000E+01     4.000000000E-15     1.440000000E+02
       39     1.500000000E+01     4.000000000E-15     1.460000000E+02
       40     1.500000000E+01     4.000000000E-15     1.480000000E+02
       41     1.500000000E+01     4.000000000E-15     1.500000000E+02
       42     1.500000000E+01     4.000000000E-15     1.520000000E+02
       43     1.500000000E+01     4.000000000E-15     1.540000000E+02
       44     1.500000000E+01     4.000000000E-15     1.560000000E+02
       45     1.500000000E+01     4.000000000E-15     1.580000000E+02
       46     1.500000000E+01     4.000000000E-15     1.200000000E+02
       47     1.500000000E+01     4.000000000E-15     1.220000000E+02
       48     1.500000000E+01     4.000000000E-15     1.240000000E+02
       49     1.500000000E+01     4.000000000E-15     1.260000000E+02
       50     1.500000000E+01     4.000000000E-15     1.280000000E+02
       51     1.500000000E+01     4.000000000E-15     1.300000000E+02
       52     1.500000000E+01     4.000000000E-15     1.320000000E+02
       53     1.500000000E+01     4.000000000E-15     1.340000000E+02
       54     1.500000000E+01     4.000000000E-15     1.360000000E+02
       55     1.500000000E+01     4.000000000E-15     1.380000000E+02
       56     1.500000000E+01     4.000000000E-15     1.000000000E+02
       57     1.500000000E+01     4.000000000E-15     1.020000000E+02
       58     1.500000000E+01     4.000000000E-15     1.040000000E+02
       59     1.500000000E+01     4.000000000E-15     1.060000000E+02
       60     1.500000000E+01     4.000000000E-15     1.080000000E+02
       61     1.500000000E+01     4.000000000E-15     1.100000000E+02
       62     1.500000000E+01     4.000000000E-15     1.120000000E+02
       63     1.500000000E+01     4.000000000E-15     1.140000000E+02
       64     1.500000000E+01     4.000000000E-15     1.160000000E+02
       65     1.500000000E+01     4.000000000E-15     1.180000000E+02
       66     1.500000000E+01     4.000000000E-15     8.000000000E+01
       67     1.500000000E+01     4.000000000E-15     9.800000000E+01
       68     1.500000000E+01     4.000000000E-15     9.600000000E+01
       69     1.500000000E+01     4.000000000E-15     9.400000000E+01
       70     1.500000000E+01     4.000000000E-15     9.200000000E+01
       71     1.500000000E+01     4.000000000E-15     9.000000000E+01
       72     1.500000000E+01     4.000000000E-15     8.800000000E+01
       73     1.500000000E+01     4.000000000E-15     8.600000000E+01
       74     1.500000000E+01     4.000000000E-15     8.400000000E+01
       75     1.500000000E+01     4.000000000E-15     8.200000000E+01
       76     1.500000000E+01     4.000000000E-16     6.200000000E+01
       77     1.500000000E+01     8.000000000E-16     6.400000000E+01
       78     1.500000000E+01     1.200000000E-15     6.600000000E+01
       79     1.500000000E+01     1.600000000E-15     6.800000000E+01
       80     1.500000000E+01     2.000000000E-15     7.000000000E+01
       81     1.500000000E+01     2.400000000E-15     7.200000000E+01
       82     1.500000000E+01     2.800000000E-15     7.400000000E+01
       83     1.500000000E+01     3.200000000E-15     7.600000000E+01
       84     1.500000000E+01     3.600000000E-15     7.800000000E+01
       85     1.500000000E+01     0.000000000E+00     1.800000000E+02
       86     1.500000000E+01     3.600000000E-15     1.620000000E+02
       87     1.500000000E+01     3.200000000E-15     1.640000000E+02
       88     1.500000000E+01     2.800000000E-15     1.660000000E+02
       89     1.500000000E+01     2.400000000E-15     1.680000000E+02
       90     1.500000000E+01     2.000000000E-15     1.700000000E+02
       91     1.500000000E+01     1.600000000E-15     1.720000000E+02
       92     1.500000000E+01     1.200000000E-15     1.740000000E+02
       93     1.500000000E+01     8.000000000E-16     1.760000000E+02
       94     1.500000000E+01     4.000000000E-16     1.780000000E+02
       95     1.500000000E+01     4.000000000E-15     2.000000000E+02
       96     1.500000000E+01     4.000000000E-16     1.820000000E+02
       97     1.500000000E+01     8.000000000E-16     1.840000000E+02
       98     1.500000000E+01     1.200000000E-15     1.860000000E+02
       99     1.500000000E+01     1.600000000E-15     1.880000000E+02
      100     1.500000000E+01     2.000000000E-15     1.900000000E+02
      101     1.500000000E+01     2.400000000E-15     1.920000000E+02
      102     1.500000000E+01     2.800000000E-15     1.940000000E+02
      103     1.500000000E+01     3.200000000E-15     1.960000000E+02
      104     1.500000000E+01     3.600000000E-15     1.980000000E+02
      105     1.500000000E+01    -2.000000000E-15     2.200000000E+02
      106     1.500000000E+01     3.400000000E-15     2.020000000E+02
      107     1.500000000E+01     2.800000000E-15     2.040000000E+02
      108     1.500000000E+01     2.200000000E-15     2.060000000E+02
      109     1.500000000E+01     1.600000000E-15     2.080000000E+02
      110     1.500000000E+01     1.000000000E-15     2.100000000E+02
      111     1.500000000E+01     4.000000000E-16     2.120000000E+02
      112     1.500000000E+01    -2.000000000E-16     2.140000000E+02
      113     1.500000000E+01    -8.000000000E-16     2.160000000E+02
      114     1.500000000E+01    -1.400000000E-15     2.180000000E+02
      115     1.500000000E+01    -2.000000000E-15     2.400000000E+02
      116     1.500000000E+01    -2.000000000E-15     2.220000000E+02
      117     1.500000000E+01    -2.000000000E-15     2.240000000E+02
      118     1.500000000E+01    -2.000000000E-15     2.260000000E+02
      119     1.500000000E+01    -2.000000000E-15     2.280000000E+02
      120     1.500000000E+01    -2.000000000E-15     2.300000000E+02
      121     1.500000000E+01    -2.000000000E-15     2.320000000E+02
      122     1.500000000E+01    -2.000000000E-15     2.340000000E+02
      123     1.500000000E+01    -2.000000000E-15     2.360000000E+02
      124     1.500000000E+01    -2.000000000E-15     2.380000000E+02
      125     0.000000000E+00     0.000000000E+00     2.000000000E+01
      126     0.000000000E+00     0.000000000E+00     2.000000000E+00
      127     0.000000000E+00     0.000000000E+00     4.000000000E+00
      128     0.000000000E+00     0.000000000E+00     6.000000000E+00
      129     0.000000000E+00     0.000000000E+00     8.000000000E+00
      130     0.000000000E+00     0.000000000E+00     1.000000000E+01
      131     0.000000000E+00     0.000000000E+00     1.200000000E+01
      132     0.000000000E+00     0.000000000E+00     1.400000000E+01
      133     0.000000000E+00     0.000000000E+00     1.600000000E+01
      134     0.000000000E+00     0.000000000E+00     1.800000000E+01
      135     0.000000000E+00     0.000000000E+00     4.000000000E+01
      136     0.000000000E+00     0.000000000E+00     2.200000000E+01
      137     0.000000000E+00     0.000000000E+00     2.400000000E+01
      138     0.000000000E+00     0.000000000E+00     2.600000000E+01
      139     0.000000000E+00     0.000000000E+00     2.800000000E+01
      140     0.000000000E+00     0.000000000E+00     3.000000000E+01
      141     0.000000000E+00     0.000000000E+00     3.200000000E+01
      142     0.000000000E+00     0.000000000E+00     3.400000000E+01
      143     0.000000000E+00     0.000000000E+00     3.600000000E+01
      144     0.000000000E+00     0.000000000E+00     3.800000000E+01
      145    -4.000000000E-15    -1.100000000E-14     6.000000000E+01
      146    -3.600000000E-15    -9.900000000E-15     5.800000000E+01
      147    -3.200000000E-15    -8.800000000E-15     5.600000000E+01
      148    -2.800000000E-15    -7.700000000E-15     5.400000000E+01
      149    -2.400000000E-15    -6.600000000E-15     5.200000000E+01
      150    -2.000000000E-15    -5.500000000E-15     5.000000000E+01
      151    -1.600000000E-15    -4.400000000E-15     4.800000000E+01
      152    -1.200000000E-15    -3.300000000E-15     4.600000000E+01
      153    -8.000000000E-16    -2.200000000E-15     4.400000000E+01
      154    -4.000000000E-16    -1.100000000E-15     4.200000000E+01
      155     3.000000000E-15     4.000000000E-15     1.400000000E+02
      156     3.000000000E-15     4.000000000E-15     1.600000000E+02
      157     3.000000000E-15     4.000000000E-15     1.420000000E+02
      158     3.000000000E-15     4.000000000E-15     1.440000000E+02
      159     3.000000000E-15     4.000000000E-15     1.460000000E+02
      160     3.000000000E-15     4.000000000E-15     1.480000000E+02
      161     3.000000000E-15     4.000000000E-15     1.500000000E+02
      162     3.000000000E-15     4.000000000E-15     1.520000000E+02
      163     3.000000000E-15     4.000000000E-15     1.540000000E+02
      164     3.000000000E-15     4.000000000E-15     1.560000000E+02
      165     3.000000000E-15     4.000000000E-15     1.580000000E+02
      166     3.000000000E-15     4.000000000E-15     1.200000000E+02
      167     3.000000000E-15     4.000000000E-15     1.220000000E+02
      168     3.000000000E-15     4.000000000E-15     1.240000000E+02
      169     3.000000000E-15     4.000000000E-15     1.260000000E+02
      170     3.000000000E-15     4.000000000E-15     1.280000000E+02
      171     3.000000000E-15     4.000000000E-15     1.300000000E+02
      172     3.000000000E-15     4.000000000E-15     1.320000000E+02
      173     3.000000000E-15     4.000000000E-15     1.340000000E+02
      174     3.000000000E-15     4.000000000E-15     1.360000000E+02
      175     3.000000000E-15     4.000000000E-15     1.380000000E+02
      176     3.000000000E-15     4.000000000E-15     1.000000000E+02
      177     3.000000000E-15     4.000000000E-15     1.020000000E+02
      178     3.000000000E-15     4.000000000E-15     1.040000000E+02
      179     3.000000000E-15     4.000000000E-15     1.060000000E+02
      180     3.000000000E-15     4.000000000E-15     1.080000000E+02
      181     3.000000000E-15     4.000000000E-15     1.100000000E+02
      182     3.000000000E-15     4.000000000E-15     1.120000000E+02
      183     3.000000000E-15     4.000000000E-15     1.140000000E+02
      184     3.000000000E-15     4.000000000E-15     1.160000000E+02
      185     3.000000000E-15     4.000000000E-15     1.180000000E+02
      186     3.000000000E-15     4.000000000E-15     8.000000000E+01
      187     3.000000000E-15     4.000000000E-15     8.200000000E+01
      188     3.000000000E-15     4.000000000E-15     8.400000000E+01
      189     3.000000000E-15     4.000000000E-15     8.600000000E+01
      190     3.000000000E-15     4.000000000E-15     8.800000000E+01
      191     3.000000000E-15     4.000000000E-15     9.000000000E+01
      192     3.000000000E-15     4.000000000E-15     9.200000000E+01
      193     3.000000000E-15     4.000000000E-15     9.400000000E+01
      194     3.000000000E-15     4.000000000E-15     9.600000000E+01
      195     3.000000000E-15     4.000000000E-15     9.800000000E+01
      196    -3.300000000E-15    -9.500000000E-15     6.200000000E+01
      197    -2.600000000E-15    -8.000000000E-15     6.400000000E+01
      198    -1.900000000E-15    -6.500000000E-15     6.600000000E+01
      199    -1.200000000E-15    -5.000000000E-15     6.800000000E+01
      200    -5.000000000E-16    -3.500000000E-15     7.000000000E+01
      201     2.000000000E-16    -2.000000000E-15     7.200000000E+01
      202     9.000000000E-16    -5.000000000E-16     7.400000000E+01
      203     1.600000000E-15     1.000000000E-15     7.600000000E+01
      204     2.300000000E-15     2.500000000E-15     7.800000000E+01
      205     1.000000000E-15     4.000000000E-15     1.800000000E+02
      206     2.800000000E-15     4.000000000E-15     1.620000000E+02
      207     2.600000000E-15     4.000000000E-15     1.640000000E+02
      208     2.400000000E-15     4.000000000E-15     1.660000000E+02
      209     2.200000000E-15     4.000000000E-15     1.680000000E+02
      210     2.000000000E-15     4.000000000E-15     1.700000000E+02
      211     1.800000000E-15     4.000000000E-15     1.720000000E+02
      212     1.600000000E-15     4.000000000E-15     1.740000000E+02
      213     1.400000000E-15     4.000000000E-15     1.760000000E+02
      214     1.200000000E-15     4.000000000E-15     1.780000000E+02
      215     3.000000000E-15     4.000000000E-15     2.000000000E+02
      216     1.200000000E-15     4.000000000E-15     1.820000000E+02
      217     1.400000000E-15     4.000000000E-15     1.840000000E+02
      218     1.600000000E-15     4.000000000E-15     1.860000000E+02
      219     1.800000000E-15     4.000000000E-15     1.880000000E+02
      220     2.000000000E-15     4.000000000E-15     1.900000000E+02
      221     2.200000000E-15     4.000000000E-15     1.920000000E+02
      222     2.400000000E-15     4.000000000E-15     1.940000000E+02
      223     2.600000000E-15     4.000000000E-15     1.960000000E+02
      224     2.800000000E-15     4.000000000E-15     1.980000000E+02
      225    -1.000000000E-15    -2.000000000E-15     2.200000000E+02
      226     2.600000000E-15     3.400000000E-15     2.020000000E+02
      227     2.200000000E-15     2.800000000E-15     2.040000000E+02
      228     1.800000000E-15     2.200000000E-15     2.060000000E+02
      229     1.400000000E-15     1.600000000E-15     2.080000000E+02
      230     1.000000000E-15     1.000000000E-15     2.100000000E+02
      231     6.000000000E-16     4.000000000E-16     2.120000000E+02
      232     2.000000000E-16    -2.000000000E-16     2.140000000E+02
      233    -2.000000000E-16    -8.000000000E-16     2.160000000E+02
      234    -6.000000000E-16    -1.400000000E-15     2.180000000E+02
      235    -2.000000000E-15    -2.000000000E-15     2.400000000E+02
      236    -1.100000000E-15    -2.000000000E-15     2.220000000E+02
      237    -1.200000000E-15    -2.000000000E-15     2.240000000E+02
      238    -1.300000000E-15    -2.000000000E-15     2.260000000E+02
      239    -1.400000000E-15    -2.000000000E-15     2.280000000E+02
      240    -1.500000000E-15    -2.000000000E-15     2.300000000E+02
      241    -1.600000000E-15    -2.000000000E-15     2.320000000E+02
      242    -1.700000000E-15    -2.000000000E-15     2.340000000E+02
      243    -1.800000000E-15    -2.000000000E-15     2.360000000E+02
      244    -1.900000000E-15    -2.000000000E-15     2.380000000E+02
      245     1.153846154E+00    -2.000000000E-15     2.384615385E+02
      246     2.307692308E+00    -2.000000000E-15     2.369230769E+02
      247     3.461538462E+00    -2.000000000E-15     2.353846154E+02
      248     4.615384615E+00    -2.000000000E-15     2.338461538E+02
      249     5.769230769E+00    -2.000000000E-15     2.323076923E+02
      250     6.923076923E+00    -2.000000000E-15     2.307692308E+02
      251     8.076923077E+00    -2.000000000E-15     2.292307692E+02
      252     9.230769231E+00    -2.000000000E-15     2.276923077E+02
      253     1.038461538E+01    -2.000000000E-15     2.261538462E+02
      254     1.153846154E+01    -2.000000000E-15     2.246153846E+02
      255     1.269230769E+01    -2.000000000E-15     2.230769231E+02
      256     1.384615385E+01    -2.000000000E-15     2.215384615E+02
      257     1.875000000E+00    -2.000000000E-15     2.200000000E+02
      258     3.750000000E+00    -2.000000000E-15     2.200000000E+02
      259     5.625000000E+00    -2.000000000E-15     2.200000000E+02
      260     7.500000000E+00    -2.000000000E-15     2.200000000E+02
      261     9.375000000E+00    -2.000000000E-15     2.200000000E+02
      262     1.125000000E+01    -2.000000000E-15     2.200000000E+02
      263     1.312500000E+01    -2.000000000E-15     2.200000000E+02
      264     1.153846154E+00    -1.538461538E-15     2.184615385E+02
      265     2.307692308E+00    -1.076923077E-15     2.169230769E+02
      266     3.461538462E+00    -6.153846154E-16     2.153846154E+02
      267     4.615384615E+00    -1.538461538E-16     2.138461538E+02
      268     5.769230769E+00     3.076923077E-16     2.123076923E+02
      269     6.923076923E+00     7.692307692E-16     2.107692308E+02
      270     8.076923077E+00     1.230769231E-15     2.092307692E+02
      271     9.230769231E+00     1.692307692E-15     2.076923077E+02
      272     1.038461538E+01     2.153846154E-15     2.061538462E+02
      273     1.153846154E+01     2.615384615E-15     2.046153846E+02
      274     1.269230769E+01     3.076923077E-15     2.030769231E+02
      275     1.384615385E+01     3.538461538E-15     2.015384615E+02
      276     1.312500000E+01     4.000000000E-15     2.000000000E+02
      277     1.125000000E+01     4.000000000E-15     2.000000000E+02
      278     9.375000000E+00     4.000000000E-15     2.000000000E+02
      279     7.500000000E+00     4.000000000E-15     2.000000000E+02
      280     5.625000000E+00     4.000000000E-15     2.000000000E+02
      281     3.750000000E+00     4.000000000E-15     2.000000000E+02
      282     1.875000000E+00     4.000000000E-15     2.000000000E+02
      283     1.153846154E+00     3.692307692E-15     1.984615385E+02
      284     2.307692308E+00     3.384615385E-15     1.969230769E+02
      285     3.461538462E+00     3.076923077E-15     1.953846154E+02
      286     4.615384615E+00     2.769230769E-15     1.938461538E+02
      287     5.769230769E+00     2.461538462E-15     1.923076923E+02
      288     6.923076923E+00     2.153846154E-15     1.907692308E+02
      289     8.076923077E+00     1.846153846E-15     1.892307692E+02
      290     9.230769231E+00     1.538461538E-15     1.876923077E+02
      291     1.038461538E+01     1.230769231E-15     1.861538462E+02
      292     1.153846154E+01     9.230769231E-16     1.846153846E+02
      293     1.269230769E+01     6.153846154E-16     1.830769231E+02
      294     1.384615385E+01     3.076923077E-16     1.815384615E+02
      295     1.875000000E+00     3.500000000E-15     1.800000000E+02
      296     3.750000000E+00     3.000000000E-15     1.800000000E+02
      297     5.625000000E+00     2.500000000E-15     1.800000000E+02
      298     7.500000000E+00     2.000000000E-15     1.800000000E+02
      299     9.375000000E+00     1.500000000E-15     1.800000000E+02
      300     1.125000000E+01     1.000000000E-15     1.800000000E+02
      301     1.312500000E+01     5.000000000E-16     1.800000000E+02
      302     1.153846154E+00     4.000000000E-15     1.784615385E+02
      303     2.307692308E+00     4.000000000E-15     1.769230769E+02
      304     3.461538462E+00     4.000000000E-15     1.753846154E+02
      305     4.615384615E+00     4.000000000E-15     1.738461538E+02
      306     5.769230769E+00     4.000000000E-15     1.723076923E+02
      307     6.923076923E+00     4.000000000E-15     1.707692308E+02
      308     8.076923077E+00     4.000000000E-15     1.692307692E+02
      309     9.230769231E+00     4.000000000E-15     1.676923077E+02
      310     1.038461538E+01     4.000000000E-15     1.661538462E+02
      311     1.153846154E+01     4.000000000E-15     1.646153846E+02
      312     1.269230769E+01     4.000000000E-15     1.630769231E+02
      313     1.384615385E+01     4.000000000E-15     1.615384615E+02
      314     1.875000000E+00     4.000000000E-15     1.600000000E+02
      315     3.750000000E+00     4.000000000E-15     1.600000000E+02
      316     5.625000000E+00     4.000000000E-15     1.600000000E+02
      317     7.500000000E+00     4.000000000E-15     1.600000000E+02
      318     9.375000000E+00     4.000000000E-15     1.600000000E+02
      319     1.125000000E+01     4.000000000E-15     1.600000000E+02
      320     1.312500000E+01     4.000000000E-15     1.600000000E+02
      321     1.153846154E+00     4.000000000E-15     1.584615385E+02
      322     2.307692308E+00     4.000000000E-15     1.569230769E+02
      323     3.461538462E+00     4.000000000E-15     1.553846154E+02
      324     4.615384615E+00     4.000000000E-15     1.538461538E+02
      325     5.769230769E+00     4.000000000E-15     1.523076923E+02
      326     6.923076923E+00     4.000000000E-15     1.507692308E+02
      327     8.076923077E+00     4.000000000E-15     1.492307692E+02
      328     9.230769231E+00     4.000000000E-15     1.476923077E+02
      329     1.038461538E+01     4.000000000E-15     1.461538462E+02
      330     1.153846154E+01     4.000000000E-15     1.446153846E+02
      331     1.269230769E+01     4.000000000E-15     1.430769231E+02
      332     1.384615385E+01     4.000000000E-15     1.415384615E+02
      333     1.312500000E+01     4.000000000E-15     1.400000000E+02
      334     1.125000000E+01     4.000000000E-15     1.400000000E+02
      335     9.375000000E+00     4.000000000E-15     1.400000000E+02
      336     7.500000000E+00     4.000000000E-15     1.400000000E+02
      337     5.625000000E+00     4.000000000E-15     1.400000000E+02
      338     3.750000000E+00     4.000000000E-15     1.400000000E+02
      339     1.875000000E+00     4.000000000E-15     1.400000000E+02
      340     1.153846154E+00     4.000000000E-15     1.384615385E+02
      341     2.307692308E+00     4.000000000E-15     1.369230769E+02
      342     3.461538462E+00     4.000000000E-15     1.353846154E+02
      343     4.615384615E+00     4.000000000E-15     1.338461538E+02
      344     5.769230769E+00     4.000000000E-15     1.323076923E+02
      345     6.923076923E+00     4.000000000E-15     1.307692308E+02
      346     8.076923077E+00     4.000000000E-15     1.292307692E+02
      347     9.230769231E+00     4.000000000E-15     1.276923077E+02
      348     1.038461538E+01     4.000000000E-15     1.261538462E+02
      349     1.153846154E+01     4.000000000E-15     1.246153846E+02
      350     1.269230769E+01     4.000000000E-15     1.230769231E+02
      351     1.384615385E+01     4.000000000E-15     1.215384615E+02
      352     1.312500000E+01     4.000000000E-15     1.200000000E+02
      353     1.125000000E+01     4.000000000E-15     1.200000000E+02
      354     9.375000000E+00     4.000000000E-15     1.200000000E+02
      355     7.500000000E+00     4.000000000E-15     1.200000000E+02
      356     5.625000000E+00     4.000000000E-15     1.200000000E+02
      357     3.750000000E+00     4.000000000E-15     1.200000000E+02
      358     1.875000000E+00     4.000000000E-15     1.200000000E+02
      359     1.153846154E+00     4.000000000E-15     1.184615385E+02
      360     2.307692308E+00     4.000000000E-15     1.169230769E+02
      361     3.461538462E+00     4.000000000E-15     1.153846154E+02
      362     4.615384615E+00     4.000000000E-15     1.138461538E+02
      363     5.769230769E+00     4.000000000E-15     1.123076923E+02
      364     6.923076923E+00     4.000000000E-15     1.107692308E+02
      365     8.076923077E+00     4.000000000E-15     1.092307692E+02
      366     9.230769231E+00     4.000000000E-15     1.076923077E+02
      367     1.038461538E+01     4.000000000E-15     1.061538462E+02
      368     1.153846154E+01     4.000000000E-15     1.046153846E+02
      369     1.269230769E+01     4.000000000E-15     1.030769231E+02
      370     1.384615385E+01     4.000000000E-15     1.015384615E+02
      371     1.875000000E+00     4.000000000E-15     1.000000000E+02
      372     3.750000000E+00     4.000000000E-15     1.000000000E+02
      373     5.625000000E+00     4.000000000E-15     1.000000000E+02
      374     7.500000000E+00     4.000000000E-15     1.000000000E+02
      375     9.375000000E+00     4.000000000E-15     1.000000000E+02
      376     1.125000000E+01     4.000000000E-15     1.000000000E+02
      377     1.312500000E+01     4.000000000E-15     1.000000000E+02
      378     1.153846154E+00     4.000000000E-15     9.846153846E+01
      379     2.307692308E+00     4.000000000E-15     9.692307692E+01
      380     3.461538462E+00     4.000000000E-15     9.538461538E+01
      381     4.615384615E+00     4.000000000E-15     9.384615385E+01
      382     5.769230769E+00     4.000000000E-15     9.230769231E+01
      383     6.923076923E+00     4.000000000E-15     9.076923077E+01
      384     8.076923077E+00     4.000000000E-15     8.923076923E+01
      385     9.230769231E+00     4.000000000E-15     8.769230769E+01
      386     1.038461538E+01     4.000000000E-15     8.615384615E+01
      387     1.153846154E+01     4.000000000E-15     8.461538462E+01
      388     1.269230769E+01     4.000000000E-15     8.307692308E+01
      389     1.384615385E+01     4.000000000E-15     8.153846154E+01
      390     1.312500000E+01     4.000000000E-15     8.000000000E+01
      391     1.125000000E+01     4.000000000E-15     8.000000000E+01
      392     9.375000000E+00     4.000000000E-15     8.000000000E+01
      393     7.500000000E+00     4.000000000E-15     8.000000000E+01
      394     5.625000000E+00     4.000000000E-15     8.000000000E+01
      395     3.750000000E+00     4.000000000E-15     8.000000000E+01
      396     1.875000000E+00     4.000000000E-15     8.000000000E+01
      397     1.153846154E+00     3.692307692E-15     7.846153846E+01
      398     2.307692308E+00     3.384615385E-15     7.692307692E+01
      399     3.461538462E+00     3.076923077E-15     7.538461538E+01
      400     4.615384615E+00     2.769230769E-15     7.384615385E+01
      401     5.769230769E+00     2.461538462E-15     7.230769231E+01
      402     6.923076923E+00     2.153846154E-15     7.076923077E+01
      403     8.076923077E+00     1.846153846E-15     6.923076923E+01
      404     9.230769231E+00     1.538461538E-15     6.769230769E+01
      405     1.038461538E+01     1.230769231E-15     6.615384615E+01
      406     1.153846154E+01     9.230769231E-16     6.461538462E+01
      407     1.269230769E+01     6.153846154E-16     6.307692308E+01
      408     1.384615385E+01     3.076923077E-16     6.153846154E+01
      409     1.312500000E+01    -1.375000000E-15     6.000000000E+01
      410     1.125000000E+01    -2.750000000E-15     6.000000000E+01
      411     9.375000000E+00    -4.125000000E-15     6.000000000E+01
      412     7.500000000E+00    -5.500000000E-15     6.000000000E+01
      413     5.625000000E+00    -6.875000000E-15     6.000000000E+01
      414     3.750000000E+00    -8.250000000E-15     6.000000000E+01
      415     1.875000000E+00    -9.625000000E-15     6.000000000E+01
      416     8.333333333E-01    -1.008333333E-14     5.833333333E+01
      417     1.666666667E+00    -9.166666667E-15     5.666666667E+01
      418     2.500000000E+00    -8.250000000E-15     5.500000000E+01
      419     3.333333333E+00    -7.333333333E-15     5.333333333E+01
      420     4.166666667E+00    -6.416666667E-15     5.166666667E+01
      421     5.000000000E+00    -5.500000000E-15     5.000000000E+01
      422     5.833333333E+00    -4.583333333E-15     4.833333333E+01
      423     6.666666667E+00    -3.666666667E-15     4.666666667E+01
      424     7.500000000E+00    -2.750000000E-15     4.500000000E+01
      425     8.333333333E+00    -1.833333333E-15     4.333333333E+01
      426     9.166666667E+00    -9.166666667E-16     4.166666667E+01
      427     8.000000000E+00     0.000000000E+00     4.000000000E+01
      428     6.000000000E+00     0.000000000E+00     4.000000000E+01
      429     4.000000000E+00     0.000000000E+00     4.000000000E+01
      430     2.000000000E+00     0.000000000E+00     4.000000000E+01
      431     4.545454545E-01     0.000000000E+00     3.818181818E+01
      432     9.090909091E-01     0.000000000E+00     3.636363636E+01
      433     1.363636364E+00     0.000000000E+00     3.454545455E+01
      434     1.818181818E+00     0.000000000E+00     3.272727273E+01
      435     2.272727273E+00     0.000000000E+00     3.090909091E+01
      436     2.727272727E+00     0.000000000E+00     2.909090909E+01
      437     3.181818182E+00     0.000000000E+00     2.727272727E+01
      438     3.636363636E+00     0.000000000E+00     2.545454545E+01
      439     4.090909091E+00     0.000000000E+00     2.363636364E+01
      440     4.545454545E+00     0.000000000E+00     2.181818182E+01
      441     3.333333333E+00     0.000000000E+00     2.000000000E+01
      442     1.666666667E+00     0.000000000E+00     2.000000000E+01
      443     7.500000000E+00     1.500000000E+01     2.100000000E+02
      444     7.500000000E+00     1.800000000E+01     1.900000000E+02
      445     7.500000000E+00     1.527272727E+01     2.081818182E+02
      446     7.500000000E+00     1.554545455E+01     2.063636364E+02
      447     7.500000000E+00     1.581818182E+01     2.045454545E+02
      448     7.500000000E+00     1.609090909E+01     2.027272727E+02
      449     7.500000000E+00     1.636363636E+01     2.009090909E+02
      450     7.500000000E+00     1.663636364E+01     1.990909091E+02
      451     7.500000000E+00     1.690909091E+01     1.972727273E+02
      452     7.500000000E+00     1.718181818E+01     1.954545455E+02
      453     7.500000000E+00     1.745454545E+01     1.936363636E+02
      454     7.500000000E+00     1.772727273E+01     1.918181818E+02
      455     7.500000000E+00     1.200000000E+01     2.300000000E+02
      456     7.500000000E+00     1.227272727E+01     2.281818182E+02
      457     7.500000000E+00     1.254545455E+01     2.263636364E+02
      458     7.500000000E+00     1.281818182E+01     2.245454545E+02
      459     7.500000000E+00     1.309090909E+01     2.227272727E+02
      460     7.500000000E+00     1.336363636E+01     2.209090909E+02
      461     7.500000000E+00     1.363636364E+01     2.190909091E+02
      462     7.500000000E+00     1.390909091E+01     2.172727273E+02
      463     7.500000000E+00     1.418181818E+01     2.154545455E+02
      464     7.500000000E+00     1.445454545E+01     2.136363636E+02
      465     7.500000000E+00     1.472727273E+01     2.118181818E+02
      466     7.500000000E+00     1.050000000E+01     2.400000000E+02
      467     7.500000000E+00     1.075000000E+01     2.383333333E+02
      468     7.500000000E+00     1.100000000E+01     2.366666667E+02
      469     7.500000000E+00     1.125000000E+01     2.350000000E+02
      470     7.500000000E+00     1.150000000E+01     2.333333333E+02
      471     7.500000000E+00     1.175000000E+01     2.316666667E+02
      472     7.500000000E+00     1.800000000E+01     1.700000000E+02
      473     7.500000000E+00     1.800000000E+01     1.880000000E+02
      474     7.500000000E+00     1.800000000E+01     1.860000000E+02
      475     7.500000000E+00     1.800000000E+01     1.840000000E+02
      476     7.500000000E+00     1.800000000E+01     1.820000000E+02
      477     7.500000000E+00     1.800000000E+01     1.800000000E+02
      478     7.500000000E+00     1.800000000E+01     1.780000000E+02
      479     7.500000000E+00     1.800000000E+01     1.760000000E+02
      480     7.500000000E+00     1.800000000E+01     1.740000000E+02
      481     7.500000000E+00     1.800000000E+01     1.720000000E+02
      482     7.500000000E+00     1.800000000E+01     1.500000000E+02
      483     7.500000000E+00     1.800000000E+01     1.680000000E+02
      484     7.500000000E+00     1.800000000E+01     1.660000000E+02
      485     7.500000000E+00     1.800000000E+01     1.640000000E+02
      486     7.500000000E+00     1.800000000E+01     1.620000000E+02
      487     7.500000000E+00     1.800000000E+01     1.600000000E+02
      488     7.500000000E+00     1.800000000E+01     1.580000000E+02
      489     7.500000000E+00     1.800000000E+01     1.560000000E+02
      490     7.500000000E+00     1.800000000E+01     1.540000000E+02
      491     7.500000000E+00     1.800000000E+01     1.520000000E+02
      492     7.500000000E+00     1.800000000E+01     6.000000000E+01
      493     6.250000000E+00     1.800000000E+01     5.000000000E+01
      494     7.291666667E+00     1.800000000E+01     5.833333333E+01
      495     7.083333333E+00     1.800000000E+01     5.666666667E+01
      496     6.875000000E+00     1.800000000E+01     5.500000000E+01
      497     6.666666667E+00     1.800000000E+01     5.333333333E+01
      498     6.458333333E+00     1.800000000E+01     5.166666667E+01
      499     7.500000000E+00     1.800000000E+01     7.000000000E+01
      500     7.500000000E+00     1.800000000E+01     6.800000000E+01
      501     7.500000000E+00     1.800000000E+01     6.600000000E+01
      502     7.500000000E+00     1.800000000E+01     6.400000000E+01
      503     7.500000000E+00     1.800000000E+01     6.200000000E+01
      504     7.500000000E+00     1.800000000E+01     9.000000000E+01
      505     7.500000000E+00     1.800000000E+01     8.800000000E+01
      506     7.500000000E+00     1.800000000E+01     8.600000000E+01
      507     7.500000000E+00     1.800000000E+01     8.400000000E+01
      508     7.500000000E+00     1.800000000E+01     8.200000000E+01
      509     7.500000000E+00     1.800000000E+01     8.000000000E+01
      510     7.500000000E+00     1.800000000E+01     7.800000000E+01
      511     7.500000000E+00     1.800000000E+01     7.600000000E+01
      512     7.500000000E+00     1.800000000E+01     7.400000000E+01
      513     7.500000000E+00     1.800000000E+01     7.200000000E+01
      514     7.500000000E+00     1.800000000E+01     1.100000000E+02
      515     7.500000000E+00     1.800000000E+01     1.080000000E+02
      516     7.500000000E+00     1.800000000E+01     1.060000000E+02
      517     7.500000000E+00     1.800000000E+01     1.040000000E+02
      518     7.500000000E+00     1.800000000E+01     1.020000000E+02
      519     7.500000000E+00     1.800000000E+01     1.000000000E+02
      520     7.500000000E+00     1.800000000E+01     9.800000000E+01
      521     7.500000000E+00     1.800000000E+01     9.600000000E+01
      522     7.500000000E+00     1.800000000E+01     9.400000000E+01
      523     7.500000000E+00     1.800000000E+01     9.200000000E+01
      524     7.500000000E+00     1.800000000E+01     1.300000000E+02
      525     7.500000000E+00     1.800000000E+01     1.280000000E+02
      526     7.500000000E+00     1.800000000E+01     1.260000000E+02
      527     7.500000000E+00     1.800000000E+01     1.240000000E+02
      528     7.500000000E+00     1.800000000E+01     1.220000000E+02
      529     7.500000000E+00     1.800000000E+01     1.200000000E+02
      530     7.500000000E+00     1.800000000E+01     1.180000000E+02
      531     7.500000000E+00     1.800000000E+01     1.160000000E+02
      532     7.500000000E+00     1.800000000E+01     1.140000000E+02
      533     7.500000000E+00     1.800000000E+01     1.120000000E+02
      534     7.500000000E+00     1.800000000E+01     1.480000000E+02
      535     7.500000000E+00     1.800000000E+01     1.460000000E+02
      536     7.500000000E+00     1.800000000E+01     1.440000000E+02
      537     7.500000000E+00     1.800000000E+01     1.420000000E+02
      538     7.500000000E+00     1.800000000E+01     1.400000000E+02
      539     7.500000000E+00     1.800000000E+01     1.380000000E+02
      540     7.500000000E+00     1.800000000E+01     1.360000000E+02
      541     7.500000000E+00     1.800000000E+01     1.340000000E+02
      542     7.500000000E+00     1.800000000E+01     1.320000000E+02
      543     3.750000000E+00     1.800000000E+01     3.000000000E+01
      544     1.250000000E+00     1.600000000E+01     1.000000000E+01
      545     3.522727273E+00     1.781818182E+01     2.818181818E+01
      546     3.295454545E+00     1.763636364E+01     2.636363636E+01
      547     3.068181818E+00     1.745454545E+01     2.454545455E+01
      548     2.840909091E+00     1.727272727E+01     2.272727273E+01
      549     2.613636364E+00     1.709090909E+01     2.090909091E+01
      550     2.386363636E+00     1.690909091E+01     1.909090909E+01
      551     2.159090909E+00     1.672727273E+01     1.727272727E+01
      552     1.931818182E+00     1.654545455E+01     1.545454545E+01
      553     1.704545455E+00     1.636363636E+01     1.363636364E+01
      554     1.477272727E+00     1.618181818E+01     1.181818182E+01
      555     6.022727273E+00     1.800000000E+01     4.818181818E+01
      556     5.795454545E+00     1.800000000E+01     4.636363636E+01
      557     5.568181818E+00     1.800000000E+01     4.454545455E+01
      558     5.340909091E+00     1.800000000E+01     4.272727273E+01
      559     5.113636364E+00     1.800000000E+01     4.090909091E+01
      560     4.886363636E+00     1.800000000E+01     3.909090909E+01
      561     4.659090909E+00     1.800000000E+01     3.727272727E+01
      562     4.431818182E+00     1.800000000E+01     3.545454545E+01
      563     4.204545455E+00     1.800000000E+01     3.363636364E+01
      564     3.977272727E+00     1.800000000E+01     3.181818182E+01
      565     1.125000000E+00     1.440000000E+01     9.000000000E+00
      566     1.000000000E+00     1.280000000E+01     8.000000000E+00
      567     8.750000000E-01     1.120000000E+01     7.000000000E+00
      568     7.500000000E-01     9.600000000E+00     6.000000000E+00
      569     6.250000000E-01     8.000000000E+00     5.000000000E+00
      570     5.000000000E-01     6.400000000E+00     4.000000000E+00
      571     3.750000000E-01     4.800000000E+00     3.000000000E+00
      572     2.500000000E-01     3.200000000E+00     2.000000000E+00
      573     1.250000000E-01     1.600000000E+00     1.000000000E+00
      574     1.125000000E+00     1.440000000E+01     1.100000000E+01
      575     1.000000000E+00     1.280000000E+01     1.200000000E+01
      576     8.750000000E-01     1.120000000E+01     1.300000000E+01
      577     7.500000000E-01     9.600000000E+00     1.400000000E+01
      578     6.250000000E-01     8.000000000E+00     1.500000000E+01
      579     5.000000000E-01     6.400000000E+00     1.600000000E+01
      580     3.750000000E-01     4.800000000E+00     1.700000000E+01
      581     2.500000000E-01     3.200000000E+00     1.800000000E+01
      582     1.250000000E-01     1.600000000E+00     1.900000000E+01
      583     3.409090909E-01     1.636363636E+00     2.090909091E+01
      584     6.818181818E-01     3.272727273E+00     2.181818182E+01
      585     1.022727273E+00     4.909090909E+00     2.272727273E+01
      586     1.363636364E+00     6.545454545E+00     2.363636364E+01
      587     1.704545455E+00     8.181818182E+00     2.454545455E+01
      588     2.045454545E+00     9.818181818E+00     2.545454545E+01
      589     2.386363636E+00     1.145454545E+01     2.636363636E+01
      590     2.727272727E+00     1.309090909E+01     2.727272727E+01
      591     3.068181818E+00     1.472727273E+01     2.818181818E+01
      592     3.409090909E+00     1.636363636E+01     2.909090909E+01
      593     6.818181818E-01     1.636363636E+00     1.609090909E+02
      594     1.363636364E+00     3.272727273E+00     1.618181818E+02
      595     2.045454545E+00     4.909090909E+00     1.627272727E+02
      596     2.727272727E+00     6.545454545E+00     1.636363636E+02
      597     3.409090909E+00     8.181818182E+00     1.645454545E+02
      598     4.090909091E+00     9.818181818E+00     1.654545455E+02
      599     4.772727273E+00     1.145454545E+01     1.663636364E+02
      600     5.454545455E+00     1.309090909E+01     1.672727273E+02
      601     6.136363636E+00     1.472727273E+01     1.681818182E+02
      602     6.818181818E+00     1.636363636E+01     1.690909091E+02
      603     6.818181818E+00     1.636363636E+01     1.509090909E+02
      604     6.136363636E+00     1.472727273E+01     1.518181818E+02
      605     5.454545455E+00     1.309090909E+01     1.527272727E+02
      606     4.772727273E+00     1.145454545E+01     1.536363636E+02
      607     4.090909091E+00     9.818181818E+00     1.545454545E+02
      608     3.409090909E+00     8.181818182E+00     1.554545455E+02
      609     2.727272727E+00     6.545454545E+00     1.563636364E+02
      610     2.045454545E+00     4.909090909E+00     1.572727273E+02
      611     1.363636364E+00     3.272727273E+00     1.581818182E+02
      612     6.818181818E-01     1.636363636E+00     1.590909091E+02
      613     6.818181818E+00     1.636363636E+01     1.490909091E+02
      614     6.136363636E+00     1.472727273E+01     1.481818182E+02
      615     5.454545455E+00     1.309090909E+01     1.472727273E+02
      616     4.772727273E+00     1.145454545E+01     1.463636364E+02
      617     4.090909091E+00     9.818181818E+00     1.454545455E+02
      618     3.409090909E+00     8.181818182E+00     1.445454545E+02
      619     2.727272727E+00     6.545454545E+00     1.436363636E+02
      620     2.045454545E+00     4.909090909E+00     1.427272727E+02
      621     1.363636364E+00     3.272727273E+00     1.418181818E+02
      622     6.818181818E-01     1.636363636E+00     1.409090909E+02
      623     6.818181818E+00     1.636363636E+01     1.309090909E+02
      624     6.136363636E+00     1.472727273E+01     1.318181818E+02
      625     5.454545455E+00     1.309090909E+01     1.327272727E+02
      626     4.772727273E+00     1.145454545E+01     1.336363636E+02
      627     4.090909091E+00     9.818181818E+00     1.345454545E+02
      628     3.409090909E+00     8.181818182E+00     1.354545455E+02
      629     2.727272727E+00     6.545454545E+00     1.363636364E+02
      630     2.045454545E+00     4.909090909E+00     1.372727273E+02
      631     1.363636364E+00     3.272727273E+00     1.381818182E+02
      632     6.818181818E-01     1.636363636E+00     1.390909091E+02
      633     6.818181818E+00     1.636363636E+01     1.290909091E+02
      634     6.136363636E+00     1.472727273E+01     1.281818182E+02
      635     5.454545455E+00     1.309090909E+01     1.272727273E+02
      636     4.772727273E+00     1.145454545E+01     1.263636364E+02
      637     4.090909091E+00     9.818181818E+00     1.254545455E+02
      638     3.409090909E+00     8.181818182E+00     1.245454545E+02
      639     2.727272727E+00     6.545454545E+00     1.236363636E+02
      640     2.045454545E+00     4.909090909E+00     1.227272727E+02
      641     1.363636364E+00     3.272727273E+00     1.218181818E+02
      642     6.818181818E-01     1.636363636E+00     1.209090909E+02
      643     6.818181818E+00     1.636363636E+01     1.109090909E+02
      644     6.136363636E+00     1.472727273E+01     1.118181818E+02
      645     5.454545455E+00     1.309090909E+01     1.127272727E+02
      646     4.772727273E+00     1.145454545E+01     1.136363636E+02
      647     4.090909091E+00     9.818181818E+00     1.145454545E+02
      648     3.409090909E+00     8.181818182E+00     1.154545455E+02
      649     2.727272727E+00     6.545454545E+00     1.163636364E+02
      650     2.045454545E+00     4.909090909E+00     1.172727273E+02
      651     1.363636364E+00     3.272727273E+00     1.181818182E+02
      652     6.818181818E-01     1.636363636E+00     1.190909091E+02
      653     6.818181818E+00     1.636363636E+01     1.090909091E+02
      654     6.136363636E+00     1.472727273E+01     1.081818182E+02
      655     5.454545455E+00     1.309090909E+01     1.072727273E+02
      656     4.772727273E+00     1.145454545E+01     1.063636364E+02
      657     4.090909091E+00     9.818181818E+00     1.054545455E+02
      658     3.409090909E+00     8.181818182E+00     1.045454545E+02
      659     2.727272727E+00     6.545454545E+00     1.036363636E+02
      660     2.045454545E+00     4.909090909E+00     1.027272727E+02
      661     1.363636364E+00     3.272727273E+00     1.018181818E+02
      662     6.818181818E-01     1.636363636E+00     1.009090909E+02
      663     6.818181818E+00     1.636363636E+01     9.090909091E+01
      664     6.136363636E+00     1.472727273E+01     9.181818182E+01
      665     5.454545455E+00     1.309090909E+01     9.272727273E+01
      666     4.772727273E+00     1.145454545E+01     9.363636364E+01
      667     4.090909091E+00     9.818181818E+00     9.454545455E+01
      668     3.409090909E+00     8.181818182E+00     9.545454545E+01
      669     2.727272727E+00     6.545454545E+00     9.636363636E+01
      670     2.045454545E+00     4.909090909E+00     9.727272727E+01
      671     1.363636364E+00     3.272727273E+00     9.818181818E+01
      672     6.818181818E-01     1.636363636E+00     9.909090909E+01
      673     6.818181818E-01     1.636363636E+00     8.090909091E+01
      674     1.363636364E+00     3.272727273E+00     8.181818182E+01
      675     2.045454545E+00     4.909090909E+00     8.272727273E+01
      676     2.727272727E+00     6.545454545E+00     8.363636364E+01
      677     3.409090909E+00     8.181818182E+00     8.454545455E+01
      678     4.090909091E+00     9.818181818E+00     8.545454545E+01
      679     4.772727273E+00     1.145454545E+01     8.636363636E+01
      680     5.454545455E+00     1.309090909E+01     8.727272727E+01
      681     6.136363636E+00     1.472727273E+01     8.818181818E+01
      682     6.818181818E+00     1.636363636E+01     8.909090909E+01
      683     6.818181818E+00     1.636363636E+01     7.090909091E+01
      684     6.136363636E+00     1.472727273E+01     7.181818182E+01
      685     5.454545455E+00     1.309090909E+01     7.272727273E+01
      686     4.772727273E+00     1.145454545E+01     7.363636364E+01
      687     4.090909091E+00     9.818181818E+00     7.454545455E+01
      688     3.409090909E+00     8.181818182E+00     7.545454545E+01
      689     2.727272727E+00     6.545454545E+00     7.636363636E+01
      690     2.045454545E+00     4.909090909E+00     7.727272727E+01
      691     1.363636364E+00     3.272727273E+00     7.818181818E+01
      692     6.818181818E-01     1.636363636E+00     7.909090909E+01
      693     6.818181818E-01     1.636363636E+00     6.090909091E+01
      694     1.363636364E+00     3.272727273E+00     6.181818182E+01
      695     2.045454545E+00     4.909090909E+00     6.272727273E+01
      696     2.727272727E+00     6.545454545E+00     6.363636364E+01
      697     3.409090909E+00     8.181818182E+00     6.454545455E+01
      698     4.090909091E+00     9.818181818E+00     6.545454545E+01
      699     4.772727273E+00     1.145454545E+01     6.636363636E+01
      700     5.454545455E+00     1.309090909E+01     6.727272727E+01
      701     6.136363636E+00     1.472727273E+01     6.818181818E+01
      702     6.818181818E+00     1.636363636E+01     6.909090909E+01
      703     5.681818182E+00     1.636363636E+01     5.090909091E+01
      704     5.113636364E+00     1.472727273E+01     5.181818182E+01
      705     4.545454545E+00     1.309090909E+01     5.272727273E+01
      706     3.977272727E+00     1.145454545E+01     5.363636364E+01
      707     3.409090909E+00     9.818181818E+00     5.454545455E+01
      708     2.840909091E+00     8.181818182E+00     5.545454545E+01
      709     2.272727273E+00     6.545454545E+00     5.636363636E+01
      710     1.704545455E+00     4.909090909E+00     5.727272727E+01
      711     1.136363636E+00     3.272727273E+00     5.818181818E+01
      712     5.681818182E-01     1.636363636E+00     5.909090909E+01
      713     5.681818182E-01     1.636363636E+00     4.090909091E+01
      714     1.136363636E+00     3.272727273E+00     4.181818182E+01
      715     1.704545455E+00     4.909090909E+00     4.272727273E+01
      716     2.272727273E+00     6.545454545E+00     4.363636364E+01
      717     2.840909091E+00     8.181818182E+00     4.454545455E+01
      718     3.409090909E+00     9.818181818E+00     4.545454545E+01
      719     3.977272727E+00     1.145454545E+01     4.636363636E+01
      720     4.545454545E+00     1.309090909E+01     4.727272727E+01
      721     5.113636364E+00     1.472727273E+01     4.818181818E+01
      722     5.681818182E+00     1.636363636E+01     4.909090909E+01
      723     3.409090909E+00     1.636363636E+01     3.090909091E+01
      724     3.068181818E+00     1.472727273E+01     3.181818182E+01
      725     2.727272727E+00     1.309090909E+01     3.272727273E+01
      726     2.386363636E+00     1.145454545E+01     3.363636364E+01
      727     2.045454545E+00     9.818181818E+00     3.454545455E+01
      728     1.704545455E+00     8.181818182E+00     3.545454545E+01
      729     1.363636364E+00     6.545454545E+00     3.636363636E+01
      730     1.022727273E+00     4.909090909E+00     3.727272727E+01
      731     6.818181818E-01     3.272727273E+00     3.818181818E+01
      732     3.409090909E-01     1.636363636E+00     3.909090909E+01
      733     6.818181818E+00     1.636363636E+01     1.709090909E+02
      734     6.136363636E+00     1.472727273E+01     1.718181818E+02
      735     5.454545455E+00     1.309090909E+01     1.727272727E+02
      736     4.772727273E+00     1.145454545E+01     1.736363636E+02
      737     4.090909091E+00     9.818181818E+00     1.745454545E+02
      738     3.409090909E+00     8.181818182E+00     1.754545455E+02
      739     2.727272727E+00     6.545454545E+00     1.763636364E+02
      740     2.045454545E+00     4.909090909E+00     1.772727273E+02
      741     1.363636364E+00     3.272727273E+00     1.781818182E+02
      742     6.818181818E-01     1.636363636E+00     1.790909091E+02
      743     7.500000000E-01     1.500000000E+00     2.010000000E+02
      744     1.500000000E+00     3.000000000E+00     2.020000000E+02
      745     2.250000000E+00     4.500000000E+00     2.030000000E+02
      746     3.000000000E+00     6.000000000E+00     2.040000000E+02
      747     3.750000000E+00     7.500000000E+00     2.050000000E+02
      748     4.500000000E+00     9.000000000E+00     2.060000000E+02
      749     5.250000000E+00     1.050000000E+01     2.070000000E+02
      750     6.000000000E+00     1.200000000E+01     2.080000000E+02
      751     6.750000000E+00     1.350000000E+01     2.090000000E+02
      752     6.818181818E+00     1.636363636E+01     1.909090909E+02
      753     6.136363636E+00     1.472727273E+01     1.918181818E+02
      754     5.454545455E+00     1.309090909E+01     1.927272727E+02
      755     4.772727273E+00     1.145454545E+01     1.936363636E+02
      756     4.090909091E+00     9.818181818E+00     1.945454545E+02
      757     3.409090909E+00     8.181818182E+00     1.954545455E+02
      758     2.727272727E+00     6.545454545E+00     1.963636364E+02
      759     2.045454545E+00     4.909090909E+00     1.972727273E+02
      760     1.363636364E+00     3.272727273E+00     1.981818182E+02
      761     6.818181818E-01     1.636363636E+00     1.990909091E+02
      762     6.818181818E+00     1.636363636E+01     1.890909091E+02
      763     6.136363636E+00     1.472727273E+01     1.881818182E+02
      764     5.454545455E+00     1.309090909E+01     1.872727273E+02
      765     4.772727273E+00     1.145454545E+01     1.863636364E+02
      766     4.090909091E+00     9.818181818E+00     1.854545455E+02
      767     3.409090909E+00     8.181818182E+00     1.845454545E+02
      768     2.727272727E+00     6.545454545E+00     1.836363636E+02
      769     2.045454545E+00     4.909090909E+00     1.827272727E+02
      770     1.363636364E+00     3.272727273E+00     1.818181818E+02
      771     6.818181818E-01     1.636363636E+00     1.809090909E+02
      772     8.333333333E-01     1.333333333E+00     2.211111111E+02
      773     1.666666667E+00     2.666666667E+00     2.222222222E+02
      774     2.500000000E+00     4.000000000E+00     2.233333333E+02
      775     3.333333333E+00     5.333333333E+00     2.244444444E+02
      776     4.166666667E+00     6.666666667E+00     2.255555556E+02
      777     5.000000000E+00     8.000000000E+00     2.266666667E+02
      778     5.833333333E+00     9.333333333E+00     2.277777778E+02
      779     6.666666667E+00     1.066666667E+01     2.288888889E+02
      780     6.750000000E+00     1.350000000E+01     2.110000000E+02
      781     6.000000000E+00     1.200000000E+01     2.120000000E+02
      782     5.250000000E+00     1.050000000E+01     2.130000000E+02
      783     4.500000000E+00     9.000000000E+00     2.140000000E+02
      784     3.750000000E+00     7.500000000E+00     2.150000000E+02
      785     3.000000000E+00     6.000000000E+00     2.160000000E+02
      786     2.250000000E+00     4.500000000E+00     2.170000000E+02
      787     1.500000000E+00     3.000000000E+00     2.180000000E+02
      788     7.500000000E-01     1.500000000E+00     2.190000000E+02
      789     6.666666667E+00     1.066666667E+01     2.311111111E+02
      790     5.833333333E+00     9.333333333E+00     2.322222222E+02
      791     5.000000000E+00     8.000000000E+00     2.333333333E+02
      792     4.166666667E+00     6.666666667E+00     2.344444444E+02
      793     3.333333333E+00     5.333333333E+00     2.355555556E+02
      794     2.500000000E+00     4.000000000E+00     2.366666667E+02
      795     1.666666667E+00     2.666666667E+00     2.377777778E+02
      796     8.333333333E-01     1.333333333E+00     2.388888889E+02
      797     4.625000000E+00     1.600000000E+00     1.900000000E+01
      798     4.250000000E+00     3.200000000E+00     1.800000000E+01
      799     3.875000000E+00     4.800000000E+00     1.700000000E+01
      800     3.500000000E+00     6.400000000E+00     1.600000000E+01
      801     3.125000000E+00     8.000000000E+00     1.500000000E+01
      802     2.750000000E+00     9.600000000E+00     1.400000000E+01
      803     2.375000000E+00     1.120000000E+01     1.300000000E+01
      804     2.000000000E+00     1.280000000E+01     1.200000000E+01
      805     1.625000000E+00     1.440000000E+01     1.100000000E+01
      806     4.886363636E+00     1.636363636E+00     2.090909091E+01
      807     4.772727273E+00     3.272727273E+00     2.181818182E+01
      808     4.659090909E+00     4.909090909E+00     2.272727273E+01
      809     4.545454545E+00     6.545454545E+00     2.363636364E+01
      810     4.431818182E+00     8.181818182E+00     2.454545455E+01
      811     4.318181818E+00     9.818181818E+00     2.545454545E+01
      812     4.204545455E+00     1.145454545E+01     2.636363636E+01
      813     4.090909091E+00     1.309090909E+01     2.727272727E+01
      814     3.977272727E+00     1.472727273E+01     2.818181818E+01
      815     3.863636364E+00     1.636363636E+01     2.909090909E+01
      816     9.431818182E+00     1.636363636E+00     3.909090909E+01
      817     8.863636364E+00     3.272727273E+00     3.818181818E+01
      818     8.295454545E+00     4.909090909E+00     3.727272727E+01
      819     7.727272727E+00     6.545454545E+00     3.636363636E+01
      820     7.159090909E+00     8.181818182E+00     3.545454545E+01
      821     6.590909091E+00     9.818181818E+00     3.454545455E+01
      822     6.022727273E+00     1.145454545E+01     3.363636364E+01
      823     5.454545455E+00     1.309090909E+01     3.272727273E+01
      824     4.886363636E+00     1.472727273E+01     3.181818182E+01
      825     4.318181818E+00     1.636363636E+01     3.090909091E+01
      826     6.590909091E+00     1.636363636E+01     4.909090909E+01
      827     6.931818182E+00     1.472727273E+01     4.818181818E+01
      828     7.272727273E+00     1.309090909E+01     4.727272727E+01
      829     7.613636364E+00     1.145454545E+01     4.636363636E+01
      830     7.954545455E+00     9.818181818E+00     4.545454545E+01
      831     8.295454545E+00     8.181818182E+00     4.454545455E+01
      832     8.636363636E+00     6.545454545E+00     4.363636364E+01
      833     8.977272727E+00     4.909090909E+00     4.272727273E+01
      834     9.318181818E+00     3.272727273E+00     4.181818182E+01
      835     9.659090909E+00     1.636363636E+00     4.090909091E+01
      836     1.431818182E+01     1.636363636E+00     1.609090909E+02
      837     1.363636364E+01     3.272727273E+00     1.618181818E+02
      838     1.295454545E+01     4.909090909E+00     1.627272727E+02
      839     1.227272727E+01     6.545454545E+00     1.636363636E+02
      840     1.159090909E+01     8.181818182E+00     1.645454545E+02
      841     1.090909091E+01     9.818181818E+00     1.654545455E+02
      842     1.022727273E+01     1.145454545E+01     1.663636364E+02
      843     9.545454545E+00     1.309090909E+01     1.672727273E+02
      844     8.863636364E+00     1.472727273E+01     1.681818182E+02
      845     8.181818182E+00     1.636363636E+01     1.690909091E+02
      846     8.181818182E+00     1.636363636E+01     1.509090909E+02
      847     8.863636364E+00     1.472727273E+01     1.518181818E+02
      848     9.545454545E+00     1.309090909E+01     1.527272727E+02
      849     1.022727273E+01     1.145454545E+01     1.536363636E+02
      850     1.090909091E+01     9.818181818E+00     1.545454545E+02
      851     1.159090909E+01     8.181818182E+00     1.554545455E+02
      852     1.227272727E+01     6.545454545E+00     1.563636364E+02
      853     1.295454545E+01     4.909090909E+00     1.572727273E+02
      854     1.363636364E+01     3.272727273E+00     1.581818182E+02
      855     1.431818182E+01     1.636363636E+00     1.590909091E+02
      856     1.431818182E+01     1.636363636E+00     1.409090909E+02
      857     1.363636364E+01     3.272727273E+00     1.418181818E+02
      858     1.295454545E+01     4.909090909E+00     1.427272727E+02
      859     1.227272727E+01     6.545454545E+00     1.436363636E+02
      860     1.159090909E+01     8.181818182E+00     1.445454545E+02
      861     1.090909091E+01     9.818181818E+00     1.454545455E+02
      862     1.022727273E+01     1.145454545E+01     1.463636364E+02
      863     9.545454545E+00     1.309090909E+01     1.472727273E+02
      864     8.863636364E+00     1.472727273E+01     1.481818182E+02
      865     8.181818182E+00     1.636363636E+01     1.490909091E+02
      866     8.181818182E+00     1.636363636E+01     1.309090909E+02
      867     8.863636364E+00     1.472727273E+01     1.318181818E+02
      868     9.545454545E+00     1.309090909E+01     1.327272727E+02
      869     1.022727273E+01     1.145454545E+01     1.336363636E+02
      870     1.090909091E+01     9.818181818E+00     1.345454545E+02
      871     1.159090909E+01     8.181818182E+00     1.354545455E+02
      872     1.227272727E+01     6.545454545E+00     1.363636364E+02
      873     1.295454545E+01     4.909090909E+00     1.372727273E+02
      874     1.363636364E+01     3.272727273E+00     1.381818182E+02
      875     1.431818182E+01     1.636363636E+00     1.390909091E+02
      876     1.431818182E+01     1.636363636E+00     1.209090909E+02
      877     1.363636364E+01     3.272727273E+00     1.218181818E+02
      878     1.295454545E+01     4.909090909E+00     1.227272727E+02
      879     1.227272727E+01     6.545454545E+00     1.236363636E+02
      880     1.159090909E+01     8.181818182E+00     1.245454545E+02
      881     1.090909091E+01     9.818181818E+00     1.254545455E+02
      882     1.022727273E+01     1.145454545E+01     1.263636364E+02
      883     9.545454545E+00     1.309090909E+01     1.272727273E+02
      884     8.863636364E+00     1.472727273E+01     1.281818182E+02
      885     8.181818182E+00     1.636363636E+01     1.290909091E+02
      886     8.181818182E+00     1.636363636E+01     1.109090909E+02
      887     8.863636364E+00     1.472727273E+01     1.118181818E+02
      888     9.545454545E+00     1.309090909E+01     1.127272727E+02
      889     1.022727273E+01     1.145454545E+01     1.136363636E+02
      890     1.090909091E+01     9.818181818E+00     1.145454545E+02
      891     1.159090909E+01     8.181818182E+00     1.154545455E+02
      892     1.227272727E+01     6.545454545E+00     1.163636364E+02
      893     1.295454545E+01     4.909090909E+00     1.172727273E+02
      894     1.363636364E+01     3.272727273E+00     1.181818182E+02
      895     1.431818182E+01     1.636363636E+00     1.190909091E+02
      896     1.431818182E+01     1.636363636E+00     1.009090909E+02
      897     1.363636364E+01     3.272727273E+00     1.018181818E+02
      898     1.295454545E+01     4.909090909E+00     1.027272727E+02
      899     1.227272727E+01     6.545454545E+00     1.036363636E+02
      900     1.159090909E+01     8.181818182E+00     1.045454545E+02
      901     1.090909091E+01     9.818181818E+00     1.054545455E+02
      902     1.022727273E+01     1.145454545E+01     1.063636364E+02
      903     9.545454545E+00     1.309090909E+01     1.072727273E+02
      904     8.863636364E+00     1.472727273E+01     1.081818182E+02
      905     8.181818182E+00     1.636363636E+01     1.090909091E+02
      906     8.181818182E+00     1.636363636E+01     9.090909091E+01
      907     8.863636364E+00     1.472727273E+01     9.181818182E+01
      908     9.545454545E+00     1.309090909E+01     9.272727273E+01
      909     1.022727273E+01     1.145454545E+01     9.363636364E+01
      910     1.090909091E+01     9.818181818E+00     9.454545455E+01
      911     1.159090909E+01     8.181818182E+00     9.545454545E+01
      912     1.227272727E+01     6.545454545E+00     9.636363636E+01
      913     1.295454545E+01     4.909090909E+00     9.727272727E+01
      914     1.363636364E+01     3.272727273E+00     9.818181818E+01
      915     1.431818182E+01     1.636363636E+00     9.909090909E+01
      916     1.431818182E+01     1.636363636E+00     8.090909091E+01
      917     1.363636364E+01     3.272727273E+00     8.181818182E+01
      918     1.295454545E+01     4.909090909E+00     8.272727273E+01
      919     1.227272727E+01     6.545454545E+00     8.363636364E+01
      920     1.159090909E+01     8.181818182E+00     8.454545455E+01
      921     1.090909091E+01     9.818181818E+00     8.545454545E+01
      922     1.022727273E+01     1.145454545E+01     8.636363636E+01
      923     9.545454545E+00     1.309090909E+01     8.727272727E+01
      924     8.863636364E+00     1.472727273E+01     8.818181818E+01
      925     8.181818182E+00     1.636363636E+01     8.909090909E+01
      926     8.181818182E+00     1.636363636E+01     7.090909091E+01
      927     8.863636364E+00     1.472727273E+01     7.181818182E+01
      928     9.545454545E+00     1.309090909E+01     7.272727273E+01
      929     1.022727273E+01     1.145454545E+01     7.363636364E+01
      930     1.090909091E+01     9.818181818E+00     7.454545455E+01
      931     1.159090909E+01     8.181818182E+00     7.545454545E+01
      932     1.227272727E+01     6.545454545E+00     7.636363636E+01
      933     1.295454545E+01     4.909090909E+00     7.727272727E+01
      934     1.363636364E+01     3.272727273E+00     7.818181818E+01
      935     1.431818182E+01     1.636363636E+00     7.909090909E+01
      936     1.431818182E+01     1.636363636E+00     6.090909091E+01
      937     1.363636364E+01     3.272727273E+00     6.181818182E+01
      938     1.295454545E+01     4.909090909E+00     6.272727273E+01
      939     1.227272727E+01     6.545454545E+00     6.363636364E+01
      940     1.159090909E+01     8.181818182E+00     6.454545455E+01
      941     1.090909091E+01     9.818181818E+00     6.545454545E+01
      942     1.022727273E+01     1.145454545E+01     6.636363636E+01
      943     9.545454545E+00     1.309090909E+01     6.727272727E+01
      944     8.863636364E+00     1.472727273E+01     6.818181818E+01
      945     8.181818182E+00     1.636363636E+01     6.909090909E+01
      946     6.979166667E+00     1.650000000E+01     5.083333333E+01
      947     7.708333333E+00     1.500000000E+01     5.166666667E+01
      948     8.437500000E+00     1.350000000E+01     5.250000000E+01
      949     9.166666667E+00     1.200000000E+01     5.333333333E+01
      950     9.895833333E+00     1.050000000E+01     5.416666667E+01
      951     1.062500000E+01     9.000000000E+00     5.500000000E+01
      952     1.135416667E+01     7.500000000E+00     5.583333333E+01
      953     1.208333333E+01     6.000000000E+00     5.666666667E+01
      954     1.281250000E+01     4.500000000E+00     5.750000000E+01
      955     1.354166667E+01     3.000000000E+00     5.833333333E+01
      956     1.427083333E+01     1.500000000E+00     5.916666667E+01
      957     1.431818182E+01     1.636363636E+00     1.790909091E+02
      958     1.363636364E+01     3.272727273E+00     1.781818182E+02
      959     1.295454545E+01     4.909090909E+00     1.772727273E+02
      960     1.227272727E+01     6.545454545E+00     1.763636364E+02
      961     1.159090909E+01     8.181818182E+00     1.754545455E+02
      962     1.090909091E+01     9.818181818E+00     1.745454545E+02
      963     1.022727273E+01     1.145454545E+01     1.736363636E+02
      964     9.545454545E+00     1.309090909E+01     1.727272727E+02
      965     8.863636364E+00     1.472727273E+01     1.718181818E+02
      966     8.181818182E+00     1.636363636E+01     1.709090909E+02
      967     1.425000000E+01     1.500000000E+00     2.010000000E+02
      968     1.350000000E+01     3.000000000E+00     2.020000000E+02
      969     1.275000000E+01     4.500000000E+00     2.030000000E+02
      970     1.200000000E+01     6.000000000E+00     2.040000000E+02
      971     1.125000000E+01     7.500000000E+00     2.050000000E+02
      972     1.050000000E+01     9.000000000E+00     2.060000000E+02
      973     9.750000000E+00     1.050000000E+01     2.070000000E+02
      974     9.000000000E+00     1.200000000E+01     2.080000000E+02
      975     8.250000000E+00     1.350000000E+01     2.090000000E+02
      976     8.181818182E+00     1.636363636E+01     1.909090909E+02
      977     8.863636364E+00     1.472727273E+01     1.918181818E+02
      978     9.545454545E+00     1.309090909E+01     1.927272727E+02
      979     1.022727273E+01     1.145454545E+01     1.936363636E+02
      980     1.090909091E+01     9.818181818E+00     1.945454545E+02
      981     1.159090909E+01     8.181818182E+00     1.954545455E+02
      982     1.227272727E+01     6.545454545E+00     1.963636364E+02
      983     1.295454545E+01     4.909090909E+00     1.972727273E+02
      984     1.363636364E+01     3.272727273E+00     1.981818182E+02
      985     1.431818182E+01     1.636363636E+00     1.990909091E+02
      986     1.431818182E+01     1.636363636E+00     1.809090909E+02
      987     1.363636364E+01     3.272727273E+00     1.818181818E+02
      988     1.295454545E+01     4.909090909E+00     1.827272727E+02
      989     1.227272727E+01     6.545454545E+00     1.836363636E+02
      990     1.159090909E+01     8.181818182E+00     1.845454545E+02
      991     1.090909091E+01     9.818181818E+00     1.854545455E+02
      992     1.022727273E+01     1.145454545E+01     1.863636364E+02
      993     9.545454545E+00     1.309090909E+01     1.872727273E+02
      994     8.863636364E+00     1.472727273E+01     1.881818182E+02
      995     8.181818182E+00     1.636363636E+01     1.890909091E+02
      996     8.333333333E+00     1.066666667E+01     2.288888889E+02
      997     9.166666667E+00     9.333333333E+00     2.277777778E+02
      998     1.000000000E+01     8.000000000E+00     2.266666667E+02
      999     1.083333333E+01     6.666666667E+00     2.255555556E+02
     1000     1.166666667E+01     5.333333333E+00     2.244444444E+02
     1001     1.250000000E+01     4.000000000E+00     2.233333333E+02
     1002     1.333333333E+01     2.666666667E+00     2.222222222E+02
     1003     1.416666667E+01     1.333333333E+00     2.211111111E+02
     1004     8.250000000E+00     1.350000000E+01     2.110000000E+02
     1005     9.000000000E+00     1.200000000E+01     2.120000000E+02
     1006     9.750000000E+00     1.050000000E+01     2.130000000E+02
     1007     1.050000000E+01     9.000000000E+00     2.140000000E+02
     1008     1.125000000E+01     7.500000000E+00     2.150000000E+02
     1009     1.200000000E+01     6.000000000E+00     2.160000000E+02
     1010     1.275000000E+01     4.500000000E+00     2.170000000E+02
     1011     1.350000000E+01     3.000000000E+00     2.180000000E+02
     1012     1.425000000E+01     1.500000000E+00     2.190000000E+02
     1013     8.333333333E+00     1.066666667E+01     2.311111111E+02
     1014     9.166666667E+00     9.333333333E+00     2.322222222E+02
     1015     1.000000000E+01     8.000000000E+00     2.333333333E+02
     1016     1.083333333E+01     6.666666667E+00     2.344444444E+02
     1017     1.166666667E+01     5.333333333E+00     2.355555556E+02
     1018     1.250000000E+01     4.000000000E+00     2.366666667E+02
     1019     1.333333333E+01     2.666666667E+00     2.377777778E+02
     1020     1.416666667E+01     1.333333333E+00     2.388888889E+02
     1021     1.875000000E+00    -2.000000000E-15     2.400000000E+02
     1022     3.750000000E+00    -2.000000000E-15     2.400000000E+02
     1023     5.625000000E+00    -2.000000000E-15     2.400000000E+02
     1024     7.500000000E+00    -2.000000000E-15     2.400000000E+02
     1025     9.375000000E+00    -2.000000000E-15     2.400000000E+02
     1026     1.125000000E+01    -2.000000000E-15     2.400000000E+02
     1027     1.312500000E+01    -2.000000000E-15     2.400000000E+02
     1028     6.428571429E+00     9.000000000E+00     2.400000000E+02
     1029     5.357142857E+00     7.500000000E+00     2.400000000E+02
     1030     4.285714286E+00     6.000000000E+00     2.400000000E+02
     1031     3.214285714E+00     4.500000000E+00     2.400000000E+02
     1032     2.142857143E+00     3.000000000E+00     2.400000000E+02
     1033     1.071428571E+00     1.500000000E+00     2.400000000E+02
     1034     8.571428571E+00     9.000000000E+00     2.400000000E+02
     1035     9.642857143E+00     7.500000000E+00     2.400000000E+02
     1036     1.071428571E+01     6.000000000E+00     2.400000000E+02
     1037     1.178571429E+01     4.500000000E+00     2.400000000E+02
     1038     1.285714286E+01     3.000000000E+00     2.400000000E+02
     1039     1.392857143E+01     1.500000000E+00     2.400000000E+02
     1040    -1.590909091E+00     0.000000000E+00     1.363636364E+00
     1041    -1.136363636E+00     0.000000000E+00     3.181818182E+00
     1042    -6.818181818E-01     0.000000000E+00     5.000000000E+00
     1043    -2.272727273E-01     0.000000000E+00     6.818181818E+00
     1044     2.272727273E-01     0.000000000E+00     8.636363636E+00
     1045     6.818181818E-01     0.000000000E+00     1.045454545E+01
     1046     1.136363636E+00     0.000000000E+00     1.227272727E+01
     1047     1.590909091E+00     0.000000000E+00     1.409090909E+01
     1048     2.045454545E+00     0.000000000E+00     1.590909091E+01
     1049     2.500000000E+00     0.000000000E+00     1.772727273E+01
     1050     2.954545455E+00     0.000000000E+00     1.954545455E+01
     1051     3.409090909E+00     0.000000000E+00     2.136363636E+01
     1052     3.863636364E+00     0.000000000E+00     2.318181818E+01
     1053     4.318181818E+00     0.000000000E+00     2.500000000E+01
     1054     4.772727273E+00     0.000000000E+00     2.681818182E+01
     1055     5.227272727E+00     0.000000000E+00     2.863636364E+01
     1056     5.681818182E+00     0.000000000E+00     3.045454545E+01
     1057     6.136363636E+00     0.000000000E+00     3.227272727E+01
     1058     6.590909091E+00     0.000000000E+00     3.409090909E+01
     1059     7.045454545E+00     0.000000000E+00     3.590909091E+01
     1060     7.500000000E+00     0.000000000E+00     3.772727273E+01
     1061     7.954545455E+00     0.000000000E+00     3.954545455E+01
     1062     8.409090909E+00     0.000000000E+00     4.136363636E+01
     1063     8.863636364E+00     0.000000000E+00     4.318181818E+01
     1064     9.318181818E+00     0.000000000E+00     4.500000000E+01
     1065     9.772727273E+00     0.000000000E+00     4.681818182E+01
     1066     1.022727273E+01     0.000000000E+00     4.863636364E+01
     1067     1.068181818E+01     0.000000000E+00     5.045454545E+01
     1068     1.113636364E+01     0.000000000E+00     5.227272727E+01
     1069     1.159090909E+01     0.000000000E+00     5.409090909E+01
     1070     1.204545455E+01     0.000000000E+00     5.590909091E+01
     1071     1.250000000E+01     0.000000000E+00     5.772727273E+01
     1072     1.295454545E+01     0.000000000E+00     5.954545455E+01
     1073     1.500000000E+01     2.000000000E+00     1.410000000E+02
     1074     1.500000000E+01     2.000000000E+00     1.430000000E+02
     1075     1.500000000E+01     2.000000000E+00     1.450000000E+02
     1076     1.500000000E+01     2.000000000E+00     1.470000000E+02
     1077     1.500000000E+01     2.000000000E+00     1.490000000E+02
     1078     1.500000000E+01     2.000000000E+00     1.510000000E+02
     1079     1.500000000E+01     2.000000000E+00     1.530000000E+02
     1080     1.500000000E+01     2.000000000E+00     1.550000000E+02
     1081     1.500000000E+01     2.000000000E+00     1.570000000E+02
     1082     1.500000000E+01     2.000000000E+00     1.590000000E+02
     1083     1.500000000E+01     2.000000000E+00     1.210000000E+02
     1084     1.500000000E+01     2.000000000E+00     1.230000000E+02
     1085     1.500000000E+01     2.000000000E+00     1.250000000E+02
     1086     1.500000000E+01     2.000000000E+00     1.270000000E+02
     1087     1.500000000E+01     2.000000000E+00     1.290000000E+02
     1088     1.500000000E+01     2.000000000E+00     1.310000000E+02
     1089     1.500000000E+01     2.000000000E+00     1.330000000E+02
     1090     1.500000000E+01     2.000000000E+00     1.350000000E+02
     1091     1.500000000E+01     2.000000000E+00     1.370000000E+02
     1092     1.500000000E+01     2.000000000E+00     1.390000000E+02
     1093     1.500000000E+01     2.000000000E+00     1.010000000E+02
     1094     1.500000000E+01     2.000000000E+00     1.030000000E+02
     1095     1.500000000E+01     2.000000000E+00     1.050000000E+02
     1096     1.500000000E+01     2.000000000E+00     1.070000000E+02
     1097     1.500000000E+01     2.000000000E+00     1.090000000E+02
     1098     1.500000000E+01     2.000000000E+00     1.110000000E+02
     1099     1.500000000E+01     2.000000000E+00     1.130000000E+02
     1100     1.500000000E+01     2.000000000E+00     1.150000000E+02
     1101     1.500000000E+01     2.000000000E+00     1.170000000E+02
     1102     1.500000000E+01     2.000000000E+00     1.190000000E+02
     1103     1.500000000E+01     2.000000000E+00     9.900000000E+01
     1104     1.500000000E+01     2.000000000E+00     9.700000000E+01
     1105     1.500000000E+01     2.000000000E+00     9.500000000E+01
     1106     1.500000000E+01     2.000000000E+00     9.300000000E+01
     1107     1.500000000E+01     2.000000000E+00     9.100000000E+01
     1108     1.500000000E+01     2.000000000E+00     8.900000000E+01
     1109     1.500000000E+01     2.000000000E+00     8.700000000E+01
     1110     1.500000000E+01     2.000000000E+00     8.500000000E+01
     1111     1.500000000E+01     2.000000000E+00     8.300000000E+01
     1112     1.500000000E+01     2.000000000E+00     8.100000000E+01
     1113     1.500000000E+01     2.000000000E+00     6.100000000E+01
     1114     1.500000000E+01     2.000000000E+00     6.300000000E+01
     1115     1.500000000E+01     2.000000000E+00     6.500000000E+01
     1116     1.500000000E+01     2.000000000E+00     6.700000000E+01
     1117     1.500000000E+01     2.000000000E+00     6.900000000E+01
     1118     1.500000000E+01     2.000000000E+00     7.100000000E+01
     1119     1.500000000E+01     2.000000000E+00     7.300000000E+01
     1120     1.500000000E+01     2.000000000E+00     7.500000000E+01
     1121     1.500000000E+01     2.000000000E+00     7.700000000E+01
     1122     1.500000000E+01     2.000000000E+00     7.900000000E+01
     1123     1.500000000E+01     2.000000000E+00     1.610000000E+02
     1124     1.500000000E+01     2.000000000E+00     1.630000000E+02
     1125     1.500000000E+01     2.000000000E+00     1.650000000E+02
     1126     1.500000000E+01     2.000000000E+00     1.670000000E+02
     1127     1.500000000E+01     2.000000000E+00     1.690000000E+02
     1128     1.500000000E+01     2.000000000E+00     1.710000000E+02
     1129     1.500000000E+01     2.000000000E+00     1.730000000E+02
     1130     1.500000000E+01     2.000000000E+00     1.750000000E+02
     1131     1.500000000E+01     2.000000000E+00     1.770000000E+02
     1132     1.500000000E+01     2.000000000E+00     1.790000000E+02
     1133     1.500000000E+01     2.000000000E+00     1.810000000E+02
     1134     1.500000000E+01     2.000000000E+00     1.830000000E+02
     1135     1.500000000E+01     2.000000000E+00     1.850000000E+02
     1136     1.500000000E+01     2.000000000E+00     1.870000000E+02
     1137     1.500000000E+01     2.000000000E+00     1.890000000E+02
     1138     1.500000000E+01     2.000000000E+00     1.910000000E+02
     1139     1.500000000E+01     2.000000000E+00     1.930000000E+02
     1140     1.500000000E+01     2.000000000E+00     1.950000000E+02
     1141     1.500000000E+01     2.000000000E+00     1.970000000E+02
     1142     1.500000000E+01     2.000000000E+00     1.990000000E+02
     1143     1.500000000E+01     2.000000000E+00     2.010000000E+02
     1144     1.500000000E+01     2.000000000E+00     2.030000000E+02
     1145     1.500000000E+01     2.000000000E+00     2.050000000E+02
     1146     1.500000000E+01     2.000000000E+00     2.070000000E+02
     1147     1.500000000E+01     2.000000000E+00     2.090000000E+02
     1148     1.500000000E+01     2.000000000E+00     2.110000000E+02
     1149     1.500000000E+01     2.000000000E+00     2.130000000E+02
     1150     1.500000000E+01     2.000000000E+00     2.150000000E+02
     1151     1.500000000E+01     2.000000000E+00     2.170000000E+02
     1152     1.500000000E+01     2.000000000E+00     2.190000000E+02
     1153     1.500000000E+01     2.000000000E+00     2.210000000E+02
     1154     1.500000000E+01     2.000000000E+00     2.230000000E+02
     1155     1.500000000E+01     2.000000000E+00     2.250000000E+02
     1156     1.500000000E+01     2.000000000E+00     2.270000000E+02
     1157     1.500000000E+01     2.000000000E+00     2.290000000E+02
     1158     1.500000000E+01     2.000000000E+00     2.310000000E+02
     1159     1.500000000E+01     2.000000000E+00     2.330000000E+02
     1160     1.500000000E+01     2.000000000E+00     2.350000000E+02
     1161     1.500000000E+01     2.000000000E+00     2.370000000E+02
     1162     1.500000000E+01     2.000000000E+00     2.390000000E+02
     1163     0.000000000E+00     2.000000000E+00     1.000000000E+00
     1164     0.000000000E+00     2.000000000E+00     3.000000000E+00
     1165     0.000000000E+00     2.000000000E+00     5.000000000E+00
     1166     0.000000000E+00     2.000000000E+00     7.000000000E+00
     1167     0.000000000E+00     2.000000000E+00     9.000000000E+00
     1168     0.000000000E+00     2.000000000E+00     1.100000000E+01
     1169     0.000000000E+00     2.000000000E+00     1.300000000E+01
     1170     0.000000000E+00     2.000000000E+00     1.500000000E+01
     1171     0.000000000E+00     2.000000000E+00     1.700000000E+01
     1172     0.000000000E+00     2.000000000E+00     1.900000000E+01
     1173     0.000000000E+00     2.000000000E+00     2.100000000E+01
     1174     0.000000000E+00     2.000000000E+00     2.300000000E+01
     1175     0.000000000E+00     2.000000000E+00     2.500000000E+01
     1176     0.000000000E+00     2.000000000E+00     2.700000000E+01
     1177     0.000000000E+00     2.000000000E+00     2.900000000E+01
     1178     0.000000000E+00     2.000000000E+00     3.100000000E+01
     1179     0.000000000E+00     2.000000000E+00     3.300000000E+01
     1180     0.000000000E+00     2.000000000E+00     3.500000000E+01
     1181     0.000000000E+00     2.000000000E+00     3.700000000E+01
     1182     0.000000000E+00     2.000000000E+00     3.900000000E+01
     1183    -3.800000000E-15     2.000000000E+00     5.900000000E+01
     1184    -3.400000000E-15     2.000000000E+00     5.700000000E+01
     1185    -3.000000000E-15     2.000000000E+00     5.500000000E+01
     1186    -2.600000000E-15     2.000000000E+00     5.300000000E+01
     1187    -2.200000000E-15     2.000000000E+00     5.100000000E+01
     1188    -1.800000000E-15     2.000000000E+00     4.900000000E+01
     1189    -1.400000000E-15     2.000000000E+00     4.700000000E+01
     1190    -1.000000000E-15     2.000000000E+00     4.500000000E+01
     1191    -6.000000000E-16     2.000000000E+00     4.300000000E+01
     1192    -2.000000000E-16     2.000000000E+00     4.100000000E+01
     1193     3.000000000E-15     2.000000000E+00     1.410000000E+02
     1194     3.000000000E-15     2.000000000E+00     1.430000000E+02
     1195     3.000000000E-15     2.000000000E+00     1.450000000E+02
     1196     3.000000000E-15     2.000000000E+00     1.470000000E+02
     1197     3.000000000E-15     2.000000000E+00     1.490000000E+02
     1198     3.000000000E-15     2.000000000E+00     1.510000000E+02
     1199     3.000000000E-15     2.000000000E+00     1.530000000E+02
     1200     3.000000000E-15     2.000000000E+00     1.550000000E+02
     1201     3.000000000E-15     2.000000000E+00     1.570000000E+02
     1202     3.000000000E-15     2.000000000E+00     1.590000000E+02
     1203     3.000000000E-15     2.000000000E+00     1.210000000E+02
     1204     3.000000000E-15     2.000000000E+00     1.230000000E+02
     1205     3.000000000E-15     2.000000000E+00     1.250000000E+02
     1206     3.000000000E-15     2.000000000E+00     1.270000000E+02
     1207     3.000000000E-15     2.000000000E+00     1.290000000E+02
     1208     3.000000000E-15     2.000000000E+00     1.310000000E+02
     1209     3.000000000E-15     2.000000000E+00     1.330000000E+02
     1210     3.000000000E-15     2.000000000E+00     1.350000000E+02
     1211     3.000000000E-15     2.000000000E+00     1.370000000E+02
     1212     3.000000000E-15     2.000000000E+00     1.390000000E+02
     1213     3.000000000E-15     2.000000000E+00     1.010000000E+02
     1214     3.000000000E-15     2.000000000E+00     1.030000000E+02
     1215     3.000000000E-15     2.000000000E+00     1.050000000E+02
     1216     3.000000000E-15     2.000000000E+00     1.070000000E+02
     1217     3.000000000E-15     2.000000000E+00     1.090000000E+02
     1218     3.000000000E-15     2.000000000E+00     1.110000000E+02
     1219     3.000000000E-15     2.000000000E+00     1.130000000E+02
     1220     3.000000000E-15     2.000000000E+00     1.150000000E+02
     1221     3.000000000E-15     2.000000000E+00     1.170000000E+02
     1222     3.000000000E-15     2.000000000E+00     1.190000000E+02
     1223     3.000000000E-15     2.000000000E+00     8.100000000E+01
     1224     3.000000000E-15     2.000000000E+00     8.300000000E+01
     1225     3.000000000E-15     2.000000000E+00     8.500000000E+01
     1226     3.000000000E-15     2.000000000E+00     8.700000000E+01
     1227     3.000000000E-15     2.000000000E+00     8.900000000E+01
     1228     3.000000000E-15     2.000000000E+00     9.100000000E+01
     1229     3.000000000E-15     2.000000000E+00     9.300000000E+01
     1230     3.000000000E-15     2.000000000E+00     9.500000000E+01
     1231     3.000000000E-15     2.000000000E+00     9.700000000E+01
     1232     3.000000000E-15     2.000000000E+00     9.900000000E+01
     1233    -3.650000000E-15     2.000000000E+00     6.100000000E+01
     1234    -2.950000000E-15     2.000000000E+00     6.300000000E+01
     1235    -2.250000000E-15     2.000000000E+00     6.500000000E+01
     1236    -1.550000000E-15     2.000000000E+00     6.700000000E+01
     1237    -8.500000000E-16     2.000000000E+00     6.900000000E+01
     1238    -1.500000000E-16     2.000000000E+00     7.100000000E+01
     1239     5.500000000E-16     2.000000000E+00     7.300000000E+01
     1240     1.250000000E-15     2.000000000E+00     7.500000000E+01
     1241     1.950000000E-15     2.000000000E+00     7.700000000E+01
     1242     2.650000000E-15     2.000000000E+00     7.900000000E+01
     1243     2.900000000E-15     2.000000000E+00     1.610000000E+02
     1244     2.700000000E-15     2.000000000E+00     1.630000000E+02
     1245     2.500000000E-15     2.000000000E+00     1.650000000E+02
     1246     2.300000000E-15     2.000000000E+00     1.670000000E+02
     1247     2.100000000E-15     2.000000000E+00     1.690000000E+02
     1248     1.900000000E-15     2.000000000E+00     1.710000000E+02
     1249     1.700000000E-15     2.000000000E+00     1.730000000E+02
     1250     1.500000000E-15     2.000000000E+00     1.750000000E+02
     1251     1.300000000E-15     2.000000000E+00     1.770000000E+02
     1252     1.100000000E-15     2.000000000E+00     1.790000000E+02
     1253     1.100000000E-15     2.000000000E+00     1.810000000E+02
     1254     1.300000000E-15     2.000000000E+00     1.830000000E+02
     1255     1.500000000E-15     2.000000000E+00     1.850000000E+02
     1256     1.700000000E-15     2.000000000E+00     1.870000000E+02
     1257     1.900000000E-15     2.000000000E+00     1.890000000E+02
     1258     2.100000000E-15     2.000000000E+00     1.910000000E+02
     1259     2.300000000E-15     2.000000000E+00     1.930000000E+02
     1260     2.500000000E-15     2.000000000E+00     1.950000000E+02
     1261     2.700000000E-15     2.000000000E+00     1.970000000E+02
     1262     2.900000000E-15     2.000000000E+00     1.990000000E+02
     1263     2.800000000E-15     2.000000000E+00     2.010000000E+02
     1264     2.400000000E-15     2.000000000E+00     2.030000000E+02
     1265     2.000000000E-15     2.000000000E+00     2.050000000E+02
     1266     1.600000000E-15     2.000000000E+00     2.070000000E+02
     1267     1.200000000E-15     2.000000000E+00     2.090000000E+02
     1268     8.000000000E-16     2.000000000E+00     2.110000000E+02
     1269     4.000000000E-16     2.000000000E+00     2.130000000E+02
     1270    -7.642090019E-31     2.000000000E+00     2.150000000E+02
     1271    -4.000000000E-16     2.000000000E+00     2.170000000E+02
     1272    -8.000000000E-16     2.000000000E+00     2.190000000E+02
     1273    -1.050000000E-15     2.000000000E+00     2.210000000E+02
     1274    -1.150000000E-15     2.000000000E+00     2.230000000E+02
     1275    -1.250000000E-15     2.000000000E+00     2.250000000E+02
     1276    -1.350000000E-15     2.000000000E+00     2.270000000E+02
     1277    -1.450000000E-15     2.000000000E+00     2.290000000E+02
     1278    -1.550000000E-15     2.000000000E+00     2.310000000E+02
     1279    -1.650000000E-15     2.000000000E+00     2.330000000E+02
     1280    -1.750000000E-15     2.000000000E+00     2.350000000E+02
     1281    -1.850000000E-15     2.000000000E+00     2.370000000E+02
     1282    -1.950000000E-15     2.000000000E+00     2.390000000E+02
     1283     2.115384615E+00    -2.000000000E-15     2.403846154E+02
     1284     3.269230769E+00    -2.000000000E-15     2.388461538E+02
     1285     4.423076923E+00    -2.000000000E-15     2.373076923E+02
     1286     5.576923077E+00    -2.000000000E-15     2.357692308E+02
     1287     6.730769231E+00    -2.000000000E-15     2.342307692E+02
     1288     7.884615385E+00    -2.000000000E-15     2.326923077E+02
     1289     9.038461538E+00    -2.000000000E-15     2.311538462E+02
     1290     1.019230769E+01    -2.000000000E-15     2.296153846E+02
     1291     1.134615385E+01    -2.000000000E-15     2.280769231E+02
     1292     1.250000000E+01    -2.000000000E-15     2.265384615E+02
     1293     1.365384615E+01    -2.000000000E-15     2.250000000E+02
     1294     1.480769231E+01    -2.000000000E-15     2.234615385E+02
     1295     1.596153846E+01    -2.000000000E-15     2.219230769E+02
     1296     9.375000000E-01    -2.000000000E-15     2.218750000E+02
     1297     2.812500000E+00    -2.000000000E-15     2.218750000E+02
     1298     4.687500000E+00    -2.000000000E-15     2.218750000E+02
     1299     6.562500000E+00    -2.000000000E-15     2.218750000E+02
     1300     8.437500000E+00    -2.000000000E-15     2.218750000E+02
     1301     1.031250000E+01    -2.000000000E-15     2.218750000E+02
     1302     1.218750000E+01    -2.000000000E-15     2.218750000E+02
     1303     1.406250000E+01    -2.000000000E-15     2.218750000E+02
     1304     2.115384615E+00    -1.769230769E-15     2.203846154E+02
     1305     3.269230769E+00    -1.307692308E-15     2.188461538E+02
     1306     4.423076923E+00    -8.461538462E-16     2.173076923E+02
     1307     5.576923077E+00    -3.846153846E-16     2.157692308E+02
     1308     6.730769231E+00     7.692307692E-17     2.142307692E+02
     1309     7.884615385E+00     5.384615385E-16     2.126923077E+02
     1310     9.038461538E+00     1.000000000E-15     2.111538462E+02
     1311     1.019230769E+01     1.461538462E-15     2.096153846E+02
     1312     1.134615385E+01     1.923076923E-15     2.080769231E+02
     1313     1.250000000E+01     2.384615385E-15     2.065384615E+02
     1314     1.365384615E+01     2.846153846E-15     2.050000000E+02
     1315     1.480769231E+01     3.307692308E-15     2.034615385E+02
     1316     1.596153846E+01     3.769230769E-15     2.019230769E+02
     1317     1.406250000E+01     4.000000000E-15     2.018750000E+02
     1318     1.218750000E+01     4.000000000E-15     2.018750000E+02
     1319     1.031250000E+01     4.000000000E-15     2.018750000E+02
     1320     8.437500000E+00     4.000000000E-15     2.018750000E+02
     1321     6.562500000E+00     4.000000000E-15     2.018750000E+02
     1322     4.687500000E+00     4.000000000E-15     2.018750000E+02
     1323     2.812500000E+00     4.000000000E-15     2.018750000E+02
     1324     9.375000000E-01     4.000000000E-15     2.018750000E+02
     1325     2.115384615E+00     3.846153846E-15     2.003846154E+02
     1326     3.269230769E+00     3.538461538E-15     1.988461538E+02
     1327     4.423076923E+00     3.230769231E-15     1.973076923E+02
     1328     5.576923077E+00     2.923076923E-15     1.957692308E+02
     1329     6.730769231E+00     2.615384615E-15     1.942307692E+02
     1330     7.884615385E+00     2.307692308E-15     1.926923077E+02
     1331     9.038461538E+00     2.000000000E-15     1.911538462E+02
     1332     1.019230769E+01     1.692307692E-15     1.896153846E+02
     1333     1.134615385E+01     1.384615385E-15     1.880769231E+02
     1334     1.250000000E+01     1.076923077E-15     1.865384615E+02
     1335     1.365384615E+01     7.692307692E-16     1.850000000E+02
     1336     1.480769231E+01     4.615384615E-16     1.834615385E+02
     1337     1.596153846E+01     1.538461538E-16     1.819230769E+02
     1338     9.375000000E-01     3.750000000E-15     1.818750000E+02
     1339     2.812500000E+00     3.250000000E-15     1.818750000E+02
     1340     4.687500000E+00     2.750000000E-15     1.818750000E+02
     1341     6.562500000E+00     2.250000000E-15     1.818750000E+02
     1342     8.437500000E+00     1.750000000E-15     1.818750000E+02
     1343     1.031250000E+01     1.250000000E-15     1.818750000E+02
     1344     1.218750000E+01     7.500000000E-16     1.818750000E+02
     1345     1.406250000E+01     2.500000000E-16     1.818750000E+02
     1346     2.115384615E+00     4.000000000E-15     1.803846154E+02
     1347     3.269230769E+00     4.000000000E-15     1.788461538E+02
     1348     4.423076923E+00     4.000000000E-15     1.773076923E+02
     1349     5.576923077E+00     4.000000000E-15     1.757692308E+02
     1350     6.730769231E+00     4.000000000E-15     1.742307692E+02
     1351     7.884615385E+00     4.000000000E-15     1.726923077E+02
     1352     9.038461538E+00     4.000000000E-15     1.711538462E+02
     1353     1.019230769E+01     4.000000000E-15     1.696153846E+02
     1354     1.134615385E+01     4.000000000E-15     1.680769231E+02
     1355     1.250000000E+01     4.000000000E-15     1.665384615E+02
     1356     1.365384615E+01     4.000000000E-15     1.650000000E+02
     1357     1.480769231E+01     4.000000000E-15     1.634615385E+02
     1358     1.596153846E+01     4.000000000E-15     1.619230769E+02
     1359     9.375000000E-01     4.000000000E-15     1.618750000E+02
     1360     2.812500000E+00     4.000000000E-15     1.618750000E+02
     1361     4.687500000E+00     4.000000000E-15     1.618750000E+02
     1362     6.562500000E+00     4.000000000E-15     1.618750000E+02
     1363     8.437500000E+00     4.000000000E-15     1.618750000E+02
     1364     1.031250000E+01     4.000000000E-15     1.618750000E+02
     1365     1.218750000E+01     4.000000000E-15     1.618750000E+02
     1366     1.406250000E+01     4.000000000E-15     1.618750000E+02
     1367     2.115384615E+00     4.000000000E-15     1.603846154E+02
     1368     3.269230769E+00     4.000000000E-15     1.588461538E+02
     1369     4.423076923E+00     4.000000000E-15     1.573076923E+02
     1370     5.576923077E+00     4.000000000E-15     1.557692308E+02
     1371     6.730769231E+00     4.000000000E-15     1.542307692E+02
     1372     7.884615385E+00     4.000000000E-15     1.526923077E+02
     1373     9.038461538E+00     4.000000000E-15     1.511538462E+02
     1374     1.019230769E+01     4.000000000E-15     1.496153846E+02
     1375     1.134615385E+01     4.000000000E-15     1.480769231E+02
     1376     1.250000000E+01     4.000000000E-15     1.465384615E+02
     1377     1.365384615E+01     4.000000000E-15     1.450000000E+02
     1378     1.480769231E+01     4.000000000E-15     1.434615385E+02
     1379     1.596153846E+01     4.000000000E-15     1.419230769E+02
     1380     1.406250000E+01     4.000000000E-15     1.418750000E+02
     1381     1.218750000E+01     4.000000000E-15     1.418750000E+02
     1382     1.031250000E+01     4.000000000E-15     1.418750000E+02
     1383     8.437500000E+00     4.000000000E-15     1.418750000E+02
     1384     6.562500000E+00     4.000000000E-15     1.418750000E+02
     1385     4.687500000E+00     4.000000000E-15     1.418750000E+02
     1386     2.812500000E+00     4.000000000E-15     1.418750000E+02
     1387     9.375000000E-01     4.000000000E-15     1.418750000E+02
     1388     2.115384615E+00     4.000000000E-15     1.403846154E+02
     1389     3.269230769E+00     4.000000000E-15     1.388461538E+02
     1390     4.423076923E+00     4.000000000E-15     1.373076923E+02
     1391     5.576923077E+00     4.000000000E-15     1.357692308E+02
     1392     6.730769231E+00     4.000000000E-15     1.342307692E+02
     1393     7.884615385E+00     4.000000000E-15     1.326923077E+02
     1394     9.038461538E+00     4.000000000E-15     1.311538462E+02
     1395     1.019230769E+01     4.000000000E-15     1.296153846E+02
     1396     1.134615385E+01     4.000000000E-15     1.280769231E+02
     1397     1.250000000E+01     4.000000000E-15     1.265384615E+02
     1398     1.365384615E+01     4.000000000E-15     1.250000000E+02
     1399     1.480769231E+01     4.000000000E-15     1.234615385E+02
     1400     1.596153846E+01     4.000000000E-15     1.219230769E+02
     1401     1.406250000E+01     4.000000000E-15     1.218750000E+02
     1402     1.218750000E+01     4.000000000E-15     1.218750000E+02
     1403     1.031250000E+01     4.000000000E-15     1.218750000E+02
     1404     8.437500000E+00     4.000000000E-15     1.218750000E+02
     1405     6.562500000E+00     4.000000000E-15     1.218750000E+02
     1406     4.687500000E+00     4.000000000E-15     1.218750000E+02
     1407     2.812500000E+00     4.000000000E-15     1.218750000E+02
     1408     9.375000000E-01     4.000000000E-15     1.218750000E+02
     1409     2.115384615E+00     4.000000000E-15     1.203846154E+02
     1410     3.269230769E+00     4.000000000E-15     1.188461538E+02
     1411     4.423076923E+00     4.000000000E-15     1.173076923E+02
     1412     5.576923077E+00     4.000000000E-15     1.157692308E+02
     1413     6.730769231E+00     4.000000000E-15     1.142307692E+02
     1414     7.884615385E+00     4.000000000E-15     1.126923077E+02
     1415     9.038461538E+00     4.000000000E-15     1.111538462E+02
     1416     1.019230769E+01     4.000000000E-15     1.096153846E+02
     1417     1.134615385E+01     4.000000000E-15     1.080769231E+02
     1418     1.250000000E+01     4.000000000E-15     1.065384615E+02
     1419     1.365384615E+01     4.000000000E-15     1.050000000E+02
     1420     1.480769231E+01     4.000000000E-15     1.034615385E+02
     1421     1.596153846E+01     4.000000000E-15     1.019230769E+02
     1422     9.375000000E-01     4.000000000E-15     1.018750000E+02
     1423     2.812500000E+00     4.000000000E-15     1.018750000E+02
     1424     4.687500000E+00     4.000000000E-15     1.018750000E+02
     1425     6.562500000E+00     4.000000000E-15     1.018750000E+02
     1426     8.437500000E+00     4.000000000E-15     1.018750000E+02
     1427     1.031250000E+01     4.000000000E-15     1.018750000E+02
     1428     1.218750000E+01     4.000000000E-15     1.018750000E+02
     1429     1.406250000E+01     4.000000000E-15     1.018750000E+02
     1430     2.115384615E+00     4.000000000E-15     1.003846154E+02
     1431     3.269230769E+00     4.000000000E-15     9.884615385E+01
     1432     4.423076923E+00     4.000000000E-15     9.730769231E+01
     1433     5.576923077E+00     4.000000000E-15     9.576923077E+01
     1434     6.730769231E+00     4.000000000E-15     9.423076923E+01
     1435     7.884615385E+00     4.000000000E-15     9.269230769E+01
     1436     9.038461538E+00     4.000000000E-15     9.115384615E+01
     1437     1.019230769E+01     4.000000000E-15     8.961538462E+01
     1438     1.134615385E+01     4.000000000E-15     8.807692308E+01
     1439     1.250000000E+01     4.000000000E-15     8.653846154E+01
     1440     1.365384615E+01     4.000000000E-15     8.500000000E+01
     1441     1.480769231E+01     4.000000000E-15     8.346153846E+01
     1442     1.596153846E+01     4.000000000E-15     8.192307692E+01
     1443     1.406250000E+01     4.000000000E-15     8.187500000E+01
     1444     1.218750000E+01     4.000000000E-15     8.187500000E+01
     1445     1.031250000E+01     4.000000000E-15     8.187500000E+01
     1446     8.437500000E+00     4.000000000E-15     8.187500000E+01
     1447     6.562500000E+00     4.000000000E-15     8.187500000E+01
     1448     4.687500000E+00     4.000000000E-15     8.187500000E+01
     1449     2.812500000E+00     4.000000000E-15     8.187500000E+01
     1450     9.375000000E-01     4.000000000E-15     8.187500000E+01
     1451     2.115384615E+00     3.846153846E-15     8.038461538E+01
     1452     3.269230769E+00     3.538461538E-15     7.884615385E+01
     1453     4.423076923E+00     3.230769231E-15     7.730769231E+01
     1454     5.576923077E+00     2.923076923E-15     7.576923077E+01
     1455     6.730769231E+00     2.615384615E-15     7.423076923E+01
     1456     7.884615385E+00     2.307692308E-15     7.269230769E+01
     1457     9.038461538E+00     2.000000000E-15     7.115384615E+01
     1458     1.019230769E+01     1.692307692E-15     6.961538462E+01
     1459     1.134615385E+01     1.384615385E-15     6.807692308E+01
     1460     1.250000000E+01     1.076923077E-15     6.653846154E+01
     1461     1.365384615E+01     7.692307692E-16     6.500000000E+01
     1462     1.480769231E+01     4.615384615E-16     6.346153846E+01
     1463     1.596153846E+01     1.538461538E-16     6.192307692E+01
     1464     1.406250000E+01    -6.875000000E-16     6.187500000E+01
     1465     1.218750000E+01    -2.062500000E-15     6.187500000E+01
     1466     1.031250000E+01    -3.437500000E-15     6.187500000E+01
     1467     8.437500000E+00    -4.812500000E-15     6.187500000E+01
     1468     6.562500000E+00    -6.187500000E-15     6.187500000E+01
     1469     4.687500000E+00    -7.562500000E-15     6.187500000E+01
     1470     2.812500000E+00    -8.937500000E-15     6.187500000E+01
     1471     9.375000000E-01    -1.031250000E-14     6.187500000E+01
     1472     2.083333333E+00    -1.054166667E-14     6.000000000E+01
     1473     2.916666667E+00    -9.625000000E-15     5.833333333E+01
     1474     3.750000000E+00    -8.708333333E-15     5.666666667E+01
     1475     4.583333333E+00    -7.791666667E-15     5.500000000E+01
     1476     5.416666667E+00    -6.875000000E-15     5.333333333E+01
     1477     6.250000000E+00    -5.958333333E-15     5.166666667E+01
     1478     7.083333333E+00    -5.041666667E-15     5.000000000E+01
     1479     7.916666667E+00    -4.125000000E-15     4.833333333E+01
     1480     8.750000000E+00    -3.208333333E-15     4.666666667E+01
     1481     9.583333333E+00    -2.291666667E-15     4.500000000E+01
     1482     1.041666667E+01    -1.375000000E-15     4.333333333E+01
     1483     1.125000000E+01    -4.583333333E-16     4.166666667E+01
     1484     9.000000000E+00     0.000000000E+00     4.200000000E+01
     1485     7.000000000E+00     0.000000000E+00     4.200000000E+01
     1486     5.000000000E+00     0.000000000E+00     4.200000000E+01
     1487     3.000000000E+00     0.000000000E+00     4.200000000E+01
     1488     1.000000000E+00     0.000000000E+00     4.200000000E+01
     1489     2.045454545E+00     0.000000000E+00     3.954545455E+01
     1490     2.500000000E+00     0.000000000E+00     3.772727273E+01
     1491     2.954545455E+00     0.000000000E+00     3.590909091E+01
     1492     3.409090909E+00     0.000000000E+00     3.409090909E+01
     1493     3.863636364E+00     0.000000000E+00     3.227272727E+01
     1494     4.318181818E+00     0.000000000E+00     3.045454545E+01
     1495     4.772727273E+00     0.000000000E+00     2.863636364E+01
     1496     5.227272727E+00     0.000000000E+00     2.681818182E+01
     1497     5.681818182E+00     0.000000000E+00     2.500000000E+01
     1498     6.136363636E+00     0.000000000E+00     2.318181818E+01
     1499     6.590909091E+00     0.000000000E+00     2.136363636E+01
     1500     4.166666667E+00     0.000000000E+00     2.166666667E+01
     1501     2.500000000E+00     0.000000000E+00     2.166666667E+01
     1502     8.333333333E-01     0.000000000E+00     2.166666667E+01
     1503     7.500000000E+00     1.695454545E+01     2.093636364E+02
     1504     7.500000000E+00     1.722727273E+01     2.075454545E+02
     1505     7.500000000E+00     1.750000000E+01     2.057272727E+02
     1506     7.500000000E+00     1.777272727E+01     2.039090909E+02
     1507     7.500000000E+00     1.804545455E+01     2.020909091E+02
     1508     7.500000000E+00     1.831818182E+01     2.002727273E+02
     1509     7.500000000E+00     1.859090909E+01     1.984545455E+02
     1510     7.500000000E+00     1.886363636E+01     1.966363636E+02
     1511     7.500000000E+00     1.913636364E+01     1.948181818E+02
     1512     7.500000000E+00     1.940909091E+01     1.930000000E+02
     1513     7.500000000E+00     1.968181818E+01     1.911818182E+02
     1514     7.500000000E+00     1.395454545E+01     2.293636364E+02
     1515     7.500000000E+00     1.422727273E+01     2.275454545E+02
     1516     7.500000000E+00     1.450000000E+01     2.257272727E+02
     1517     7.500000000E+00     1.477272727E+01     2.239090909E+02
     1518     7.500000000E+00     1.504545455E+01     2.220909091E+02
     1519     7.500000000E+00     1.531818182E+01     2.202727273E+02
     1520     7.500000000E+00     1.559090909E+01     2.184545455E+02
     1521     7.500000000E+00     1.586363636E+01     2.166363636E+02
     1522     7.500000000E+00     1.613636364E+01     2.148181818E+02
     1523     7.500000000E+00     1.640909091E+01     2.130000000E+02
     1524     7.500000000E+00     1.668181818E+01     2.111818182E+02
     1525     7.500000000E+00     1.229166667E+01     2.394166667E+02
     1526     7.500000000E+00     1.254166667E+01     2.377500000E+02
     1527     7.500000000E+00     1.279166667E+01     2.360833333E+02
     1528     7.500000000E+00     1.304166667E+01     2.344166667E+02
     1529     7.500000000E+00     1.329166667E+01     2.327500000E+02
     1530     7.500000000E+00     1.354166667E+01     2.310833333E+02
     1531     7.500000000E+00     2.000000000E+01     1.890000000E+02
     1532     7.500000000E+00     2.000000000E+01     1.870000000E+02
     1533     7.500000000E+00     2.000000000E+01     1.850000000E+02
     1534     7.500000000E+00     2.000000000E+01     1.830000000E+02
     1535     7.500000000E+00     2.000000000E+01     1.810000000E+02
     1536     7.500000000E+00     2.000000000E+01     1.790000000E+02
     1537     7.500000000E+00     2.000000000E+01     1.770000000E+02
     1538     7.500000000E+00     2.000000000E+01     1.750000000E+02
     1539     7.500000000E+00     2.000000000E+01     1.730000000E+02
     1540     7.500000000E+00     2.000000000E+01     1.710000000E+02
     1541     7.500000000E+00     2.000000000E+01     1.690000000E+02
     1542     7.500000000E+00     2.000000000E+01     1.670000000E+02
     1543     7.500000000E+00     2.000000000E+01     1.650000000E+02
     1544     7.500000000E+00     2.000000000E+01     1.630000000E+02
     1545     7.500000000E+00     2.000000000E+01     1.610000000E+02
     1546     7.500000000E+00     2.000000000E+01     1.590000000E+02
     1547     7.500000000E+00     2.000000000E+01     1.570000000E+02
     1548     7.500000000E+00     2.000000000E+01     1.550000000E+02
     1549     7.500000000E+00     2.000000000E+01     1.530000000E+02
     1550     7.500000000E+00     2.000000000E+01     1.510000000E+02
     1551     5.729166667E+00     1.800000000E+01     5.937500000E+01
     1552     5.520833333E+00     1.800000000E+01     5.770833333E+01
     1553     5.312500000E+00     1.800000000E+01     5.604166667E+01
     1554     5.104166667E+00     1.800000000E+01     5.437500000E+01
     1555     4.895833333E+00     1.800000000E+01     5.270833333E+01
     1556     4.687500000E+00     1.800000000E+01     5.104166667E+01
     1557     7.500000000E+00     2.000000000E+01     6.900000000E+01
     1558     7.500000000E+00     2.000000000E+01     6.700000000E+01
     1559     7.500000000E+00     2.000000000E+01     6.500000000E+01
     1560     7.500000000E+00     2.000000000E+01     6.300000000E+01
     1561     7.500000000E+00     2.000000000E+01     6.100000000E+01
     1562     7.500000000E+00     2.000000000E+01     8.900000000E+01
     1563     7.500000000E+00     2.000000000E+01     8.700000000E+01
     1564     7.500000000E+00     2.000000000E+01     8.500000000E+01
     1565     7.500000000E+00     2.000000000E+01     8.300000000E+01
     1566     7.500000000E+00     2.000000000E+01     8.100000000E+01
     1567     7.500000000E+00     2.000000000E+01     7.900000000E+01
     1568     7.500000000E+00     2.000000000E+01     7.700000000E+01
     1569     7.500000000E+00     2.000000000E+01     7.500000000E+01
     1570     7.500000000E+00     2.000000000E+01     7.300000000E+01
     1571     7.500000000E+00     2.000000000E+01     7.100000000E+01
     1572     7.500000000E+00     2.000000000E+01     1.090000000E+02
     1573     7.500000000E+00     2.000000000E+01     1.070000000E+02
     1574     7.500000000E+00     2.000000000E+01     1.050000000E+02
     1575     7.500000000E+00     2.000000000E+01     1.030000000E+02
     1576     7.500000000E+00     2.000000000E+01     1.010000000E+02
     1577     7.500000000E+00     2.000000000E+01     9.900000000E+01
     1578     7.500000000E+00     2.000000000E+01     9.700000000E+01
     1579     7.500000000E+00     2.000000000E+01     9.500000000E+01
     1580     7.500000000E+00     2.000000000E+01     9.300000000E+01
     1581     7.500000000E+00     2.000000000E+01     9.100000000E+01
     1582     7.500000000E+00     2.000000000E+01     1.290000000E+02
     1583     7.500000000E+00     2.000000000E+01     1.270000000E+02
     1584     7.500000000E+00     2.000000000E+01     1.250000000E+02
     1585     7.500000000E+00     2.000000000E+01     1.230000000E+02
     1586     7.500000000E+00     2.000000000E+01     1.210000000E+02
     1587     7.500000000E+00     2.000000000E+01     1.190000000E+02
     1588     7.500000000E+00     2.000000000E+01     1.170000000E+02
     1589     7.500000000E+00     2.000000000E+01     1.150000000E+02
     1590     7.500000000E+00     2.000000000E+01     1.130000000E+02
     1591     7.500000000E+00     2.000000000E+01     1.110000000E+02
     1592     7.500000000E+00     2.000000000E+01     1.490000000E+02
     1593     7.500000000E+00     2.000000000E+01     1.470000000E+02
     1594     7.500000000E+00     2.000000000E+01     1.450000000E+02
     1595     7.500000000E+00     2.000000000E+01     1.430000000E+02
     1596     7.500000000E+00     2.000000000E+01     1.410000000E+02
     1597     7.500000000E+00     2.000000000E+01     1.390000000E+02
     1598     7.500000000E+00     2.000000000E+01     1.370000000E+02
     1599     7.500000000E+00     2.000000000E+01     1.350000000E+02
     1600     7.500000000E+00     2.000000000E+01     1.330000000E+02
     1601     7.500000000E+00     2.000000000E+01     1.310000000E+02
     1602     2.216602165E+00     1.677328173E+01     2.938196019E+01
     1603     1.989329437E+00     1.659146355E+01     2.756377837E+01
     1604     1.762056710E+00     1.640964537E+01     2.574559656E+01
     1605     1.534783983E+00     1.622782719E+01     2.392741474E+01
     1606     1.307511256E+00     1.604600900E+01     2.210923292E+01
     1607     1.080238528E+00     1.586419082E+01     2.029105110E+01
     1608     8.529658010E-01     1.568237264E+01     1.847286928E+01
     1609     6.256930737E-01     1.550055446E+01     1.665468747E+01
     1610     3.984203465E-01     1.531873628E+01     1.483650565E+01
     1611     1.711476192E-01     1.513691810E+01     1.301832383E+01
     1612    -5.612510808E-02     1.495509991E+01     1.120014201E+01
     1613     4.318181818E+00     1.800000000E+01     4.931818182E+01
     1614     4.090909091E+00     1.800000000E+01     4.750000000E+01
     1615     3.863636364E+00     1.800000000E+01     4.568181818E+01
     1616     3.636363636E+00     1.800000000E+01     4.386363636E+01
     1617     3.409090909E+00     1.800000000E+01     4.204545455E+01
     1618     3.181818182E+00     1.800000000E+01     4.022727273E+01
     1619     2.954545455E+00     1.800000000E+01     3.840909091E+01
     1620     2.727272727E+00     1.800000000E+01     3.659090909E+01
     1621     2.500000000E+00     1.800000000E+01     3.477272727E+01
     1622     2.272727273E+00     1.800000000E+01     3.295454545E+01
     1623     2.045454545E+00     1.800000000E+01     3.113636364E+01
     1624     1.109612333E+00     1.420303786E+01     1.110487538E+01
     1625     9.846123327E-01     1.260303786E+01     1.010487538E+01
     1626     8.596123327E-01     1.100303786E+01     9.104875385E+00
     1627     7.346123327E-01     9.403037859E+00     8.104875385E+00
     1628     6.096123327E-01     7.803037859E+00     7.104875385E+00
     1629     4.846123327E-01     6.203037859E+00     6.104875385E+00
     1630     3.596123327E-01     4.603037859E+00     5.104875385E+00
     1631     2.346123327E-01     3.003037859E+00     4.104875385E+00
     1632     1.096123327E-01     1.403037859E+00     3.104875385E+00
     1633    -1.538766729E-02    -1.969621413E-01     2.104875385E+00
     1634     1.265387667E+00     1.619696214E+01     1.210487538E+01
     1635     1.140387667E+00     1.459696214E+01     1.310487538E+01
     1636     1.015387667E+00     1.299696214E+01     1.410487538E+01
     1637     8.903876673E-01     1.139696214E+01     1.510487538E+01
     1638     7.653876673E-01     9.796962141E+00     1.610487538E+01
     1639     6.403876673E-01     8.196962141E+00     1.710487538E+01
     1640     5.153876673E-01     6.596962141E+00     1.810487538E+01
     1641     3.903876673E-01     4.996962141E+00     1.910487538E+01
     1642     2.653876673E-01     3.396962141E+00     2.010487538E+01
     1643     1.403876673E-01     1.796962141E+00     2.110487538E+01
     1644    -1.495841283E-02    -7.180038158E-02     2.212604327E+01
     1645     3.259506781E-01     1.564563255E+00     2.303513418E+01
     1646     6.668597690E-01     3.200926891E+00     2.394422509E+01
     1647     1.007768860E+00     4.837290528E+00     2.485331600E+01
     1648     1.348677951E+00     6.473654164E+00     2.576240691E+01
     1649     1.689587042E+00     8.110017800E+00     2.667149782E+01
     1650     2.030496133E+00     9.746381437E+00     2.758058873E+01
     1651     2.371405224E+00     1.138274507E+01     2.848967964E+01
     1652     2.712314314E+00     1.301910871E+01     2.939877055E+01
     1653     3.053223405E+00     1.465547235E+01     3.030786146E+01
     1654     3.394132496E+00     1.629183598E+01     3.121695236E+01
     1655    -8.741258741E-03    -2.097902098E-02     1.622272727E+02
     1656     6.730769231E-01     1.615384615E+00     1.631363636E+02
     1657     1.354895105E+00     3.251748252E+00     1.640454545E+02
     1658     2.036713287E+00     4.888111888E+00     1.649545455E+02
     1659     2.718531469E+00     6.524475524E+00     1.658636364E+02
     1660     3.400349650E+00     8.160839161E+00     1.667727273E+02
     1661     4.082167832E+00     9.797202797E+00     1.676818182E+02
     1662     4.763986014E+00     1.143356643E+01     1.685909091E+02
     1663     5.445804196E+00     1.306993007E+01     1.695000000E+02
     1664     6.127622378E+00     1.470629371E+01     1.704090909E+02
     1665     6.809440559E+00     1.634265734E+01     1.713181818E+02
     1666     7.508741259E+00     1.802097902E+01     1.522272727E+02
     1667     6.826923077E+00     1.638461538E+01     1.531363636E+02
     1668     6.145104895E+00     1.474825175E+01     1.540454545E+02
     1669     5.463286713E+00     1.311188811E+01     1.549545455E+02
     1670     4.781468531E+00     1.147552448E+01     1.558636364E+02
     1671     4.099650350E+00     9.839160839E+00     1.567727273E+02
     1672     3.417832168E+00     8.202797203E+00     1.576818182E+02
     1673     2.736013986E+00     6.566433566E+00     1.585909091E+02
     1674     2.054195804E+00     4.930069930E+00     1.595000000E+02
     1675     1.372377622E+00     3.293706294E+00     1.604090909E+02
     1676     6.905594406E-01     1.657342657E+00     1.613181818E+02
     1677     6.809440559E+00     1.634265734E+01     1.513181818E+02
     1678     6.127622378E+00     1.470629371E+01     1.504090909E+02
     1679     5.445804196E+00     1.306993007E+01     1.495000000E+02
     1680     4.763986014E+00     1.143356643E+01     1.485909091E+02
     1681     4.082167832E+00     9.797202797E+00     1.476818182E+02
     1682     3.400349650E+00     8.160839161E+00     1.467727273E+02
     1683     2.718531469E+00     6.524475524E+00     1.458636364E+02
     1684     2.036713287E+00     4.888111888E+00     1.449545455E+02
     1685     1.354895105E+00     3.251748252E+00     1.440454545E+02
     1686     6.730769231E-01     1.615384615E+00     1.431363636E+02
     1687    -8.741258741E-03    -2.097902098E-02     1.422272727E+02
     1688     7.508741259E+00     1.802097902E+01     1.322272727E+02
     1689     6.826923077E+00     1.638461538E+01     1.331363636E+02
     1690     6.145104895E+00     1.474825175E+01     1.340454545E+02
     1691     5.463286713E+00     1.311188811E+01     1.349545455E+02
     1692     4.781468531E+00     1.147552448E+01     1.358636364E+02
     1693     4.099650350E+00     9.839160839E+00     1.367727273E+02
     1694     3.417832168E+00     8.202797203E+00     1.376818182E+02
     1695     2.736013986E+00     6.566433566E+00     1.385909091E+02
     1696     2.054195804E+00     4.930069930E+00     1.395000000E+02
     1697     1.372377622E+00     3.293706294E+00     1.404090909E+02
     1698     6.905594406E-01     1.657342657E+00     1.413181818E+02
     1699     6.809440559E+00     1.634265734E+01     1.313181818E+02
     1700     6.127622378E+00     1.470629371E+01     1.304090909E+02
     1701     5.445804196E+00     1.306993007E+01     1.295000000E+02
     1702     4.763986014E+00     1.143356643E+01     1.285909091E+02
     1703     4.082167832E+00     9.797202797E+00     1.276818182E+02
     1704     3.400349650E+00     8.160839161E+00     1.267727273E+02
     1705     2.718531469E+00     6.524475524E+00     1.258636364E+02
     1706     2.036713287E+00     4.888111888E+00     1.249545455E+02
     1707     1.354895105E+00     3.251748252E+00     1.240454545E+02
     1708     6.730769231E-01     1.615384615E+00     1.231363636E+02
     1709    -8.741258741E-03    -2.097902098E-02     1.222272727E+02
     1710     7.508741259E+00     1.802097902E+01     1.122272727E+02
     1711     6.826923077E+00     1.638461538E+01     1.131363636E+02
     1712     6.145104895E+00     1.474825175E+01     1.140454545E+02
     1713     5.463286713E+00     1.311188811E+01     1.149545455E+02
     1714     4.781468531E+00     1.147552448E+01     1.158636364E+02
     1715     4.099650350E+00     9.839160839E+00     1.167727273E+02
     1716     3.417832168E+00     8.202797203E+00     1.176818182E+02
     1717     2.736013986E+00     6.566433566E+00     1.185909091E+02
     1718     2.054195804E+00     4.930069930E+00     1.195000000E+02
     1719     1.372377622E+00     3.293706294E+00     1.204090909E+02
     1720     6.905594406E-01     1.657342657E+00     1.213181818E+02
     1721     6.809440559E+00     1.634265734E+01     1.113181818E+02
     1722     6.127622378E+00     1.470629371E+01     1.104090909E+02
     1723     5.445804196E+00     1.306993007E+01     1.095000000E+02
     1724     4.763986014E+00     1.143356643E+01     1.085909091E+02
     1725     4.082167832E+00     9.797202797E+00     1.076818182E+02
     1726     3.400349650E+00     8.160839161E+00     1.067727273E+02
     1727     2.718531469E+00     6.524475524E+00     1.058636364E+02
     1728     2.036713287E+00     4.888111888E+00     1.049545455E+02
     1729     1.354895105E+00     3.251748252E+00     1.040454545E+02
     1730     6.730769231E-01     1.615384615E+00     1.031363636E+02
     1731    -8.741258741E-03    -2.097902098E-02     1.022272727E+02
     1732     7.508741259E+00     1.802097902E+01     9.222727273E+01
     1733     6.826923077E+00     1.638461538E+01     9.313636364E+01
     1734     6.145104895E+00     1.474825175E+01     9.404545455E+01
     1735     5.463286713E+00     1.311188811E+01     9.495454545E+01
     1736     4.781468531E+00     1.147552448E+01     9.586363636E+01
     1737     4.099650350E+00     9.839160839E+00     9.677272727E+01
     1738     3.417832168E+00     8.202797203E+00     9.768181818E+01
     1739     2.736013986E+00     6.566433566E+00     9.859090909E+01
     1740     2.054195804E+00     4.930069930E+00     9.950000000E+01
     1741     1.372377622E+00     3.293706294E+00     1.004090909E+02
     1742     6.905594406E-01     1.657342657E+00     1.013181818E+02
     1743    -8.741258741E-03    -2.097902098E-02     8.222727273E+01
     1744     6.730769231E-01     1.615384615E+00     8.313636364E+01
     1745     1.354895105E+00     3.251748252E+00     8.404545455E+01
     1746     2.036713287E+00     4.888111888E+00     8.495454545E+01
     1747     2.718531469E+00     6.524475524E+00     8.586363636E+01
     1748     3.400349650E+00     8.160839161E+00     8.677272727E+01
     1749     4.082167832E+00     9.797202797E+00     8.768181818E+01
     1750     4.763986014E+00     1.143356643E+01     8.859090909E+01
     1751     5.445804196E+00     1.306993007E+01     8.950000000E+01
     1752     6.127622378E+00     1.470629371E+01     9.040909091E+01
     1753     6.809440559E+00     1.634265734E+01     9.131818182E+01
     1754     7.508741259E+00     1.802097902E+01     7.222727273E+01
     1755     6.826923077E+00     1.638461538E+01     7.313636364E+01
     1756     6.145104895E+00     1.474825175E+01     7.404545455E+01
     1757     5.463286713E+00     1.311188811E+01     7.495454545E+01
     1758     4.781468531E+00     1.147552448E+01     7.586363636E+01
     1759     4.099650350E+00     9.839160839E+00     7.677272727E+01
     1760     3.417832168E+00     8.202797203E+00     7.768181818E+01
     1761     2.736013986E+00     6.566433566E+00     7.859090909E+01
     1762     2.054195804E+00     4.930069930E+00     7.950000000E+01
     1763     1.372377622E+00     3.293706294E+00     8.040909091E+01
     1764     6.905594406E-01     1.657342657E+00     8.131818182E+01
     1765    -8.741258741E-03    -2.097902098E-02     6.222727273E+01
     1766     6.730769231E-01     1.615384615E+00     6.313636364E+01
     1767     1.354895105E+00     3.251748252E+00     6.404545455E+01
     1768     2.036713287E+00     4.888111888E+00     6.495454545E+01
     1769     2.718531469E+00     6.524475524E+00     6.586363636E+01
     1770     3.400349650E+00     8.160839161E+00     6.677272727E+01
     1771     4.082167832E+00     9.797202797E+00     6.768181818E+01
     1772     4.763986014E+00     1.143356643E+01     6.859090909E+01
     1773     5.445804196E+00     1.306993007E+01     6.950000000E+01
     1774     6.127622378E+00     1.470629371E+01     7.040909091E+01
     1775     6.809440559E+00     1.634265734E+01     7.131818182E+01
     1776     6.264101535E+00     1.804061242E+01     5.218674536E+01
     1777     5.695919717E+00     1.640424879E+01     5.309583627E+01
     1778     5.127737899E+00     1.476788515E+01     5.400492718E+01
     1779     4.559556081E+00     1.313152151E+01     5.491401809E+01
     1780     3.991374263E+00     1.149515788E+01     5.582310900E+01
     1781     3.423192445E+00     9.858794240E+00     5.673219991E+01
     1782     2.855010626E+00     8.222430604E+00     5.764129082E+01
     1783     2.286828808E+00     6.586066967E+00     5.855038173E+01
     1784     1.718646990E+00     4.949703331E+00     5.945947264E+01
     1785     1.150465172E+00     3.313339695E+00     6.036856355E+01
     1786     5.822833536E-01     1.676976058E+00     6.127765446E+01
     1787    -1.410153543E-02    -4.061242203E-02     4.218674536E+01
     1788     5.540802828E-01     1.595751214E+00     4.309583627E+01
     1789     1.122262101E+00     3.232114851E+00     4.400492718E+01
     1790     1.690443919E+00     4.868478487E+00     4.491401809E+01
     1791     2.258625737E+00     6.504842123E+00     4.582310900E+01
     1792     2.826807555E+00     8.141205760E+00     4.673219991E+01
     1793     3.394989374E+00     9.777569396E+00     4.764129082E+01
     1794     3.963171192E+00     1.141393303E+01     4.855038173E+01
     1795     4.531353010E+00     1.305029667E+01     4.945947264E+01
     1796     5.099534828E+00     1.468666031E+01     5.036856355E+01
     1797     5.667716646E+00     1.632302394E+01     5.127765446E+01
     1798     3.764958413E+00     1.807180038E+01     3.212604327E+01
     1799     3.424049322E+00     1.643543675E+01     3.303513418E+01
     1800     3.083140231E+00     1.479907311E+01     3.394422509E+01
     1801     2.742231140E+00     1.316270947E+01     3.485331600E+01
     1802     2.401322049E+00     1.152634584E+01     3.576240691E+01
     1803     2.060412958E+00     9.889982200E+00     3.667149782E+01
     1804     1.719503867E+00     8.253618563E+00     3.758058873E+01
     1805     1.378594776E+00     6.617254927E+00     3.848967964E+01
     1806     1.037685686E+00     4.980891291E+00     3.939877055E+01
     1807     6.967765946E-01     3.344527654E+00     4.030786146E+01
     1808     3.558675037E-01     1.708164018E+00     4.121695236E+01
     1809     7.508741259E+00     1.802097902E+01     1.722272727E+02
     1810     6.826923077E+00     1.638461538E+01     1.731363636E+02
     1811     6.145104895E+00     1.474825175E+01     1.740454545E+02
     1812     5.463286713E+00     1.311188811E+01     1.749545455E+02
     1813     4.781468531E+00     1.147552448E+01     1.758636364E+02
     1814     4.099650350E+00     9.839160839E+00     1.767727273E+02
     1815     3.417832168E+00     8.202797203E+00     1.776818182E+02
     1816     2.736013986E+00     6.566433566E+00     1.785909091E+02
     1817     2.054195804E+00     4.930069930E+00     1.795000000E+02
     1818     1.372377622E+00     3.293706294E+00     1.804090909E+02
     1819     6.905594406E-01     1.657342657E+00     1.813181818E+02
     1820    -7.221359550E-02    -1.444271910E-01     2.021770510E+02
     1821     6.777864045E-01     1.355572809E+00     2.031770510E+02
     1822     1.427786405E+00     2.855572809E+00     2.041770510E+02
     1823     2.177786405E+00     4.355572809E+00     2.051770510E+02
     1824     2.927786405E+00     5.855572809E+00     2.061770510E+02
     1825     3.677786405E+00     7.355572809E+00     2.071770510E+02
     1826     4.427786405E+00     8.855572809E+00     2.081770510E+02
     1827     5.177786405E+00     1.035557281E+01     2.091770510E+02
     1828     5.927786405E+00     1.185557281E+01     2.101770510E+02
     1829     6.677786405E+00     1.335557281E+01     2.111770510E+02
     1830     7.508741259E+00     1.802097902E+01     1.922272727E+02
     1831     6.826923077E+00     1.638461538E+01     1.931363636E+02
     1832     6.145104895E+00     1.474825175E+01     1.940454545E+02
     1833     5.463286713E+00     1.311188811E+01     1.949545455E+02
     1834     4.781468531E+00     1.147552448E+01     1.958636364E+02
     1835     4.099650350E+00     9.839160839E+00     1.967727273E+02
     1836     3.417832168E+00     8.202797203E+00     1.976818182E+02
     1837     2.736013986E+00     6.566433566E+00     1.985909091E+02
     1838     2.054195804E+00     4.930069930E+00     1.995000000E+02
     1839     1.372377622E+00     3.293706294E+00     2.004090909E+02
     1840     6.905594406E-01     1.657342657E+00     2.013181818E+02
     1841     6.809440559E+00     1.634265734E+01     1.913181818E+02
     1842     6.127622378E+00     1.470629371E+01     1.904090909E+02
     1843     5.445804196E+00     1.306993007E+01     1.895000000E+02
     1844     4.763986014E+00     1.143356643E+01     1.885909091E+02
     1845     4.082167832E+00     9.797202797E+00     1.876818182E+02
     1846     3.400349650E+00     8.160839161E+00     1.867727273E+02
     1847     2.718531469E+00     6.524475524E+00     1.858636364E+02
     1848     2.036713287E+00     4.888111888E+00     1.849545455E+02
     1849     1.354895105E+00     3.251748252E+00     1.840454545E+02
     1850     6.730769231E-01     1.615384615E+00     1.831363636E+02
     1851    -8.741258741E-03    -2.097902098E-02     1.822272727E+02
     1852    -1.722210444E-01    -2.755536711E-01     2.221278857E+02
     1853     6.611122889E-01     1.057779662E+00     2.232389969E+02
     1854     1.494445622E+00     2.391112996E+00     2.243501080E+02
     1855     2.327778956E+00     3.724446329E+00     2.254612191E+02
     1856     3.161112289E+00     5.057779662E+00     2.265723302E+02
     1857     3.994445622E+00     6.391112996E+00     2.276834413E+02
     1858     4.827778956E+00     7.724446329E+00     2.287945524E+02
     1859     5.661112289E+00     9.057779662E+00     2.299056635E+02
     1860     6.494445622E+00     1.039111300E+01     2.310167746E+02
     1861     7.572213595E+00     1.514442719E+01     2.121770510E+02
     1862     6.822213595E+00     1.364442719E+01     2.131770510E+02
     1863     6.072213595E+00     1.214442719E+01     2.141770510E+02
     1864     5.322213595E+00     1.064442719E+01     2.151770510E+02
     1865     4.572213595E+00     9.144427191E+00     2.161770510E+02
     1866     3.822213595E+00     7.644427191E+00     2.171770510E+02
     1867     3.072213595E+00     6.144427191E+00     2.181770510E+02
     1868     2.322213595E+00     4.644427191E+00     2.191770510E+02
     1869     1.572213595E+00     3.144427191E+00     2.201770510E+02
     1870     8.222135955E-01     1.644427191E+00     2.211770510E+02
     1871     7.672221044E+00     1.227555367E+01     2.321278857E+02
     1872     6.838887711E+00     1.094222034E+01     2.332389969E+02
     1873     6.005554378E+00     9.608887004E+00     2.343501080E+02
     1874     5.172221044E+00     8.275553671E+00     2.354612191E+02
     1875     4.338887711E+00     6.942220338E+00     2.365723302E+02
     1876     3.505554378E+00     5.608887004E+00     2.376834413E+02
     1877     2.672221044E+00     4.275553671E+00     2.387945524E+02
     1878     1.838887711E+00     2.942220338E+00     2.399056635E+02
     1879     1.005554378E+00     1.608887004E+00     2.410167746E+02
     1880     4.584308677E+00     1.773616311E+00     2.114335784E+01
     1881     4.209308677E+00     3.373616311E+00     2.014335784E+01
     1882     3.834308677E+00     4.973616311E+00     1.914335784E+01
     1883     3.459308677E+00     6.573616311E+00     1.814335784E+01
     1884     3.084308677E+00     8.173616311E+00     1.714335784E+01
     1885     2.709308677E+00     9.773616311E+00     1.614335784E+01
     1886     2.334308677E+00     1.137361631E+01     1.514335784E+01
     1887     1.959308677E+00     1.297361631E+01     1.414335784E+01
     1888     1.584308677E+00     1.457361631E+01     1.314335784E+01
     1889     1.209308677E+00     1.617361631E+01     1.214335784E+01
     1890     5.006161453E+00    -8.872492815E-02     2.209485005E+01
     1891     4.892525090E+00     1.547638708E+00     2.300394096E+01
     1892     4.778888726E+00     3.184002345E+00     2.391303187E+01
     1893     4.665252362E+00     4.820365981E+00     2.482212278E+01
     1894     4.551615999E+00     6.456729617E+00     2.573121369E+01
     1895     4.437979635E+00     8.093093254E+00     2.664030460E+01
     1896     4.324343272E+00     9.729456890E+00     2.754939551E+01
     1897     4.210706908E+00     1.136582053E+01     2.845848642E+01
     1898     4.097070544E+00     1.300218416E+01     2.936757733E+01
     1899     3.983434181E+00     1.463854780E+01     3.027666823E+01
     1900     3.869797817E+00     1.627491144E+01     3.118575914E+01
     1901     9.417716646E+00     1.676976058E+00     4.127765446E+01
     1902     8.849534828E+00     3.313339695E+00     4.036856355E+01
     1903     8.281353010E+00     4.949703331E+00     3.945947264E+01
     1904     7.713171192E+00     6.586066967E+00     3.855038173E+01
     1905     7.144989374E+00     8.222430604E+00     3.764129082E+01
     1906     6.576807555E+00     9.858794240E+00     3.673219991E+01
     1907     6.008625737E+00     1.149515788E+01     3.582310900E+01
     1908     5.440443919E+00     1.313152151E+01     3.491401809E+01
     1909     4.872262101E+00     1.476788515E+01     3.400492718E+01
     1910     4.304080283E+00     1.640424879E+01     3.309583627E+01
     1911     3.735898465E+00     1.804061242E+01     3.218674536E+01
     1912     6.605867504E+00     1.629183598E+01     5.121695236E+01
     1913     6.946776595E+00     1.465547235E+01     5.030786146E+01
     1914     7.287685686E+00     1.301910871E+01     4.939877055E+01
     1915     7.628594776E+00     1.138274507E+01     4.848967964E+01
     1916     7.969503867E+00     9.746381437E+00     4.758058873E+01
     1917     8.310412958E+00     8.110017800E+00     4.667149782E+01
     1918     8.651322049E+00     6.473654164E+00     4.576240691E+01
     1919     8.992231140E+00     4.837290528E+00     4.485331600E+01
     1920     9.333140231E+00     3.200926891E+00     4.394422509E+01
     1921     9.674049322E+00     1.564563255E+00     4.303513418E+01
     1922     1.001495841E+01    -7.180038158E-02     4.212604327E+01
     1923     1.500874126E+01    -2.097902098E-02     1.622272727E+02
     1924     1.432692308E+01     1.615384615E+00     1.631363636E+02
     1925     1.364510490E+01     3.251748252E+00     1.640454545E+02
     1926     1.296328671E+01     4.888111888E+00     1.649545455E+02
     1927     1.228146853E+01     6.524475524E+00     1.658636364E+02
     1928     1.159965035E+01     8.160839161E+00     1.667727273E+02
     1929     1.091783217E+01     9.797202797E+00     1.676818182E+02
     1930     1.023601399E+01     1.143356643E+01     1.685909091E+02
     1931     9.554195804E+00     1.306993007E+01     1.695000000E+02
     1932     8.872377622E+00     1.470629371E+01     1.704090909E+02
     1933     8.190559441E+00     1.634265734E+01     1.713181818E+02
     1934     7.491258741E+00     1.802097902E+01     1.522272727E+02
     1935     8.173076923E+00     1.638461538E+01     1.531363636E+02
     1936     8.854895105E+00     1.474825175E+01     1.540454545E+02
     1937     9.536713287E+00     1.311188811E+01     1.549545455E+02
     1938     1.021853147E+01     1.147552448E+01     1.558636364E+02
     1939     1.090034965E+01     9.839160839E+00     1.567727273E+02
     1940     1.158216783E+01     8.202797203E+00     1.576818182E+02
     1941     1.226398601E+01     6.566433566E+00     1.585909091E+02
     1942     1.294580420E+01     4.930069930E+00     1.595000000E+02
     1943     1.362762238E+01     3.293706294E+00     1.604090909E+02
     1944     1.430944056E+01     1.657342657E+00     1.613181818E+02
     1945     1.500874126E+01    -2.097902098E-02     1.422272727E+02
     1946     1.432692308E+01     1.615384615E+00     1.431363636E+02
     1947     1.364510490E+01     3.251748252E+00     1.440454545E+02
     1948     1.296328671E+01     4.888111888E+00     1.449545455E+02
     1949     1.228146853E+01     6.524475524E+00     1.458636364E+02
     1950     1.159965035E+01     8.160839161E+00     1.467727273E+02
     1951     1.091783217E+01     9.797202797E+00     1.476818182E+02
     1952     1.023601399E+01     1.143356643E+01     1.485909091E+02
     1953     9.554195804E+00     1.306993007E+01     1.495000000E+02
     1954     8.872377622E+00     1.470629371E+01     1.504090909E+02
     1955     8.190559441E+00     1.634265734E+01     1.513181818E+02
     1956     7.491258741E+00     1.802097902E+01     1.322272727E+02
     1957     8.173076923E+00     1.638461538E+01     1.331363636E+02
     1958     8.854895105E+00     1.474825175E+01     1.340454545E+02
     1959     9.536713287E+00     1.311188811E+01     1.349545455E+02
     1960     1.021853147E+01     1.147552448E+01     1.358636364E+02
     1961     1.090034965E+01     9.839160839E+00     1.367727273E+02
     1962     1.158216783E+01     8.202797203E+00     1.376818182E+02
     1963     1.226398601E+01     6.566433566E+00     1.385909091E+02
     1964     1.294580420E+01     4.930069930E+00     1.395000000E+02
     1965     1.362762238E+01     3.293706294E+00     1.404090909E+02
     1966     1.430944056E+01     1.657342657E+00     1.413181818E+02
     1967     1.500874126E+01    -2.097902098E-02     1.222272727E+02
     1968     1.432692308E+01     1.615384615E+00     1.231363636E+02
     1969     1.364510490E+01     3.251748252E+00     1.240454545E+02
     1970     1.296328671E+01     4.888111888E+00     1.249545455E+02
     1971     1.228146853E+01     6.524475524E+00     1.258636364E+02
     1972     1.159965035E+01     8.160839161E+00     1.267727273E+02
     1973     1.091783217E+01     9.797202797E+00     1.276818182E+02
     1974     1.023601399E+01     1.143356643E+01     1.285909091E+02
     1975     9.554195804E+00     1.306993007E+01     1.295000000E+02
     1976     8.872377622E+00     1.470629371E+01     1.304090909E+02
     1977     8.190559441E+00     1.634265734E+01     1.313181818E+02
     1978     7.491258741E+00     1.802097902E+01     1.122272727E+02
     1979     8.173076923E+00     1.638461538E+01     1.131363636E+02
     1980     8.854895105E+00     1.474825175E+01     1.140454545E+02
     1981     9.536713287E+00     1.311188811E+01     1.149545455E+02
     1982     1.021853147E+01     1.147552448E+01     1.158636364E+02
     1983     1.090034965E+01     9.839160839E+00     1.167727273E+02
     1984     1.158216783E+01     8.202797203E+00     1.176818182E+02
     1985     1.226398601E+01     6.566433566E+00     1.185909091E+02
     1986     1.294580420E+01     4.930069930E+00     1.195000000E+02
     1987     1.362762238E+01     3.293706294E+00     1.204090909E+02
     1988     1.430944056E+01     1.657342657E+00     1.213181818E+02
     1989     1.500874126E+01    -2.097902098E-02     1.022272727E+02
     1990     1.432692308E+01     1.615384615E+00     1.031363636E+02
     1991     1.364510490E+01     3.251748252E+00     1.040454545E+02
     1992     1.296328671E+01     4.888111888E+00     1.049545455E+02
     1993     1.228146853E+01     6.524475524E+00     1.058636364E+02
     1994     1.159965035E+01     8.160839161E+00     1.067727273E+02
     1995     1.091783217E+01     9.797202797E+00     1.076818182E+02
     1996     1.023601399E+01     1.143356643E+01     1.085909091E+02
     1997     9.554195804E+00     1.306993007E+01     1.095000000E+02
     1998     8.872377622E+00     1.470629371E+01     1.104090909E+02
     1999     8.190559441E+00     1.634265734E+01     1.113181818E+02
     2000     7.491258741E+00     1.802097902E+01     9.222727273E+01
     2001     8.173076923E+00     1.638461538E+01     9.313636364E+01
     2002     8.854895105E+00     1.474825175E+01     9.404545455E+01
     2003     9.536713287E+00     1.311188811E+01     9.495454545E+01
     2004     1.021853147E+01     1.147552448E+01     9.586363636E+01
     2005     1.090034965E+01     9.839160839E+00     9.677272727E+01
     2006     1.158216783E+01     8.202797203E+00     9.768181818E+01
     2007     1.226398601E+01     6.566433566E+00     9.859090909E+01
     2008     1.294580420E+01     4.930069930E+00     9.950000000E+01
     2009     1.362762238E+01     3.293706294E+00     1.004090909E+02
     2010     1.430944056E+01     1.657342657E+00     1.013181818E+02
     2011     1.500874126E+01    -2.097902098E-02     8.222727273E+01
     2012     1.432692308E+01     1.615384615E+00     8.313636364E+01
     2013     1.364510490E+01     3.251748252E+00     8.404545455E+01
     2014     1.296328671E+01     4.888111888E+00     8.495454545E+01
     2015     1.228146853E+01     6.524475524E+00     8.586363636E+01
     2016     1.159965035E+01     8.160839161E+00     8.677272727E+01
     2017     1.091783217E+01     9.797202797E+00     8.768181818E+01
     2018     1.023601399E+01     1.143356643E+01     8.859090909E+01
     2019     9.554195804E+00     1.306993007E+01     8.950000000E+01
     2020     8.872377622E+00     1.470629371E+01     9.040909091E+01
     2021     8.190559441E+00     1.634265734E+01     9.131818182E+01
     2022     7.491258741E+00     1.802097902E+01     7.222727273E+01
     2023     8.173076923E+00     1.638461538E+01     7.313636364E+01
     2024     8.854895105E+00     1.474825175E+01     7.404545455E+01
     2025     9.536713287E+00     1.311188811E+01     7.495454545E+01
     2026     1.021853147E+01     1.147552448E+01     7.586363636E+01
     2027     1.090034965E+01     9.839160839E+00     7.677272727E+01
     2028     1.158216783E+01     8.202797203E+00     7.768181818E+01
     2029     1.226398601E+01     6.566433566E+00     7.859090909E+01
     2030     1.294580420E+01     4.930069930E+00     7.950000000E+01
     2031     1.362762238E+01     3.293706294E+00     8.040909091E+01
     2032     1.430944056E+01     1.657342657E+00     8.131818182E+01
     2033     1.500874126E+01    -2.097902098E-02     6.222727273E+01
     2034     1.432692308E+01     1.615384615E+00     6.313636364E+01
     2035     1.364510490E+01     3.251748252E+00     6.404545455E+01
     2036     1.296328671E+01     4.888111888E+00     6.495454545E+01
     2037     1.228146853E+01     6.524475524E+00     6.586363636E+01
     2038     1.159965035E+01     8.160839161E+00     6.677272727E+01
     2039     1.091783217E+01     9.797202797E+00     6.768181818E+01
     2040     1.023601399E+01     1.143356643E+01     6.859090909E+01
     2041     9.554195804E+00     1.306993007E+01     6.950000000E+01
     2042     8.872377622E+00     1.470629371E+01     7.040909091E+01
     2043     8.190559441E+00     1.634265734E+01     7.131818182E+01
     2044     6.250256078E+00     1.799947321E+01     5.208450480E+01
     2045     6.979422744E+00     1.649947321E+01     5.291783813E+01
     2046     7.708589411E+00     1.499947321E+01     5.375117146E+01
     2047     8.437756078E+00     1.349947321E+01     5.458450480E+01
     2048     9.166922744E+00     1.199947321E+01     5.541783813E+01
     2049     9.896089411E+00     1.049947321E+01     5.625117146E+01
     2050     1.062525608E+01     8.999473212E+00     5.708450480E+01
     2051     1.135442274E+01     7.499473212E+00     5.791783813E+01
     2052     1.208358941E+01     5.999473212E+00     5.875117146E+01
     2053     1.281275608E+01     4.499473212E+00     5.958450480E+01
     2054     1.354192274E+01     2.999473212E+00     6.041783813E+01
     2055     1.427108941E+01     1.499473212E+00     6.125117146E+01
     2056     1.430944056E+01     1.657342657E+00     1.813181818E+02
     2057     1.362762238E+01     3.293706294E+00     1.804090909E+02
     2058     1.294580420E+01     4.930069930E+00     1.795000000E+02
     2059     1.226398601E+01     6.566433566E+00     1.785909091E+02
     2060     1.158216783E+01     8.202797203E+00     1.776818182E+02
     2061     1.090034965E+01     9.839160839E+00     1.767727273E+02
     2062     1.021853147E+01     1.147552448E+01     1.758636364E+02
     2063     9.536713287E+00     1.311188811E+01     1.749545455E+02
     2064     8.854895105E+00     1.474825175E+01     1.740454545E+02
     2065     8.173076923E+00     1.638461538E+01     1.731363636E+02
     2066     7.491258741E+00     1.802097902E+01     1.722272727E+02
     2067     1.507221360E+01    -1.444271910E-01     2.021770510E+02
     2068     1.432221360E+01     1.355572809E+00     2.031770510E+02
     2069     1.357221360E+01     2.855572809E+00     2.041770510E+02
     2070     1.282221360E+01     4.355572809E+00     2.051770510E+02
     2071     1.207221360E+01     5.855572809E+00     2.061770510E+02
     2072     1.132221360E+01     7.355572809E+00     2.071770510E+02
     2073     1.057221360E+01     8.855572809E+00     2.081770510E+02
     2074     9.822213595E+00     1.035557281E+01     2.091770510E+02
     2075     9.072213595E+00     1.185557281E+01     2.101770510E+02
     2076     8.322213595E+00     1.335557281E+01     2.111770510E+02
     2077     7.491258741E+00     1.802097902E+01     1.922272727E+02
     2078     8.173076923E+00     1.638461538E+01     1.931363636E+02
     2079     8.854895105E+00     1.474825175E+01     1.940454545E+02
     2080     9.536713287E+00     1.311188811E+01     1.949545455E+02
     2081     1.021853147E+01     1.147552448E+01     1.958636364E+02
     2082     1.090034965E+01     9.839160839E+00     1.967727273E+02
     2083     1.158216783E+01     8.202797203E+00     1.976818182E+02
     2084     1.226398601E+01     6.566433566E+00     1.985909091E+02
     2085     1.294580420E+01     4.930069930E+00     1.995000000E+02
     2086     1.362762238E+01     3.293706294E+00     2.004090909E+02
     2087     1.430944056E+01     1.657342657E+00     2.013181818E+02
     2088     1.500874126E+01    -2.097902098E-02     1.822272727E+02
     2089     1.432692308E+01     1.615384615E+00     1.831363636E+02
     2090     1.364510490E+01     3.251748252E+00     1.840454545E+02
     2091     1.296328671E+01     4.888111888E+00     1.849545455E+02
     2092     1.228146853E+01     6.524475524E+00     1.858636364E+02
     2093     1.159965035E+01     8.160839161E+00     1.867727273E+02
     2094     1.091783217E+01     9.797202797E+00     1.876818182E+02
     2095     1.023601399E+01     1.143356643E+01     1.885909091E+02
     2096     9.554195804E+00     1.306993007E+01     1.895000000E+02
     2097     8.872377622E+00     1.470629371E+01     1.904090909E+02
     2098     8.190559441E+00     1.634265734E+01     1.913181818E+02
     2099     8.505554378E+00     1.039111300E+01     2.310167746E+02
     2100     9.338887711E+00     9.057779662E+00     2.299056635E+02
     2101     1.017222104E+01     7.724446329E+00     2.287945524E+02
     2102     1.100555438E+01     6.391112996E+00     2.276834413E+02
     2103     1.183888771E+01     5.057779662E+00     2.265723302E+02
     2104     1.267222104E+01     3.724446329E+00     2.254612191E+02
     2105     1.350555438E+01     2.391112996E+00     2.243501080E+02
     2106     1.433888771E+01     1.057779662E+00     2.232389969E+02
     2107     1.517222104E+01    -2.755536711E-01     2.221278857E+02
     2108     7.427786405E+00     1.514442719E+01     2.121770510E+02
     2109     8.177786405E+00     1.364442719E+01     2.131770510E+02
     2110     8.927786405E+00     1.214442719E+01     2.141770510E+02
     2111     9.677786405E+00     1.064442719E+01     2.151770510E+02
     2112     1.042778640E+01     9.144427191E+00     2.161770510E+02
     2113     1.117778640E+01     7.644427191E+00     2.171770510E+02
     2114     1.192778640E+01     6.144427191E+00     2.181770510E+02
     2115     1.267778640E+01     4.644427191E+00     2.191770510E+02
     2116     1.342778640E+01     3.144427191E+00     2.201770510E+02
     2117     1.417778640E+01     1.644427191E+00     2.211770510E+02
     2118     7.327778956E+00     1.227555367E+01     2.321278857E+02
     2119     8.161112289E+00     1.094222034E+01     2.332389969E+02
     2120     8.994445622E+00     9.608887004E+00     2.343501080E+02
     2121     9.827778956E+00     8.275553671E+00     2.354612191E+02
     2122     1.066111229E+01     6.942220338E+00     2.365723302E+02
     2123     1.149444562E+01     5.608887004E+00     2.376834413E+02
     2124     1.232777896E+01     4.275553671E+00     2.387945524E+02
     2125     1.316111229E+01     2.942220338E+00     2.399056635E+02
     2126     1.399444562E+01     1.608887004E+00     2.410167746E+02
     2127     9.375000000E-01    -2.000000000E-15     2.418750000E+02
     2128     2.812500000E+00    -2.000000000E-15     2.418750000E+02
     2129     4.687500000E+00    -2.000000000E-15     2.418750000E+02
     2130     6.562500000E+00    -2.000000000E-15     2.418750000E+02
     2131     8.437500000E+00    -2.000000000E-15     2.418750000E+02
     2132     1.031250000E+01    -2.000000000E-15     2.418750000E+02
     2133     1.218750000E+01    -2.000000000E-15     2.418750000E+02
     2134     1.406250000E+01    -2.000000000E-15     2.418750000E+02
     2135     6.964285714E+00     9.750000000E+00     2.418433554E+02
     2136     5.892857143E+00     8.250000000E+00     2.418433554E+02
     2137     4.821428571E+00     6.750000000E+00     2.418433554E+02
     2138     3.750000000E+00     5.250000000E+00     2.418433554E+02
     2139     2.678571429E+00     3.750000000E+00     2.418433554E+02
     2140     1.607142857E+00     2.250000000E+00     2.418433554E+02
     2141     5.357142857E-01     7.500000000E-01     2.418433554E+02
     2142     8.035714286E+00     9.750000000E+00     2.418433554E+02
     2143     9.107142857E+00     8.250000000E+00     2.418433554E+02
     2144     1.017857143E+01     6.750000000E+00     2.418433554E+02
     2145     1.125000000E+01     5.250000000E+00     2.418433554E+02
     2146     1.232142857E+01     3.750000000E+00     2.418433554E+02
     2147     1.339285714E+01     2.250000000E+00     2.418433554E+02
     2148     1.446428571E+01     7.500000000E-01     2.418433554E+02
-1
/wb,elem,start            !  set before creation of elements
/com,*********** Elements for Body 1 'Line Body' ***********
et,1,188
keyo,1,3,2
MAT,1 $ TYPE,1 $ REAL,1 $ SECNUM,1 $ ESYS,0
eblock,11,COMPACT,,11
(11i9)
        1        1        3     1040
        2        3        4     1041
        3        4        5     1042
        4        5        6     1043
        5        6        7     1044
        6        7        8     1045
        7        8        9     1046
        8        9       10     1047
        9       10       11     1048
       10       11       12     1049
       11       12        2     1050
-1
secnum,1    ! reset the section ID to default
!Material Id = {5197256C-ABEC-40DD-9A11-2D96ACF4DDF1}
/com,*********** Elements for Body 2 'Line Body' ***********
et,2,188
keyo,2,3,2
MAT,2 $ TYPE,2 $ REAL,2 $ SECNUM,2 $ ESYS,0
eblock,11,COMPACT,,11
(11i9)
       12        2       14     1051
       13       14       15     1052
       14       15       16     1053
       15       16       17     1054
       16       17       18     1055
       17       18       19     1056
       18       19       20     1057
       19       20       21     1058
       20       21       22     1059
       21       22       23     1060
       22       23       13     1061
-1
secnum,1    ! reset the section ID to default
!Material Id = {305E72FA-75DD-4D27-8920-EB983FA0F7B4}
/com,*********** Elements for Body 3 'Line Body' ***********
et,3,188
keyo,3,3,2
MAT,3 $ TYPE,3 $ REAL,3 $ SECNUM,3 $ ESYS,0
eblock,11,COMPACT,,11
(11i9)
       23       13       25     1062
       24       25       26     1063
       25       26       27     1064
       26       27       28     1065
       27       28       29     1066
       28       29       30     1067
       29       30       31     1068
       30       31       32     1069
       31       32       33     1070
       32       33       34     1071
       33       34       24     1072
-1
secnum,1    ! reset the section ID to default
!Material Id = {FCE79CA0-E84C-4C79-98BC-444CB0350934}
/com,*********** Elements for Body 4 'Line Body' ***********
et,4,188
keyo,4,3,2
MAT,4 $ TYPE,4 $ REAL,4 $ SECNUM,4 $ ESYS,0
eblock,11,COMPACT,,50
(11i9)
       34       35       37     1073
       35       37       38     1074
       36       38       39     1075
       37       39       40     1076
       38       40       41     1077
       39       41       42     1078
       40       42       43     1079
       41       43       44     1080
       42       44       45     1081
       43       45       36     1082
       44       46       47     1083
       45       47       48     1084
       46       48       49     1085
       47       49       50     1086
       48       50       51     1087
       49       51       52     1088
       50       52       53     1089
       51       53       54     1090
       52       54       55     1091
       53       55       35     1092
       54       56       57     1093
       55       57       58     1094
       56       58       59     1095
       57       59       60     1096
       58       60       61     1097
       59       61       62     1098
       60       62       63     1099
       61       63       64     1100
       62       64       65     1101
       63       65       46     1102
       64       56       67     1103
       65       67       68     1104
       66       68       69     1105
       67       69       70     1106
       68       70       71     1107
       69       71       72     1108
       70       72       73     1109
       71       73       74     1110
       72       74       75     1111
       73       75       66     1112
       74       24       76     1113
       75       76       77     1114
       76       77       78     1115
       77       78       79     1116
       78       79       80     1117
       79       80       81     1118
       80       81       82     1119
       81       82       83     1120
       82       83       84     1121
       83       84       66     1122
-1
secnum,1    ! reset the section ID to default
!Material Id = {FD5D472F-EC5A-4EE4-A557-07D951679924}
/com,*********** Elements for Body 5 'Line Body' ***********
et,5,188
keyo,5,3,2
MAT,5 $ TYPE,5 $ REAL,5 $ SECNUM,5 $ ESYS,0
eblock,11,COMPACT,,10
(11i9)
       84       36       86     1123
       85       86       87     1124
       86       87       88     1125
       87       88       89     1126
       88       89       90     1127
       89       90       91     1128
       90       91       92     1129
       91       92       93     1130
       92       93       94     1131
       93       94       85     1132
-1
secnum,1    ! reset the section ID to default
!Material Id = {29B184F0-D302-4A8D-BFA6-876BB82D741B}
/com,*********** Elements for Body 6 'Line Body' ***********
et,6,188
keyo,6,3,2
MAT,6 $ TYPE,6 $ REAL,6 $ SECNUM,6 $ ESYS,0
eblock,11,COMPACT,,10
(11i9)
       94       85       96     1133
       95       96       97     1134
       96       97       98     1135
       97       98       99     1136
       98       99      100     1137
       99      100      101     1138
      100      101      102     1139
      101      102      103     1140
      102      103      104     1141
      103      104       95     1142
-1
secnum,1    ! reset the section ID to default
!Material Id = {E2BE8000-21FE-4C34-B9B4-CB7ACDF03DA2}
/com,*********** Elements for Body 7 'Line Body' ***********
et,7,188
keyo,7,3,2
MAT,7 $ TYPE,7 $ REAL,7 $ SECNUM,7 $ ESYS,0
eblock,11,COMPACT,,10
(11i9)
      104       95      106     1143
      105      106      107     1144
      106      107      108     1145
      107      108      109     1146
      108      109      110     1147
      109      110      111     1148
      110      111      112     1149
      111      112      113     1150
      112      113      114     1151
      113      114      105     1152
-1
secnum,1    ! reset the section ID to default
!Material Id = {2D9F7FFD-27D0-4BBC-AB73-F29BBDC7DE03}
/com,*********** Elements for Body 8 'Line Body' ***********
et,8,188
keyo,8,3,2
MAT,8 $ TYPE,8 $ REAL,8 $ SECNUM,8 $ ESYS,0
eblock,11,COMPACT,,10
(11i9)
      114      105      116     1153
      115      116      117     1154
      116      117      118     1155
      117      118      119     1156
      118      119      120     1157
      119      120      121     1158
      120      121      122     1159
      121      122      123     1160
      122      123      124     1161
      123      124      115     1162
-1
secnum,1    ! reset the section ID to default
!Material Id = {6423D103-F654-4AE0-BA3F-A6CBF264E874}
/com,*********** Elements for Body 9 'Line Body' ***********
et,9,188
keyo,9,3,2
MAT,9 $ TYPE,9 $ REAL,9 $ SECNUM,9 $ ESYS,0
eblock,11,COMPACT,,10
(11i9)
      124        1      126     1163
      125      126      127     1164
      126      127      128     1165
      127      128      129     1166
      128      129      130     1167
      129      130      131     1168
      130      131      132     1169
      131      132      133     1170
      132      133      134     1171
      133      134      125     1172
-1
secnum,1    ! reset the section ID to default
!Material Id = {138DB87B-7DD9-4310-A5DB-401C8E074786}
/com,*********** Elements for Body 10 'Line Body' ***********
et,10,188
keyo,10,3,2
MAT,10 $ TYPE,10 $ REAL,10 $ SECNUM,10 $ ESYS,0
eblock,11,COMPACT,,10
(11i9)
      134      125      136     1173
      135      136      137     1174
      136      137      138     1175
      137      138      139     1176
      138      139      140     1177
      139      140      141     1178
      140      141      142     1179
      141      142      143     1180
      142      143      144     1181
      143      144      135     1182
-1
secnum,1    ! reset the section ID to default
!Material Id = {40E72EC8-3508-491F-969F-D74F4E1D43F0}
/com,*********** Elements for Body 11 'Line Body' ***********
et,11,188
keyo,11,3,2
MAT,11 $ TYPE,11 $ REAL,11 $ SECNUM,11 $ ESYS,0
eblock,11,COMPACT,,10
(11i9)
      144      145      146     1183
      145      146      147     1184
      146      147      148     1185
      147      148      149     1186
      148      149      150     1187
      149      150      151     1188
      150      151      152     1189
      151      152      153     1190
      152      153      154     1191
      153      154      135     1192
-1
secnum,1    ! reset the section ID to default
!Material Id = {DDCF9E6F-7FD6-4BFB-BF0A-924FB360D69B}
/com,*********** Elements for Body 12 'Line Body' ***********
et,12,188
keyo,12,3,2
MAT,12 $ TYPE,12 $ REAL,12 $ SECNUM,12 $ ESYS,0
eblock,11,COMPACT,,50
(11i9)
      154      155      157     1193
      155      157      158     1194
      156      158      159     1195
      157      159      160     1196
      158      160      161     1197
      159      161      162     1198
      160      162      163     1199
      161      163      164     1200
      162      164      165     1201
      163      165      156     1202
      164      166      167     1203
      165      167      168     1204
      166      168      169     1205
      167      169      170     1206
      168      170      171     1207
      169      171      172     1208
      170      172      173     1209
      171      173      174     1210
      172      174      175     1211
      173      175      155     1212
      174      176      177     1213
      175      177      178     1214
      176      178      179     1215
      177      179      180     1216
      178      180      181     1217
      179      181      182     1218
      180      182      183     1219
      181      183      184     1220
      182      184      185     1221
      183      185      166     1222
      184      186      187     1223
      185      187      188     1224
      186      188      189     1225
      187      189      190     1226
      188      190      191     1227
      189      191      192     1228
      190      192      193     1229
      191      193      194     1230
      192      194      195     1231
      193      195      176     1232
      194      145      196     1233
      195      196      197     1234
      196      197      198     1235
      197      198      199     1236
      198      199      200     1237
      199      200      201     1238
      200      201      202     1239
      201      202      203     1240
      202      203      204     1241
      203      204      186     1242
-1
secnum,1    ! reset the section ID to default
!Material Id = {8B387166-3603-4ABD-82DB-B06229E387B0}
/com,*********** Elements for Body 13 'Line Body' ***********
et,13,188
keyo,13,3,2
MAT,13 $ TYPE,13 $ REAL,13 $ SECNUM,13 $ ESYS,0
eblock,11,COMPACT,,10
(11i9)
      204      156      206     1243
      205      206      207     1244
      206      207      208     1245
      207      208      209     1246
      208      209      210     1247
      209      210      211     1248
      210      211      212     1249
      211      212      213     1250
      212      213      214     1251
      213      214      205     1252
-1
secnum,1    ! reset the section ID to default
!Material Id = {013D9B71-A40F-4D0B-8DBF-47AC1BF6C6DD}
/com,*********** Elements for Body 14 'Line Body' ***********
et,14,188
keyo,14,3,2
MAT,14 $ TYPE,14 $ REAL,14 $ SECNUM,14 $ ESYS,0
eblock,11,COMPACT,,10
(11i9)
      214      205      216     1253
      215      216      217     1254
      216      217      218     1255
      217      218      219     1256
      218      219      220     1257
      219      220      221     1258
      220      221      222     1259
      221      222      223     1260
      222      223      224     1261
      223      224      215     1262
-1
secnum,1    ! reset the section ID to default
!Material Id = {E5FC251E-4C74-4870-BDA2-78241F151829}
/com,*********** Elements for Body 15 'Line Body' ***********
et,15,188
keyo,15,3,2
MAT,15 $ TYPE,15 $ REAL,15 $ SECNUM,15 $ ESYS,0
eblock,11,COMPACT,,10
(11i9)
      224      215      226     1263
      225      226      227     1264
      226      227      228     1265
      227      228      229     1266
      228      229      230     1267
      229      230      231     1268
      230      231      232     1269
      231      232      233     1270
      232      233      234     1271
      233      234      225     1272
-1
secnum,1    ! reset the section ID to default
!Material Id = {7654818F-E7F4-4291-B308-9049DB730E01}
/com,*********** Elements for Body 16 'Line Body' ***********
et,16,188
keyo,16,3,2
MAT,16 $ TYPE,16 $ REAL,16 $ SECNUM,16 $ ESYS,0
eblock,11,COMPACT,,10
(11i9)
      234      225      236     1273
      235      236      237     1274
      236      237      238     1275
      237      238      239     1276
      238      239      240     1277
      239      240      241     1278
      240      241      242     1279
      241      242      243     1280
      242      243      244     1281
      243      244      235     1282
-1
secnum,1    ! reset the section ID to default
!Material Id = {3817CB26-9406-4C76-B533-9CB9FC4A0EBC}
/com,*********** Elements for Body 17 'Line Body' ***********
et,17,188
keyo,17,3,2
MAT,17 $ TYPE,17 $ REAL,17 $ SECNUM,17 $ ESYS,0
eblock,11,COMPACT,,13
(11i9)
      244      235      245     1283
      245      245      246     1284
      246      246      247     1285
      247      247      248     1286
      248      248      249     1287
      249      249      250     1288
      250      250      251     1289
      251      251      252     1290
      252      252      253     1291
      253      253      254     1292
      254      254      255     1293
      255      255      256     1294
      256      256      105     1295
-1
secnum,1    ! reset the section ID to default
!Material Id = {5F22D258-0C46-46FB-8286-98C018D636CF}
/com,*********** Elements for Body 18 'Line Body' ***********
et,18,188
keyo,18,3,2
MAT,18 $ TYPE,18 $ REAL,18 $ SECNUM,18 $ ESYS,0
eblock,11,COMPACT,,8
(11i9)
      257      225      257     1296
      258      257      258     1297
      259      258      259     1298
      260      259      260     1299
      261      260      261     1300
      262      261      262     1301
      263      262      263     1302
      264      263      105     1303
-1
secnum,1    ! reset the section ID to default
!Material Id = {FCB1EB67-3903-4FA0-B820-EA7BD7E54B5C}
/com,*********** Elements for Body 19 'Line Body' ***********
et,19,188
keyo,19,3,2
MAT,19 $ TYPE,19 $ REAL,19 $ SECNUM,19 $ ESYS,0
eblock,11,COMPACT,,13
(11i9)
      265      225      264     1304
      266      264      265     1305
      267      265      266     1306
      268      266      267     1307
      269      267      268     1308
      270      268      269     1309
      271      269      270     1310
      272      270      271     1311
      273      271      272     1312
      274      272      273     1313
      275      273      274     1314
      276      274      275     1315
      277      275       95     1316
-1
secnum,1    ! reset the section ID to default
!Material Id = {4F439573-AABE-4A91-9C65-B08128446595}
/com,*********** Elements for Body 20 'Line Body' ***********
et,20,188
keyo,20,3,2
MAT,20 $ TYPE,20 $ REAL,20 $ SECNUM,20 $ ESYS,0
eblock,11,COMPACT,,8
(11i9)
      278       95      276     1317
      279      276      277     1318
      280      277      278     1319
      281      278      279     1320
      282      279      280     1321
      283      280      281     1322
      284      281      282     1323
      285      282      215     1324
-1
secnum,1    ! reset the section ID to default
!Material Id = {452C1620-D68F-48DB-AF0E-35FFEFF1EA0E}
/com,*********** Elements for Body 21 'Line Body' ***********
et,21,188
keyo,21,3,2
MAT,21 $ TYPE,21 $ REAL,21 $ SECNUM,21 $ ESYS,0
eblock,11,COMPACT,,13
(11i9)
      286      215      283     1325
      287      283      284     1326
      288      284      285     1327
      289      285      286     1328
      290      286      287     1329
      291      287      288     1330
      292      288      289     1331
      293      289      290     1332
      294      290      291     1333
      295      291      292     1334
      296      292      293     1335
      297      293      294     1336
      298      294       85     1337
-1
secnum,1    ! reset the section ID to default
!Material Id = {AF8084E0-48AD-4E2E-A032-7B40CEFE96FE}
/com,*********** Elements for Body 22 'Line Body' ***********
et,22,188
keyo,22,3,2
MAT,22 $ TYPE,22 $ REAL,22 $ SECNUM,22 $ ESYS,0
eblock,11,COMPACT,,8
(11i9)
      299      205      295     1338
      300      295      296     1339
      301      296      297     1340
      302      297      298     1341
      303      298      299     1342
      304      299      300     1343
      305      300      301     1344
      306      301       85     1345
-1
secnum,1    ! reset the section ID to default
!Material Id = {DFCDCAF8-985D-4E46-83DC-CBCBC4C312DB}
/com,*********** Elements for Body 23 'Line Body' ***********
et,23,188
keyo,23,3,2
MAT,23 $ TYPE,23 $ REAL,23 $ SECNUM,23 $ ESYS,0
eblock,11,COMPACT,,13
(11i9)
      307      205      302     1346
      308      302      303     1347
      309      303      304     1348
      310      304      305     1349
      311      305      306     1350
      312      306      307     1351
      313      307      308     1352
      314      308      309     1353
      315      309      310     1354
      316      310      311     1355
      317      311      312     1356
      318      312      313     1357
      319      313       36     1358
-1
secnum,1    ! reset the section ID to default
!Material Id = {7BE1B08A-BC8E-4346-AFDF-E1A815887D22}
/com,*********** Elements for Body 24 'Line Body' ***********
et,24,188
keyo,24,3,2
MAT,24 $ TYPE,24 $ REAL,24 $ SECNUM,24 $ ESYS,0
eblock,11,COMPACT,,8
(11i9)
      320      156      314     1359
      321      314      315     1360
      322      315      316     1361
      323      316      317     1362
      324      317      318     1363
      325      318      319     1364
      326      319      320     1365
      327      320       36     1366
-1
secnum,1    ! reset the section ID to default
!Material Id = {38B94B99-F5C9-42BC-A904-04EA07ABD69D}
/com,*********** Elements for Body 25 'Line Body' ***********
et,25,188
keyo,25,3,2
MAT,25 $ TYPE,25 $ REAL,25 $ SECNUM,25 $ ESYS,0
eblock,11,COMPACT,,13
(11i9)
      328      156      321     1367
      329      321      322     1368
      330      322      323     1369
      331      323      324     1370
      332      324      325     1371
      333      325      326     1372
      334      326      327     1373
      335      327      328     1374
      336      328      329     1375
      337      329      330     1376
      338      330      331     1377
      339      331      332     1378
      340      332       35     1379
-1
secnum,1    ! reset the section ID to default
!Material Id = {B57EBB63-522D-43EA-A7F0-4C45B7F6444C}
/com,*********** Elements for Body 26 'Line Body' ***********
et,26,188
keyo,26,3,2
MAT,26 $ TYPE,26 $ REAL,26 $ SECNUM,26 $ ESYS,0
eblock,11,COMPACT,,8
(11i9)
      341       35      333     1380
      342      333      334     1381
      343      334      335     1382
      344      335      336     1383
      345      336      337     1384
      346      337      338     1385
      347      338      339     1386
      348      339      155     1387
-1
secnum,1    ! reset the section ID to default
!Material Id = {57961C50-66EF-4960-8AE7-2F33F76463F0}
/com,*********** Elements for Body 27 'Line Body' ***********
et,27,188
keyo,27,3,2
MAT,27 $ TYPE,27 $ REAL,27 $ SECNUM,27 $ ESYS,0
eblock,11,COMPACT,,13
(11i9)
      349      155      340     1388
      350      340      341     1389
      351      341      342     1390
      352      342      343     1391
      353      343      344     1392
      354      344      345     1393
      355      345      346     1394
      356      346      347     1395
      357      347      348     1396
      358      348      349     1397
      359      349      350     1398
      360      350      351     1399
      361      351       46     1400
-1
secnum,1    ! reset the section ID to default
!Material Id = {6668C864-D951-4BA3-9217-FB4C7A8555E3}
/com,*********** Elements for Body 28 'Line Body' ***********
et,28,188
keyo,28,3,2
MAT,28 $ TYPE,28 $ REAL,28 $ SECNUM,28 $ ESYS,0
eblock,11,COMPACT,,8
(11i9)
      362       46      352     1401
      363      352      353     1402
      364      353      354     1403
      365      354      355     1404
      366      355      356     1405
      367      356      357     1406
      368      357      358     1407
      369      358      166     1408
-1
secnum,1    ! reset the section ID to default
!Material Id = {BCDF1E1A-F8C1-47DA-9BCB-43C1191CA04C}
/com,*********** Elements for Body 29 'Line Body' ***********
et,29,188
keyo,29,3,2
MAT,29 $ TYPE,29 $ REAL,29 $ SECNUM,29 $ ESYS,0
eblock,11,COMPACT,,13
(11i9)
      370      166      359     1409
      371      359      360     1410
      372      360      361     1411
      373      361      362     1412
      374      362      363     1413
      375      363      364     1414
      376      364      365     1415
      377      365      366     1416
      378      366      367     1417
      379      367      368     1418
      380      368      369     1419
      381      369      370     1420
      382      370       56     1421
-1
secnum,1    ! reset the section ID to default
!Material Id = {3C157E39-D421-49AA-BC79-3F935706DCC6}
/com,*********** Elements for Body 30 'Line Body' ***********
et,30,188
keyo,30,3,2
MAT,30 $ TYPE,30 $ REAL,30 $ SECNUM,30 $ ESYS,0
eblock,11,COMPACT,,8
(11i9)
      383      176      371     1422
      384      371      372     1423
      385      372      373     1424
      386      373      374     1425
      387      374      375     1426
      388      375      376     1427
      389      376      377     1428
      390      377       56     1429
-1
secnum,1    ! reset the section ID to default
!Material Id = {B71B1AB6-144B-4373-B9CA-F6E7B576A76F}
/com,*********** Elements for Body 31 'Line Body' ***********
et,31,188
keyo,31,3,2
MAT,31 $ TYPE,31 $ REAL,31 $ SECNUM,31 $ ESYS,0
eblock,11,COMPACT,,13
(11i9)
      391      176      378     1430
      392      378      379     1431
      393      379      380     1432
      394      380      381     1433
      395      381      382     1434
      396      382      383     1435
      397      383      384     1436
      398      384      385     1437
      399      385      386     1438
      400      386      387     1439
      401      387      388     1440
      402      388      389     1441
      403      389       66     1442
-1
secnum,1    ! reset the section ID to default
!Material Id = {D9FECC29-06DE-4784-B365-1245B3326A53}
/com,*********** Elements for Body 32 'Line Body' ***********
et,32,188
keyo,32,3,2
MAT,32 $ TYPE,32 $ REAL,32 $ SECNUM,32 $ ESYS,0
eblock,11,COMPACT,,8
(11i9)
      404       66      390     1443
      405      390      391     1444
      406      391      392     1445
      407      392      393     1446
      408      393      394     1447
      409      394      395     1448
      410      395      396     1449
      411      396      186     1450
-1
secnum,1    ! reset the section ID to default
!Material Id = {18EB3ECD-A789-4275-B133-80D29F65203B}
/com,*********** Elements for Body 33 'Line Body' ***********
et,33,188
keyo,33,3,2
MAT,33 $ TYPE,33 $ REAL,33 $ SECNUM,33 $ ESYS,0
eblock,11,COMPACT,,13
(11i9)
      412      186      397     1451
      413      397      398     1452
      414      398      399     1453
      415      399      400     1454
      416      400      401     1455
      417      401      402     1456
      418      402      403     1457
      419      403      404     1458
      420      404      405     1459
      421      405      406     1460
      422      406      407     1461
      423      407      408     1462
      424      408       24     1463
-1
secnum,1    ! reset the section ID to default
!Material Id = {85D55CFC-427E-4E19-9CBF-6A10ADE2A0DB}
/com,*********** Elements for Body 34 'Line Body' ***********
et,34,188
keyo,34,3,2
MAT,34 $ TYPE,34 $ REAL,34 $ SECNUM,34 $ ESYS,0
eblock,11,COMPACT,,8
(11i9)
      425       24      409     1464
      426      409      410     1465
      427      410      411     1466
      428      411      412     1467
      429      412      413     1468
      430      413      414     1469
      431      414      415     1470
      432      415      145     1471
-1
secnum,1    ! reset the section ID to default
!Material Id = {866D62B7-A8F0-4CA0-A495-E2A64C77891F}
/com,*********** Elements for Body 35 'Line Body' ***********
et,35,188
keyo,35,3,2
MAT,35 $ TYPE,35 $ REAL,35 $ SECNUM,35 $ ESYS,0
eblock,11,COMPACT,,12
(11i9)
      433      145      416     1472
      434      416      417     1473
      435      417      418     1474
      436      418      419     1475
      437      419      420     1476
      438      420      421     1477
      439      421      422     1478
      440      422      423     1479
      441      423      424     1480
      442      424      425     1481
      443      425      426     1482
      444      426       13     1483
-1
secnum,1    ! reset the section ID to default
!Material Id = {F96100CB-E6FD-46F4-ADAB-8BCB4AF18976}
/com,*********** Elements for Body 36 'Line Body' ***********
et,36,188
keyo,36,3,2
MAT,36 $ TYPE,36 $ REAL,36 $ SECNUM,36 $ ESYS,0
eblock,11,COMPACT,,5
(11i9)
      445       13      427     1484
      446      427      428     1485
      447      428      429     1486
      448      429      430     1487
      449      430      135     1488
-1
secnum,1    ! reset the section ID to default
!Material Id = {C422E638-EBBE-4688-BC4B-E918B6A523E2}
/com,*********** Elements for Body 37 'Line Body' ***********
et,37,188
keyo,37,3,2
MAT,37 $ TYPE,37 $ REAL,37 $ SECNUM,37 $ ESYS,0
eblock,11,COMPACT,,11
(11i9)
      450      135      431     1489
      451      431      432     1490
      452      432      433     1491
      453      433      434     1492
      454      434      435     1493
      455      435      436     1494
      456      436      437     1495
      457      437      438     1496
      458      438      439     1497
      459      439      440     1498
      460      440        2     1499
-1
secnum,1    ! reset the section ID to default
!Material Id = {0EE1A85C-62FE-4160-A511-744DD77EF824}
/com,*********** Elements for Body 38 'Line Body' ***********
et,38,188
keyo,38,3,2
MAT,38 $ TYPE,38 $ REAL,38 $ SECNUM,38 $ ESYS,0
eblock,11,COMPACT,,3
(11i9)
      461        2      441     1500
      462      441      442     1501
      463      442      125     1502
-1
secnum,1    ! reset the section ID to default
!Material Id = {9FD49ABE-B0B4-4C8F-B436-D7348FD22B35}
/com,*********** Elements for Body 39 'Line Body' ***********
et,39,188
keyo,39,3,2
MAT,39 $ TYPE,39 $ REAL,39 $ SECNUM,39 $ ESYS,0
eblock,11,COMPACT,,28
(11i9)
      464      443      445     1503
      465      445      446     1504
      466      446      447     1505
      467      447      448     1506
      468      448      449     1507
      469      449      450     1508
      470      450      451     1509
      471      451      452     1510
      472      452      453     1511
      473      453      454     1512
      474      454      444     1513
      475      455      456     1514
      476      456      457     1515
      477      457      458     1516
      478      458      459     1517
      479      459      460     1518
      480      460      461     1519
      481      461      462     1520
      482      462      463     1521
      483      463      464     1522
      484      464      465     1523
      485      465      443     1524
      486      466      467     1525
      487      467      468     1526
      488      468      469     1527
      489      469      470     1528
      490      470      471     1529
      491      471      455     1530
-1
secnum,1    ! reset the section ID to default
!Material Id = {E897163A-A950-4EF7-83EB-00623F253CA5}
/com,*********** Elements for Body 40 'Line Body' ***********
et,40,188
keyo,40,3,2
MAT,40 $ TYPE,40 $ REAL,40 $ SECNUM,40 $ ESYS,0
eblock,11,COMPACT,,10
(11i9)
      492      444      473     1531
      493      473      474     1532
      494      474      475     1533
      495      475      476     1534
      496      476      477     1535
      497      477      478     1536
      498      478      479     1537
      499      479      480     1538
      500      480      481     1539
      501      481      472     1540
-1
secnum,1    ! reset the section ID to default
!Material Id = {B8073BDE-CF12-4FE0-96D4-123C8B7B2430}
/com,*********** Elements for Body 41 'Line Body' ***********
et,41,188
keyo,41,3,2
MAT,41 $ TYPE,41 $ REAL,41 $ SECNUM,41 $ ESYS,0
eblock,11,COMPACT,,10
(11i9)
      502      472      483     1541
      503      483      484     1542
      504      484      485     1543
      505      485      486     1544
      506      486      487     1545
      507      487      488     1546
      508      488      489     1547
      509      489      490     1548
      510      490      491     1549
      511      491      482     1550
-1
secnum,1    ! reset the section ID to default
!Material Id = {303D967D-DC3C-415F-94AB-2E689B83AB85}
/com,*********** Elements for Body 42 'Line Body' ***********
et,42,188
keyo,42,3,2
MAT,42 $ TYPE,42 $ REAL,42 $ SECNUM,42 $ ESYS,0
eblock,11,COMPACT,,51
(11i9)
      512      492      494     1551
      513      494      495     1552
      514      495      496     1553
      515      496      497     1554
      516      497      498     1555
      517      498      493     1556
      518      499      500     1557
      519      500      501     1558
      520      501      502     1559
      521      502      503     1560
      522      503      492     1561
      523      504      505     1562
      524      505      506     1563
      525      506      507     1564
      526      507      508     1565
      527      508      509     1566
      528      509      510     1567
      529      510      511     1568
      530      511      512     1569
      531      512      513     1570
      532      513      499     1571
      533      514      515     1572
      534      515      516     1573
      535      516      517     1574
      536      517      518     1575
      537      518      519     1576
      538      519      520     1577
      539      520      521     1578
      540      521      522     1579
      541      522      523     1580
      542      523      504     1581
      543      524      525     1582
      544      525      526     1583
      545      526      527     1584
      546      527      528     1585
      547      528      529     1586
      548      529      530     1587
      549      530      531     1588
      550      531      532     1589
      551      532      533     1590
      552      533      514     1591
      553      482      534     1592
      554      534      535     1593
      555      535      536     1594
      556      536      537     1595
      557      537      538     1596
      558      538      539     1597
      559      539      540     1598
      560      540      541     1599
      561      541      542     1600
      562      542      524     1601
-1
secnum,1    ! reset the section ID to default
!Material Id = {289F57AE-C76C-4143-8741-03A829CCCF8F}
/com,*********** Elements for Body 43 'Line Body' ***********
et,43,188
keyo,43,3,2
MAT,43 $ TYPE,43 $ REAL,43 $ SECNUM,43 $ ESYS,0
eblock,11,COMPACT,,22
(11i9)
      563      543      545     1602
      564      545      546     1603
      565      546      547     1604
      566      547      548     1605
      567      548      549     1606
      568      549      550     1607
      569      550      551     1608
      570      551      552     1609
      571      552      553     1610
      572      553      554     1611
      573      554      544     1612
      574      493      555     1613
      575      555      556     1614
      576      556      557     1615
      577      557      558     1616
      578      558      559     1617
      579      559      560     1618
      580      560      561     1619
      581      561      562     1620
      582      562      563     1621
      583      563      564     1622
      584      564      543     1623
-1
secnum,1    ! reset the section ID to default
!Material Id = {C192203B-B40A-44E5-A869-9068F781E8DE}
/com,*********** Elements for Body 44 'Line Body' ***********
et,44,188
keyo,44,3,2
MAT,44 $ TYPE,44 $ REAL,44 $ SECNUM,44 $ ESYS,0
eblock,11,COMPACT,,10
(11i9)
      585      544      565     1624
      586      565      566     1625
      587      566      567     1626
      588      567      568     1627
      589      568      569     1628
      590      569      570     1629
      591      570      571     1630
      592      571      572     1631
      593      572      573     1632
      594      573        1     1633
-1
secnum,1    ! reset the section ID to default
!Material Id = {74BB8C95-298C-4F81-9811-E94C6225715F}
/com,*********** Elements for Body 45 'Line Body' ***********
et,45,188
keyo,45,3,2
MAT,45 $ TYPE,45 $ REAL,45 $ SECNUM,45 $ ESYS,0
eblock,11,COMPACT,,10
(11i9)
      595      544      574     1634
      596      574      575     1635
      597      575      576     1636
      598      576      577     1637
      599      577      578     1638
      600      578      579     1639
      601      579      580     1640
      602      580      581     1641
      603      581      582     1642
      604      582      125     1643
-1
secnum,1    ! reset the section ID to default
!Material Id = {A50F3F5A-0407-4D59-BF27-9A595F2E10FA}
/com,*********** Elements for Body 46 'Line Body' ***********
et,46,188
keyo,46,3,2
MAT,46 $ TYPE,46 $ REAL,46 $ SECNUM,46 $ ESYS,0
eblock,11,COMPACT,,11
(11i9)
      605      125      583     1644
      606      583      584     1645
      607      584      585     1646
      608      585      586     1647
      609      586      587     1648
      610      587      588     1649
      611      588      589     1650
      612      589      590     1651
      613      590      591     1652
      614      591      592     1653
      615      592      543     1654
-1
secnum,1    ! reset the section ID to default
!Material Id = {0D3A02F0-CFF0-4F12-A3C7-1045C243D11F}
/com,*********** Elements for Body 47 'Line Body' ***********
et,47,188
keyo,47,3,2
MAT,47 $ TYPE,47 $ REAL,47 $ SECNUM,47 $ ESYS,0
eblock,11,COMPACT,,154
(11i9)
      616      156      593     1655
      617      593      594     1656
      618      594      595     1657
      619      595      596     1658
      620      596      597     1659
      621      597      598     1660
      622      598      599     1661
      623      599      600     1662
      624      600      601     1663
      625      601      602     1664
      626      602      472     1665
      627      482      603     1666
      628      603      604     1667
      629      604      605     1668
      630      605      606     1669
      631      606      607     1670
      632      607      608     1671
      633      608      609     1672
      634      609      610     1673
      635      610      611     1674
      636      611      612     1675
      637      612      156     1676
      638      482      613     1677
      639      613      614     1678
      640      614      615     1679
      641      615      616     1680
      642      616      617     1681
      643      617      618     1682
      644      618      619     1683
      645      619      620     1684
      646      620      621     1685
      647      621      622     1686
      648      622      155     1687
      649      524      623     1688
      650      623      624     1689
      651      624      625     1690
      652      625      626     1691
      653      626      627     1692
      654      627      628     1693
      655      628      629     1694
      656      629      630     1695
      657      630      631     1696
      658      631      632     1697
      659      632      155     1698
      660      524      633     1699
      661      633      634     1700
      662      634      635     1701
      663      635      636     1702
      664      636      637     1703
      665      637      638     1704
      666      638      639     1705
      667      639      640     1706
      668      640      641     1707
      669      641      642     1708
      670      642      166     1709
      671      514      643     1710
      672      643      644     1711
      673      644      645     1712
      674      645      646     1713
      675      646      647     1714
      676      647      648     1715
      677      648      649     1716
      678      649      650     1717
      679      650      651     1718
      680      651      652     1719
      681      652      166     1720
      682      514      653     1721
      683      653      654     1722
      684      654      655     1723
      685      655      656     1724
      686      656      657     1725
      687      657      658     1726
      688      658      659     1727
      689      659      660     1728
      690      660      661     1729
      691      661      662     1730
      692      662      176     1731
      693      504      663     1732
      694      663      664     1733
      695      664      665     1734
      696      665      666     1735
      697      666      667     1736
      698      667      668     1737
      699      668      669     1738
      700      669      670     1739
      701      670      671     1740
      702      671      672     1741
      703      672      176     1742
      704      186      673     1743
      705      673      674     1744
      706      674      675     1745
      707      675      676     1746
      708      676      677     1747
      709      677      678     1748
      710      678      679     1749
      711      679      680     1750
      712      680      681     1751
      713      681      682     1752
      714      682      504     1753
      715      499      683     1754
      716      683      684     1755
      717      684      685     1756
      718      685      686     1757
      719      686      687     1758
      720      687      688     1759
      721      688      689     1760
      722      689      690     1761
      723      690      691     1762
      724      691      692     1763
      725      692      186     1764
      726      145      693     1765
      727      693      694     1766
      728      694      695     1767
      729      695      696     1768
      730      696      697     1769
      731      697      698     1770
      732      698      699     1771
      733      699      700     1772
      734      700      701     1773
      735      701      702     1774
      736      702      499     1775
      737      493      703     1776
      738      703      704     1777
      739      704      705     1778
      740      705      706     1779
      741      706      707     1780
      742      707      708     1781
      743      708      709     1782
      744      709      710     1783
      745      710      711     1784
      746      711      712     1785
      747      712      145     1786
      748      135      713     1787
      749      713      714     1788
      750      714      715     1789
      751      715      716     1790
      752      716      717     1791
      753      717      718     1792
      754      718      719     1793
      755      719      720     1794
      756      720      721     1795
      757      721      722     1796
      758      722      493     1797
      759      543      723     1798
      760      723      724     1799
      761      724      725     1800
      762      725      726     1801
      763      726      727     1802
      764      727      728     1803
      765      728      729     1804
      766      729      730     1805
      767      730      731     1806
      768      731      732     1807
      769      732      135     1808
-1
secnum,1    ! reset the section ID to default
!Material Id = {E5D33A24-43CA-476B-9DB3-D1230E7C14F2}
/com,*********** Elements for Body 48 'Line Body' ***********
et,48,188
keyo,48,3,2
MAT,48 $ TYPE,48 $ REAL,48 $ SECNUM,48 $ ESYS,0
eblock,11,COMPACT,,11
(11i9)
      770      472      733     1809
      771      733      734     1810
      772      734      735     1811
      773      735      736     1812
      774      736      737     1813
      775      737      738     1814
      776      738      739     1815
      777      739      740     1816
      778      740      741     1817
      779      741      742     1818
      780      742      205     1819
-1
secnum,1    ! reset the section ID to default
!Material Id = {8D2FE741-E0E7-49AF-A55D-A6F586066084}
/com,*********** Elements for Body 49 'Line Body' ***********
et,49,188
keyo,49,3,2
MAT,49 $ TYPE,49 $ REAL,49 $ SECNUM,49 $ ESYS,0
eblock,11,COMPACT,,32
(11i9)
      781      215      743     1820
      782      743      744     1821
      783      744      745     1822
      784      745      746     1823
      785      746      747     1824
      786      747      748     1825
      787      748      749     1826
      788      749      750     1827
      789      750      751     1828
      790      751      443     1829
      791      444      752     1830
      792      752      753     1831
      793      753      754     1832
      794      754      755     1833
      795      755      756     1834
      796      756      757     1835
      797      757      758     1836
      798      758      759     1837
      799      759      760     1838
      800      760      761     1839
      801      761      215     1840
      802      444      762     1841
      803      762      763     1842
      804      763      764     1843
      805      764      765     1844
      806      765      766     1845
      807      766      767     1846
      808      767      768     1847
      809      768      769     1848
      810      769      770     1849
      811      770      771     1850
      812      771      205     1851
-1
secnum,1    ! reset the section ID to default
!Material Id = {F3C53960-36AE-4529-80B4-87DAD2579892}
/com,*********** Elements for Body 50 'Line Body' ***********
et,50,188
keyo,50,3,2
MAT,50 $ TYPE,50 $ REAL,50 $ SECNUM,50 $ ESYS,0
eblock,11,COMPACT,,19
(11i9)
      813      225      772     1852
      814      772      773     1853
      815      773      774     1854
      816      774      775     1855
      817      775      776     1856
      818      776      777     1857
      819      777      778     1858
      820      778      779     1859
      821      779      455     1860
      822      443      780     1861
      823      780      781     1862
      824      781      782     1863
      825      782      783     1864
      826      783      784     1865
      827      784      785     1866
      828      785      786     1867
      829      786      787     1868
      830      787      788     1869
      831      788      225     1870
-1
secnum,1    ! reset the section ID to default
!Material Id = {C00587B9-F9C7-43A5-8F59-035F5066CDB5}
/com,*********** Elements for Body 51 'Line Body' ***********
et,51,188
keyo,51,3,2
MAT,51 $ TYPE,51 $ REAL,51 $ SECNUM,51 $ ESYS,0
eblock,11,COMPACT,,9
(11i9)
      832      455      789     1871
      833      789      790     1872
      834      790      791     1873
      835      791      792     1874
      836      792      793     1875
      837      793      794     1876
      838      794      795     1877
      839      795      796     1878
      840      796      235     1879
-1
secnum,1    ! reset the section ID to default
!Material Id = {114059C9-533B-4EA8-AC35-C1C339EF0C31}
/com,*********** Elements for Body 52 'Line Body' ***********
et,52,188
keyo,52,3,2
MAT,52 $ TYPE,52 $ REAL,52 $ SECNUM,52 $ ESYS,0
eblock,11,COMPACT,,10
(11i9)
      841        2      797     1880
      842      797      798     1881
      843      798      799     1882
      844      799      800     1883
      845      800      801     1884
      846      801      802     1885
      847      802      803     1886
      848      803      804     1887
      849      804      805     1888
      850      805      544     1889
-1
secnum,1    ! reset the section ID to default
!Material Id = {655236F6-82DF-4CFD-A923-8D519CCBA295}
/com,*********** Elements for Body 53 'Line Body' ***********
et,53,188
keyo,53,3,2
MAT,53 $ TYPE,53 $ REAL,53 $ SECNUM,53 $ ESYS,0
eblock,11,COMPACT,,11
(11i9)
      851        2      806     1890
      852      806      807     1891
      853      807      808     1892
      854      808      809     1893
      855      809      810     1894
      856      810      811     1895
      857      811      812     1896
      858      812      813     1897
      859      813      814     1898
      860      814      815     1899
      861      815      543     1900
-1
secnum,1    ! reset the section ID to default
!Material Id = {61F2D3E9-6FC5-4C1D-A69E-4E7B5DC49918}
/com,*********** Elements for Body 54 'Line Body' ***********
et,54,188
keyo,54,3,2
MAT,54 $ TYPE,54 $ REAL,54 $ SECNUM,54 $ ESYS,0
eblock,11,COMPACT,,11
(11i9)
      862       13      816     1901
      863      816      817     1902
      864      817      818     1903
      865      818      819     1904
      866      819      820     1905
      867      820      821     1906
      868      821      822     1907
      869      822      823     1908
      870      823      824     1909
      871      824      825     1910
      872      825      543     1911
-1
secnum,1    ! reset the section ID to default
!Material Id = {867F26AF-6101-4136-A985-DAD10186687C}
/com,*********** Elements for Body 55 'Line Body' ***********
et,55,188
keyo,55,3,2
MAT,55 $ TYPE,55 $ REAL,55 $ SECNUM,55 $ ESYS,0
eblock,11,COMPACT,,11
(11i9)
      873      493      826     1912
      874      826      827     1913
      875      827      828     1914
      876      828      829     1915
      877      829      830     1916
      878      830      831     1917
      879      831      832     1918
      880      832      833     1919
      881      833      834     1920
      882      834      835     1921
      883      835       13     1922
-1
secnum,1    ! reset the section ID to default
!Material Id = {7BAF2405-CE1D-4B5B-AB9C-720B639C84F0}
/com,*********** Elements for Body 56 'Line Body' ***********
et,56,188
keyo,56,3,2
MAT,56 $ TYPE,56 $ REAL,56 $ SECNUM,56 $ ESYS,0
eblock,11,COMPACT,,133
(11i9)
      884       36      836     1923
      885      836      837     1924
      886      837      838     1925
      887      838      839     1926
      888      839      840     1927
      889      840      841     1928
      890      841      842     1929
      891      842      843     1930
      892      843      844     1931
      893      844      845     1932
      894      845      472     1933
      895      482      846     1934
      896      846      847     1935
      897      847      848     1936
      898      848      849     1937
      899      849      850     1938
      900      850      851     1939
      901      851      852     1940
      902      852      853     1941
      903      853      854     1942
      904      854      855     1943
      905      855       36     1944
      906       35      856     1945
      907      856      857     1946
      908      857      858     1947
      909      858      859     1948
      910      859      860     1949
      911      860      861     1950
      912      861      862     1951
      913      862      863     1952
      914      863      864     1953
      915      864      865     1954
      916      865      482     1955
      917      524      866     1956
      918      866      867     1957
      919      867      868     1958
      920      868      869     1959
      921      869      870     1960
      922      870      871     1961
      923      871      872     1962
      924      872      873     1963
      925      873      874     1964
      926      874      875     1965
      927      875       35     1966
      928       46      876     1967
      929      876      877     1968
      930      877      878     1969
      931      878      879     1970
      932      879      880     1971
      933      880      881     1972
      934      881      882     1973
      935      882      883     1974
      936      883      884     1975
      937      884      885     1976
      938      885      524     1977
      939      514      886     1978
      940      886      887     1979
      941      887      888     1980
      942      888      889     1981
      943      889      890     1982
      944      890      891     1983
      945      891      892     1984
      946      892      893     1985
      947      893      894     1986
      948      894      895     1987
      949      895       46     1988
      950       56      896     1989
      951      896      897     1990
      952      897      898     1991
      953      898      899     1992
      954      899      900     1993
      955      900      901     1994
      956      901      902     1995
      957      902      903     1996
      958      903      904     1997
      959      904      905     1998
      960      905      514     1999
      961      504      906     2000
      962      906      907     2001
      963      907      908     2002
      964      908      909     2003
      965      909      910     2004
      966      910      911     2005
      967      911      912     2006
      968      912      913     2007
      969      913      914     2008
      970      914      915     2009
      971      915       56     2010
      972       66      916     2011
      973      916      917     2012
      974      917      918     2013
      975      918      919     2014
      976      919      920     2015
      977      920      921     2016
      978      921      922     2017
      979      922      923     2018
      980      923      924     2019
      981      924      925     2020
      982      925      504     2021
      983      499      926     2022
      984      926      927     2023
      985      927      928     2024
      986      928      929     2025
      987      929      930     2026
      988      930      931     2027
      989      931      932     2028
      990      932      933     2029
      991      933      934     2030
      992      934      935     2031
      993      935       66     2032
      994       24      936     2033
      995      936      937     2034
      996      937      938     2035
      997      938      939     2036
      998      939      940     2037
      999      940      941     2038
     1000      941      942     2039
     1001      942      943     2040
     1002      943      944     2041
     1003      944      945     2042
     1004      945      499     2043
     1005      493      946     2044
     1006      946      947     2045
     1007      947      948     2046
     1008      948      949     2047
     1009      949      950     2048
     1010      950      951     2049
     1011      951      952     2050
     1012      952      953     2051
     1013      953      954     2052
     1014      954      955     2053
     1015      955      956     2054
     1016      956       24     2055
-1
secnum,1    ! reset the section ID to default
!Material Id = {A14FDFF4-EE29-4D17-945E-7E79C920C183}
/com,*********** Elements for Body 57 'Line Body' ***********
et,57,188
keyo,57,3,2
MAT,57 $ TYPE,57 $ REAL,57 $ SECNUM,57 $ ESYS,0
eblock,11,COMPACT,,11
(11i9)
     1017       85      957     2056
     1018      957      958     2057
     1019      958      959     2058
     1020      959      960     2059
     1021      960      961     2060
     1022      961      962     2061
     1023      962      963     2062
     1024      963      964     2063
     1025      964      965     2064
     1026      965      966     2065
     1027      966      472     2066
-1
secnum,1    ! reset the section ID to default
!Material Id = {58D24D50-A7D3-48FC-BD2D-411E0945328D}
/com,*********** Elements for Body 58 'Line Body' ***********
et,58,188
keyo,58,3,2
MAT,58 $ TYPE,58 $ REAL,58 $ SECNUM,58 $ ESYS,0
eblock,11,COMPACT,,32
(11i9)
     1028       95      967     2067
     1029      967      968     2068
     1030      968      969     2069
     1031      969      970     2070
     1032      970      971     2071
     1033      971      972     2072
     1034      972      973     2073
     1035      973      974     2074
     1036      974      975     2075
     1037      975      443     2076
     1038      444      976     2077
     1039      976      977     2078
     1040      977      978     2079
     1041      978      979     2080
     1042      979      980     2081
     1043      980      981     2082
     1044      981      982     2083
     1045      982      983     2084
     1046      983      984     2085
     1047      984      985     2086
     1048      985       95     2087
     1049       85      986     2088
     1050      986      987     2089
     1051      987      988     2090
     1052      988      989     2091
     1053      989      990     2092
     1054      990      991     2093
     1055      991      992     2094
     1056      992      993     2095
     1057      993      994     2096
     1058      994      995     2097
     1059      995      444     2098
-1
secnum,1    ! reset the section ID to default
!Material Id = {CD6F8626-F5A2-4420-85D6-97AB3E0B0A74}
/com,*********** Elements for Body 59 'Line Body' ***********
et,59,188
keyo,59,3,2
MAT,59 $ TYPE,59 $ REAL,59 $ SECNUM,59 $ ESYS,0
eblock,11,COMPACT,,19
(11i9)
     1060      455      996     2099
     1061      996      997     2100
     1062      997      998     2101
     1063      998      999     2102
     1064      999     1000     2103
     1065     1000     1001     2104
     1066     1001     1002     2105
     1067     1002     1003     2106
     1068     1003      105     2107
     1069      443     1004     2108
     1070     1004     1005     2109
     1071     1005     1006     2110
     1072     1006     1007     2111
     1073     1007     1008     2112
     1074     1008     1009     2113
     1075     1009     1010     2114
     1076     1010     1011     2115
     1077     1011     1012     2116
     1078     1012      105     2117
-1
secnum,1    ! reset the section ID to default
!Material Id = {73D834CB-FF05-4F35-B3F0-AEE642FC87CB}
/com,*********** Elements for Body 60 'Line Body' ***********
et,60,188
keyo,60,3,2
MAT,60 $ TYPE,60 $ REAL,60 $ SECNUM,60 $ ESYS,0
eblock,11,COMPACT,,9
(11i9)
     1079      455     1013     2118
     1080     1013     1014     2119
     1081     1014     1015     2120
     1082     1015     1016     2121
     1083     1016     1017     2122
     1084     1017     1018     2123
     1085     1018     1019     2124
     1086     1019     1020     2125
     1087     1020      115     2126
-1
secnum,1    ! reset the section ID to default
!Material Id = {A07293C6-ABEF-4DF0-B45A-42D2A518C39C}
/com,*********** Elements for Body 61 'Line Body' ***********
et,61,188
keyo,61,3,2
MAT,61 $ TYPE,61 $ REAL,61 $ SECNUM,61 $ ESYS,0
eblock,11,COMPACT,,22
(11i9)
     1088      235     1021     2127
     1089     1021     1022     2128
     1090     1022     1023     2129
     1091     1023     1024     2130
     1092     1024     1025     2131
     1093     1025     1026     2132
     1094     1026     1027     2133
     1095     1027      115     2134
     1096      466     1028     2135
     1097     1028     1029     2136
     1098     1029     1030     2137
     1099     1030     1031     2138
     1100     1031     1032     2139
     1101     1032     1033     2140
     1102     1033      235     2141
     1103      466     1034     2142
     1104     1034     1035     2143
     1105     1035     1036     2144
     1106     1036     1037     2145
     1107     1037     1038     2146
     1108     1038     1039     2147
     1109     1039      115     2148
-1
secnum,1    ! reset the section ID to default
!Material Id = {DFA16E23-EBBA-4B77-9B93-3C209DE593AD}
/wb,elem,end               !  done creating elements
toffst,273.15,      ! Temperature offset from absolute zero
/com,*********** Set Reference Temperature ***********
tref,22.
/wb,mat,start              !  starting to send materials
/com,*********** Send Materials ***********
Temperature = 'TEMP' ! Temperature
MP,DENS,1,7850,	! kg m^-3
MP,ALPX,1,1.2e-05,	! C^-1
MP,C,1,434,	! J kg^-1 C^-1
MP,KXX,1,60.5,	! W m^-1 C^-1
MP,RSVX,1,1.7e-07,	! kg m^3 A^-2 s^-3
MP,EX,1,200000000000,	! Pa
MP,NUXY,1,0.3,
MP,MURX,1,10000,
MP,UVID,1,6f80b055-9d3f-4403-963f-44a1a2013469
MP,UMID,1,59002a79-71c2-428e-906b-55d7dbee100e

Temperature = 'TEMP' ! Temperature
MP,DENS,2,7850,	! kg m^-3
MP,ALPX,2,1.2e-05,	! C^-1
MP,C,2,434,	! J kg^-1 C^-1
MP,KXX,2,60.5,	! W m^-1 C^-1
MP,RSVX,2,1.7e-07,	! kg m^3 A^-2 s^-3
MP,EX,2,200000000000,	! Pa
MP,NUXY,2,0.3,
MP,MURX,2,10000,
MP,UVID,2,6f80b055-9d3f-4403-963f-44a1a2013469
MP,UMID,2,59002a79-71c2-428e-906b-55d7dbee100e

Temperature = 'TEMP' ! Temperature
MP,DENS,3,7850,	! kg m^-3
MP,ALPX,3,1.2e-05,	! C^-1
MP,C,3,434,	! J kg^-1 C^-1
MP,KXX,3,60.5,	! W m^-1 C^-1
MP,RSVX,3,1.7e-07,	! kg m^3 A^-2 s^-3
MP,EX,3,200000000000,	! Pa
MP,NUXY,3,0.3,
MP,MURX,3,10000,
MP,UVID,3,6f80b055-9d3f-4403-963f-44a1a2013469
MP,UMID,3,59002a79-71c2-428e-906b-55d7dbee100e

Temperature = 'TEMP' ! Temperature
MP,DENS,4,7850,	! kg m^-3
MP,ALPX,4,1.2e-05,	! C^-1
MP,C,4,434,	! J kg^-1 C^-1
MP,KXX,4,60.5,	! W m^-1 C^-1
MP,RSVX,4,1.7e-07,	! kg m^3 A^-2 s^-3
MP,EX,4,200000000000,	! Pa
MP,NUXY,4,0.3,
MP,MURX,4,10000,
MP,UVID,4,6f80b055-9d3f-4403-963f-44a1a2013469
MP,UMID,4,59002a79-71c2-428e-906b-55d7dbee100e

Temperature = 'TEMP' ! Temperature
MP,DENS,5,7850,	! kg m^-3
MP,ALPX,5,1.2e-05,	! C^-1
MP,C,5,434,	! J kg^-1 C^-1
MP,KXX,5,60.5,	! W m^-1 C^-1
MP,RSVX,5,1.7e-07,	! kg m^3 A^-2 s^-3
MP,EX,5,200000000000,	! Pa
MP,NUXY,5,0.3,
MP,MURX,5,10000,
MP,UVID,5,6f80b055-9d3f-4403-963f-44a1a2013469
MP,UMID,5,59002a79-71c2-428e-906b-55d7dbee100e

Temperature = 'TEMP' ! Temperature
MP,DENS,6,7850,	! kg m^-3
MP,ALPX,6,1.2e-05,	! C^-1
MP,C,6,434,	! J kg^-1 C^-1
MP,KXX,6,60.5,	! W m^-1 C^-1
MP,RSVX,6,1.7e-07,	! kg m^3 A^-2 s^-3
MP,EX,6,200000000000,	! Pa
MP,NUXY,6,0.3,
MP,MURX,6,10000,
MP,UVID,6,6f80b055-9d3f-4403-963f-44a1a2013469
MP,UMID,6,59002a79-71c2-428e-906b-55d7dbee100e

Temperature = 'TEMP' ! Temperature
MP,DENS,7,7850,	! kg m^-3
MP,ALPX,7,1.2e-05,	! C^-1
MP,C,7,434,	! J kg^-1 C^-1
MP,KXX,7,60.5,	! W m^-1 C^-1
MP,RSVX,7,1.7e-07,	! kg m^3 A^-2 s^-3
MP,EX,7,200000000000,	! Pa
MP,NUXY,7,0.3,
MP,MURX,7,10000,
MP,UVID,7,6f80b055-9d3f-4403-963f-44a1a2013469
MP,UMID,7,59002a79-71c2-428e-906b-55d7dbee100e

Temperature = 'TEMP' ! Temperature
MP,DENS,8,7850,	! kg m^-3
MP,ALPX,8,1.2e-05,	! C^-1
MP,C,8,434,	! J kg^-1 C^-1
MP,KXX,8,60.5,	! W m^-1 C^-1
MP,RSVX,8,1.7e-07,	! kg m^3 A^-2 s^-3
MP,EX,8,200000000000,	! Pa
MP,NUXY,8,0.3,
MP,MURX,8,10000,
MP,UVID,8,6f80b055-9d3f-4403-963f-44a1a2013469
MP,UMID,8,59002a79-71c2-428e-906b-55d7dbee100e

Temperature = 'TEMP' ! Temperature
MP,DENS,9,7850,	! kg m^-3
MP,ALPX,9,1.2e-05,	! C^-1
MP,C,9,434,	! J kg^-1 C^-1
MP,KXX,9,60.5,	! W m^-1 C^-1
MP,RSVX,9,1.7e-07,	! kg m^3 A^-2 s^-3
MP,EX,9,200000000000,	! Pa
MP,NUXY,9,0.3,
MP,MURX,9,10000,
MP,UVID,9,6f80b055-9d3f-4403-963f-44a1a2013469
MP,UMID,9,59002a79-71c2-428e-906b-55d7dbee100e

Temperature = 'TEMP' ! Temperature
MP,DENS,10,7850,	! kg m^-3
MP,ALPX,10,1.2e-05,	! C^-1
MP,C,10,434,	! J kg^-1 C^-1
MP,KXX,10,60.5,	! W m^-1 C^-1
MP,RSVX,10,1.7e-07,	! kg m^3 A^-2 s^-3
MP,EX,10,200000000000,	! Pa
MP,NUXY,10,0.3,
MP,MURX,10,10000,
MP,UVID,10,6f80b055-9d3f-4403-963f-44a1a2013469
MP,UMID,10,59002a79-71c2-428e-906b-55d7dbee100e

Temperature = 'TEMP' ! Temperature
MP,DENS,11,7850,	! kg m^-3
MP,ALPX,11,1.2e-05,	! C^-1
MP,C,11,434,	! J kg^-1 C^-1
MP,KXX,11,60.5,	! W m^-1 C^-1
MP,RSVX,11,1.7e-07,	! kg m^3 A^-2 s^-3
MP,EX,11,200000000000,	! Pa
MP,NUXY,11,0.3,
MP,MURX,11,10000,
MP,UVID,11,6f80b055-9d3f-4403-963f-44a1a2013469
MP,UMID,11,59002a79-71c2-428e-906b-55d7dbee100e

Temperature = 'TEMP' ! Temperature
MP,DENS,12,7850,	! kg m^-3
MP,ALPX,12,1.2e-05,	! C^-1
MP,C,12,434,	! J kg^-1 C^-1
MP,KXX,12,60.5,	! W m^-1 C^-1
MP,RSVX,12,1.7e-07,	! kg m^3 A^-2 s^-3
MP,EX,12,200000000000,	! Pa
MP,NUXY,12,0.3,
MP,MURX,12,10000,
MP,UVID,12,6f80b055-9d3f-4403-963f-44a1a2013469
MP,UMID,12,59002a79-71c2-428e-906b-55d7dbee100e

Temperature = 'TEMP' ! Temperature
MP,DENS,13,7850,	! kg m^-3
MP,ALPX,13,1.2e-05,	! C^-1
MP,C,13,434,	! J kg^-1 C^-1
MP,KXX,13,60.5,	! W m^-1 C^-1
MP,RSVX,13,1.7e-07,	! kg m^3 A^-2 s^-3
MP,EX,13,200000000000,	! Pa
MP,NUXY,13,0.3,
MP,MURX,13,10000,
MP,UVID,13,6f80b055-9d3f-4403-963f-44a1a2013469
MP,UMID,13,59002a79-71c2-428e-906b-55d7dbee100e

Temperature = 'TEMP' ! Temperature
MP,DENS,14,7850,	! kg m^-3
MP,ALPX,14,1.2e-05,	! C^-1
MP,C,14,434,	! J kg^-1 C^-1
MP,KXX,14,60.5,	! W m^-1 C^-1
MP,RSVX,14,1.7e-07,	! kg m^3 A^-2 s^-3
MP,EX,14,200000000000,	! Pa
MP,NUXY,14,0.3,
MP,MURX,14,10000,
MP,UVID,14,6f80b055-9d3f-4403-963f-44a1a2013469
MP,UMID,14,59002a79-71c2-428e-906b-55d7dbee100e

Temperature = 'TEMP' ! Temperature
MP,DENS,15,7850,	! kg m^-3
MP,ALPX,15,1.2e-05,	! C^-1
MP,C,15,434,	! J kg^-1 C^-1
MP,KXX,15,60.5,	! W m^-1 C^-1
MP,RSVX,15,1.7e-07,	! kg m^3 A^-2 s^-3
MP,EX,15,200000000000,	! Pa
MP,NUXY,15,0.3,
MP,MURX,15,10000,
MP,UVID,15,6f80b055-9d3f-4403-963f-44a1a2013469
MP,UMID,15,59002a79-71c2-428e-906b-55d7dbee100e

Temperature = 'TEMP' ! Temperature
MP,DENS,16,7850,	! kg m^-3
MP,ALPX,16,1.2e-05,	! C^-1
MP,C,16,434,	! J kg^-1 C^-1
MP,KXX,16,60.5,	! W m^-1 C^-1
MP,RSVX,16,1.7e-07,	! kg m^3 A^-2 s^-3
MP,EX,16,200000000000,	! Pa
MP,NUXY,16,0.3,
MP,MURX,16,10000,
MP,UVID,16,6f80b055-9d3f-4403-963f-44a1a2013469
MP,UMID,16,59002a79-71c2-428e-906b-55d7dbee100e

Temperature = 'TEMP' ! Temperature
MP,DENS,17,7850,	! kg m^-3
MP,ALPX,17,1.2e-05,	! C^-1
MP,C,17,434,	! J kg^-1 C^-1
MP,KXX,17,60.5,	! W m^-1 C^-1
MP,RSVX,17,1.7e-07,	! kg m^3 A^-2 s^-3
MP,EX,17,200000000000,	! Pa
MP,NUXY,17,0.3,
MP,MURX,17,10000,
MP,UVID,17,6f80b055-9d3f-4403-963f-44a1a2013469
MP,UMID,17,59002a79-71c2-428e-906b-55d7dbee100e

Temperature = 'TEMP' ! Temperature
MP,DENS,18,7850,	! kg m^-3
MP,ALPX,18,1.2e-05,	! C^-1
MP,C,18,434,	! J kg^-1 C^-1
MP,KXX,18,60.5,	! W m^-1 C^-1
MP,RSVX,18,1.7e-07,	! kg m^3 A^-2 s^-3
MP,EX,18,200000000000,	! Pa
MP,NUXY,18,0.3,
MP,MURX,18,10000,
MP,UVID,18,6f80b055-9d3f-4403-963f-44a1a2013469
MP,UMID,18,59002a79-71c2-428e-906b-55d7dbee100e

Temperature = 'TEMP' ! Temperature
MP,DENS,19,7850,	! kg m^-3
MP,ALPX,19,1.2e-05,	! C^-1
MP,C,19,434,	! J kg^-1 C^-1
MP,KXX,19,60.5,	! W m^-1 C^-1
MP,RSVX,19,1.7e-07,	! kg m^3 A^-2 s^-3
MP,EX,19,200000000000,	! Pa
MP,NUXY,19,0.3,
MP,MURX,19,10000,
MP,UVID,19,6f80b055-9d3f-4403-963f-44a1a2013469
MP,UMID,19,59002a79-71c2-428e-906b-55d7dbee100e

Temperature = 'TEMP' ! Temperature
MP,DENS,20,7850,	! kg m^-3
MP,ALPX,20,1.2e-05,	! C^-1
MP,C,20,434,	! J kg^-1 C^-1
MP,KXX,20,60.5,	! W m^-1 C^-1
MP,RSVX,20,1.7e-07,	! kg m^3 A^-2 s^-3
MP,EX,20,200000000000,	! Pa
MP,NUXY,20,0.3,
MP,MURX,20,10000,
MP,UVID,20,6f80b055-9d3f-4403-963f-44a1a2013469
MP,UMID,20,59002a79-71c2-428e-906b-55d7dbee100e

Temperature = 'TEMP' ! Temperature
MP,DENS,21,7850,	! kg m^-3
MP,ALPX,21,1.2e-05,	! C^-1
MP,C,21,434,	! J kg^-1 C^-1
MP,KXX,21,60.5,	! W m^-1 C^-1
MP,RSVX,21,1.7e-07,	! kg m^3 A^-2 s^-3
MP,EX,21,200000000000,	! Pa
MP,NUXY,21,0.3,
MP,MURX,21,10000,
MP,UVID,21,6f80b055-9d3f-4403-963f-44a1a2013469
MP,UMID,21,59002a79-71c2-428e-906b-55d7dbee100e

Temperature = 'TEMP' ! Temperature
MP,DENS,22,7850,	! kg m^-3
MP,ALPX,22,1.2e-05,	! C^-1
MP,C,22,434,	! J kg^-1 C^-1
MP,KXX,22,60.5,	! W m^-1 C^-1
MP,RSVX,22,1.7e-07,	! kg m^3 A^-2 s^-3
MP,EX,22,200000000000,	! Pa
MP,NUXY,22,0.3,
MP,MURX,22,10000,
MP,UVID,22,6f80b055-9d3f-4403-963f-44a1a2013469
MP,UMID,22,59002a79-71c2-428e-906b-55d7dbee100e

Temperature = 'TEMP' ! Temperature
MP,DENS,23,7850,	! kg m^-3
MP,ALPX,23,1.2e-05,	! C^-1
MP,C,23,434,	! J kg^-1 C^-1
MP,KXX,23,60.5,	! W m^-1 C^-1
MP,RSVX,23,1.7e-07,	! kg m^3 A^-2 s^-3
MP,EX,23,200000000000,	! Pa
MP,NUXY,23,0.3,
MP,MURX,23,10000,
MP,UVID,23,6f80b055-9d3f-4403-963f-44a1a2013469
MP,UMID,23,59002a79-71c2-428e-906b-55d7dbee100e

Temperature = 'TEMP' ! Temperature
MP,DENS,24,7850,	! kg m^-3
MP,ALPX,24,1.2e-05,	! C^-1
MP,C,24,434,	! J kg^-1 C^-1
MP,KXX,24,60.5,	! W m^-1 C^-1
MP,RSVX,24,1.7e-07,	! kg m^3 A^-2 s^-3
MP,EX,24,200000000000,	! Pa
MP,NUXY,24,0.3,
MP,MURX,24,10000,
MP,UVID,24,6f80b055-9d3f-4403-963f-44a1a2013469
MP,UMID,24,59002a79-71c2-428e-906b-55d7dbee100e

Temperature = 'TEMP' ! Temperature
MP,DENS,25,7850,	! kg m^-3
MP,ALPX,25,1.2e-05,	! C^-1
MP,C,25,434,	! J kg^-1 C^-1
MP,KXX,25,60.5,	! W m^-1 C^-1
MP,RSVX,25,1.7e-07,	! kg m^3 A^-2 s^-3
MP,EX,25,200000000000,	! Pa
MP,NUXY,25,0.3,
MP,MURX,25,10000,
MP,UVID,25,6f80b055-9d3f-4403-963f-44a1a2013469
MP,UMID,25,59002a79-71c2-428e-906b-55d7dbee100e

Temperature = 'TEMP' ! Temperature
MP,DENS,26,7850,	! kg m^-3
MP,ALPX,26,1.2e-05,	! C^-1
MP,C,26,434,	! J kg^-1 C^-1
MP,KXX,26,60.5,	! W m^-1 C^-1
MP,RSVX,26,1.7e-07,	! kg m^3 A^-2 s^-3
MP,EX,26,200000000000,	! Pa
MP,NUXY,26,0.3,
MP,MURX,26,10000,
MP,UVID,26,6f80b055-9d3f-4403-963f-44a1a2013469
MP,UMID,26,59002a79-71c2-428e-906b-55d7dbee100e

Temperature = 'TEMP' ! Temperature
MP,DENS,27,7850,	! kg m^-3
MP,ALPX,27,1.2e-05,	! C^-1
MP,C,27,434,	! J kg^-1 C^-1
MP,KXX,27,60.5,	! W m^-1 C^-1
MP,RSVX,27,1.7e-07,	! kg m^3 A^-2 s^-3
MP,EX,27,200000000000,	! Pa
MP,NUXY,27,0.3,
MP,MURX,27,10000,
MP,UVID,27,6f80b055-9d3f-4403-963f-44a1a2013469
MP,UMID,27,59002a79-71c2-428e-906b-55d7dbee100e

Temperature = 'TEMP' ! Temperature
MP,DENS,28,7850,	! kg m^-3
MP,ALPX,28,1.2e-05,	! C^-1
MP,C,28,434,	! J kg^-1 C^-1
MP,KXX,28,60.5,	! W m^-1 C^-1
MP,RSVX,28,1.7e-07,	! kg m^3 A^-2 s^-3
MP,EX,28,200000000000,	! Pa
MP,NUXY,28,0.3,
MP,MURX,28,10000,
MP,UVID,28,6f80b055-9d3f-4403-963f-44a1a2013469
MP,UMID,28,59002a79-71c2-428e-906b-55d7dbee100e

Temperature = 'TEMP' ! Temperature
MP,DENS,29,7850,	! kg m^-3
MP,ALPX,29,1.2e-05,	! C^-1
MP,C,29,434,	! J kg^-1 C^-1
MP,KXX,29,60.5,	! W m^-1 C^-1
MP,RSVX,29,1.7e-07,	! kg m^3 A^-2 s^-3
MP,EX,29,200000000000,	! Pa
MP,NUXY,29,0.3,
MP,MURX,29,10000,
MP,UVID,29,6f80b055-9d3f-4403-963f-44a1a2013469
MP,UMID,29,59002a79-71c2-428e-906b-55d7dbee100e

Temperature = 'TEMP' ! Temperature
MP,DENS,30,7850,	! kg m^-3
MP,ALPX,30,1.2e-05,	! C^-1
MP,C,30,434,	! J kg^-1 C^-1
MP,KXX,30,60.5,	! W m^-1 C^-1
MP,RSVX,30,1.7e-07,	! kg m^3 A^-2 s^-3
MP,EX,30,200000000000,	! Pa
MP,NUXY,30,0.3,
MP,MURX,30,10000,
MP,UVID,30,6f80b055-9d3f-4403-963f-44a1a2013469
MP,UMID,30,59002a79-71c2-428e-906b-55d7dbee100e

Temperature = 'TEMP' ! Temperature
MP,DENS,31,7850,	! kg m^-3
MP,ALPX,31,1.2e-05,	! C^-1
MP,C,31,434,	! J kg^-1 C^-1
MP,KXX,31,60.5,	! W m^-1 C^-1
MP,RSVX,31,1.7e-07,	! kg m^3 A^-2 s^-3
MP,EX,31,200000000000,	! Pa
MP,NUXY,31,0.3,
MP,MURX,31,10000,
MP,UVID,31,6f80b055-9d3f-4403-963f-44a1a2013469
MP,UMID,31,59002a79-71c2-428e-906b-55d7dbee100e

Temperature = 'TEMP' ! Temperature
MP,DENS,32,7850,	! kg m^-3
MP,ALPX,32,1.2e-05,	! C^-1
MP,C,32,434,	! J kg^-1 C^-1
MP,KXX,32,60.5,	! W m^-1 C^-1
MP,RSVX,32,1.7e-07,	! kg m^3 A^-2 s^-3
MP,EX,32,200000000000,	! Pa
MP,NUXY,32,0.3,
MP,MURX,32,10000,
MP,UVID,32,6f80b055-9d3f-4403-963f-44a1a2013469
MP,UMID,32,59002a79-71c2-428e-906b-55d7dbee100e

Temperature = 'TEMP' ! Temperature
MP,DENS,33,7850,	! kg m^-3
MP,ALPX,33,1.2e-05,	! C^-1
MP,C,33,434,	! J kg^-1 C^-1
MP,KXX,33,60.5,	! W m^-1 C^-1
MP,RSVX,33,1.7e-07,	! kg m^3 A^-2 s^-3
MP,EX,33,200000000000,	! Pa
MP,NUXY,33,0.3,
MP,MURX,33,10000,
MP,UVID,33,6f80b055-9d3f-4403-963f-44a1a2013469
MP,UMID,33,59002a79-71c2-428e-906b-55d7dbee100e

Temperature = 'TEMP' ! Temperature
MP,DENS,34,7850,	! kg m^-3
MP,ALPX,34,1.2e-05,	! C^-1
MP,C,34,434,	! J kg^-1 C^-1
MP,KXX,34,60.5,	! W m^-1 C^-1
MP,RSVX,34,1.7e-07,	! kg m^3 A^-2 s^-3
MP,EX,34,200000000000,	! Pa
MP,NUXY,34,0.3,
MP,MURX,34,10000,
MP,UVID,34,6f80b055-9d3f-4403-963f-44a1a2013469
MP,UMID,34,59002a79-71c2-428e-906b-55d7dbee100e

Temperature = 'TEMP' ! Temperature
MP,DENS,35,7850,	! kg m^-3
MP,ALPX,35,1.2e-05,	! C^-1
MP,C,35,434,	! J kg^-1 C^-1
MP,KXX,35,60.5,	! W m^-1 C^-1
MP,RSVX,35,1.7e-07,	! kg m^3 A^-2 s^-3
MP,EX,35,200000000000,	! Pa
MP,NUXY,35,0.3,
MP,MURX,35,10000,
MP,UVID,35,6f80b055-9d3f-4403-963f-44a1a2013469
MP,UMID,35,59002a79-71c2-428e-906b-55d7dbee100e

Temperature = 'TEMP' ! Temperature
MP,DENS,36,7850,	! kg m^-3
MP,ALPX,36,1.2e-05,	! C^-1
MP,C,36,434,	! J kg^-1 C^-1
MP,KXX,36,60.5,	! W m^-1 C^-1
MP,RSVX,36,1.7e-07,	! kg m^3 A^-2 s^-3
MP,EX,36,200000000000,	! Pa
MP,NUXY,36,0.3,
MP,MURX,36,10000,
MP,UVID,36,6f80b055-9d3f-4403-963f-44a1a2013469
MP,UMID,36,59002a79-71c2-428e-906b-55d7dbee100e

Temperature = 'TEMP' ! Temperature
MP,DENS,37,7850,	! kg m^-3
MP,ALPX,37,1.2e-05,	! C^-1
MP,C,37,434,	! J kg^-1 C^-1
MP,KXX,37,60.5,	! W m^-1 C^-1
MP,RSVX,37,1.7e-07,	! kg m^3 A^-2 s^-3
MP,EX,37,200000000000,	! Pa
MP,NUXY,37,0.3,
MP,MURX,37,10000,
MP,UVID,37,6f80b055-9d3f-4403-963f-44a1a2013469
MP,UMID,37,59002a79-71c2-428e-906b-55d7dbee100e

Temperature = 'TEMP' ! Temperature
MP,DENS,38,7850,	! kg m^-3
MP,ALPX,38,1.2e-05,	! C^-1
MP,C,38,434,	! J kg^-1 C^-1
MP,KXX,38,60.5,	! W m^-1 C^-1
MP,RSVX,38,1.7e-07,	! kg m^3 A^-2 s^-3
MP,EX,38,200000000000,	! Pa
MP,NUXY,38,0.3,
MP,MURX,38,10000,
MP,UVID,38,6f80b055-9d3f-4403-963f-44a1a2013469
MP,UMID,38,59002a79-71c2-428e-906b-55d7dbee100e

Temperature = 'TEMP' ! Temperature
MP,DENS,39,7850,	! kg m^-3
MP,ALPX,39,1.2e-05,	! C^-1
MP,C,39,434,	! J kg^-1 C^-1
MP,KXX,39,60.5,	! W m^-1 C^-1
MP,RSVX,39,1.7e-07,	! kg m^3 A^-2 s^-3
MP,EX,39,200000000000,	! Pa
MP,NUXY,39,0.3,
MP,MURX,39,10000,
MP,UVID,39,6f80b055-9d3f-4403-963f-44a1a2013469
MP,UMID,39,59002a79-71c2-428e-906b-55d7dbee100e

Temperature = 'TEMP' ! Temperature
MP,DENS,40,7850,	! kg m^-3
MP,ALPX,40,1.2e-05,	! C^-1
MP,C,40,434,	! J kg^-1 C^-1
MP,KXX,40,60.5,	! W m^-1 C^-1
MP,RSVX,40,1.7e-07,	! kg m^3 A^-2 s^-3
MP,EX,40,200000000000,	! Pa
MP,NUXY,40,0.3,
MP,MURX,40,10000,
MP,UVID,40,6f80b055-9d3f-4403-963f-44a1a2013469
MP,UMID,40,59002a79-71c2-428e-906b-55d7dbee100e

Temperature = 'TEMP' ! Temperature
MP,DENS,41,7850,	! kg m^-3
MP,ALPX,41,1.2e-05,	! C^-1
MP,C,41,434,	! J kg^-1 C^-1
MP,KXX,41,60.5,	! W m^-1 C^-1
MP,RSVX,41,1.7e-07,	! kg m^3 A^-2 s^-3
MP,EX,41,200000000000,	! Pa
MP,NUXY,41,0.3,
MP,MURX,41,10000,
MP,UVID,41,6f80b055-9d3f-4403-963f-44a1a2013469
MP,UMID,41,59002a79-71c2-428e-906b-55d7dbee100e

Temperature = 'TEMP' ! Temperature
MP,DENS,42,7850,	! kg m^-3
MP,ALPX,42,1.2e-05,	! C^-1
MP,C,42,434,	! J kg^-1 C^-1
MP,KXX,42,60.5,	! W m^-1 C^-1
MP,RSVX,42,1.7e-07,	! kg m^3 A^-2 s^-3
MP,EX,42,200000000000,	! Pa
MP,NUXY,42,0.3,
MP,MURX,42,10000,
MP,UVID,42,6f80b055-9d3f-4403-963f-44a1a2013469
MP,UMID,42,59002a79-71c2-428e-906b-55d7dbee100e

Temperature = 'TEMP' ! Temperature
MP,DENS,43,7850,	! kg m^-3
MP,ALPX,43,1.2e-05,	! C^-1
MP,C,43,434,	! J kg^-1 C^-1
MP,KXX,43,60.5,	! W m^-1 C^-1
MP,RSVX,43,1.7e-07,	! kg m^3 A^-2 s^-3
MP,EX,43,200000000000,	! Pa
MP,NUXY,43,0.3,
MP,MURX,43,10000,
MP,UVID,43,6f80b055-9d3f-4403-963f-44a1a2013469
MP,UMID,43,59002a79-71c2-428e-906b-55d7dbee100e

Temperature = 'TEMP' ! Temperature
MP,DENS,44,7850,	! kg m^-3
MP,ALPX,44,1.2e-05,	! C^-1
MP,C,44,434,	! J kg^-1 C^-1
MP,KXX,44,60.5,	! W m^-1 C^-1
MP,RSVX,44,1.7e-07,	! kg m^3 A^-2 s^-3
MP,EX,44,200000000000,	! Pa
MP,NUXY,44,0.3,
MP,MURX,44,10000,
MP,UVID,44,6f80b055-9d3f-4403-963f-44a1a2013469
MP,UMID,44,59002a79-71c2-428e-906b-55d7dbee100e

Temperature = 'TEMP' ! Temperature
MP,DENS,45,7850,	! kg m^-3
MP,ALPX,45,1.2e-05,	! C^-1
MP,C,45,434,	! J kg^-1 C^-1
MP,KXX,45,60.5,	! W m^-1 C^-1
MP,RSVX,45,1.7e-07,	! kg m^3 A^-2 s^-3
MP,EX,45,200000000000,	! Pa
MP,NUXY,45,0.3,
MP,MURX,45,10000,
MP,UVID,45,6f80b055-9d3f-4403-963f-44a1a2013469
MP,UMID,45,59002a79-71c2-428e-906b-55d7dbee100e

Temperature = 'TEMP' ! Temperature
MP,DENS,46,7850,	! kg m^-3
MP,ALPX,46,1.2e-05,	! C^-1
MP,C,46,434,	! J kg^-1 C^-1
MP,KXX,46,60.5,	! W m^-1 C^-1
MP,RSVX,46,1.7e-07,	! kg m^3 A^-2 s^-3
MP,EX,46,200000000000,	! Pa
MP,NUXY,46,0.3,
MP,MURX,46,10000,
MP,UVID,46,6f80b055-9d3f-4403-963f-44a1a2013469
MP,UMID,46,59002a79-71c2-428e-906b-55d7dbee100e

Temperature = 'TEMP' ! Temperature
MP,DENS,47,7850,	! kg m^-3
MP,ALPX,47,1.2e-05,	! C^-1
MP,C,47,434,	! J kg^-1 C^-1
MP,KXX,47,60.5,	! W m^-1 C^-1
MP,RSVX,47,1.7e-07,	! kg m^3 A^-2 s^-3
MP,EX,47,200000000000,	! Pa
MP,NUXY,47,0.3,
MP,MURX,47,10000,
MP,UVID,47,6f80b055-9d3f-4403-963f-44a1a2013469
MP,UMID,47,59002a79-71c2-428e-906b-55d7dbee100e

Temperature = 'TEMP' ! Temperature
MP,DENS,48,7850,	! kg m^-3
MP,ALPX,48,1.2e-05,	! C^-1
MP,C,48,434,	! J kg^-1 C^-1
MP,KXX,48,60.5,	! W m^-1 C^-1
MP,RSVX,48,1.7e-07,	! kg m^3 A^-2 s^-3
MP,EX,48,200000000000,	! Pa
MP,NUXY,48,0.3,
MP,MURX,48,10000,
MP,UVID,48,6f80b055-9d3f-4403-963f-44a1a2013469
MP,UMID,48,59002a79-71c2-428e-906b-55d7dbee100e

Temperature = 'TEMP' ! Temperature
MP,DENS,49,7850,	! kg m^-3
MP,ALPX,49,1.2e-05,	! C^-1
MP,C,49,434,	! J kg^-1 C^-1
MP,KXX,49,60.5,	! W m^-1 C^-1
MP,RSVX,49,1.7e-07,	! kg m^3 A^-2 s^-3
MP,EX,49,200000000000,	! Pa
MP,NUXY,49,0.3,
MP,MURX,49,10000,
MP,UVID,49,6f80b055-9d3f-4403-963f-44a1a2013469
MP,UMID,49,59002a79-71c2-428e-906b-55d7dbee100e

Temperature = 'TEMP' ! Temperature
MP,DENS,50,7850,	! kg m^-3
MP,ALPX,50,1.2e-05,	! C^-1
MP,C,50,434,	! J kg^-1 C^-1
MP,KXX,50,60.5,	! W m^-1 C^-1
MP,RSVX,50,1.7e-07,	! kg m^3 A^-2 s^-3
MP,EX,50,200000000000,	! Pa
MP,NUXY,50,0.3,
MP,MURX,50,10000,
MP,UVID,50,6f80b055-9d3f-4403-963f-44a1a2013469
MP,UMID,50,59002a79-71c2-428e-906b-55d7dbee100e

Temperature = 'TEMP' ! Temperature
MP,DENS,51,7850,	! kg m^-3
MP,ALPX,51,1.2e-05,	! C^-1
MP,C,51,434,	! J kg^-1 C^-1
MP,KXX,51,60.5,	! W m^-1 C^-1
MP,RSVX,51,1.7e-07,	! kg m^3 A^-2 s^-3
MP,EX,51,200000000000,	! Pa
MP,NUXY,51,0.3,
MP,MURX,51,10000,
MP,UVID,51,6f80b055-9d3f-4403-963f-44a1a2013469
MP,UMID,51,59002a79-71c2-428e-906b-55d7dbee100e

Temperature = 'TEMP' ! Temperature
MP,DENS,52,7850,	! kg m^-3
MP,ALPX,52,1.2e-05,	! C^-1
MP,C,52,434,	! J kg^-1 C^-1
MP,KXX,52,60.5,	! W m^-1 C^-1
MP,RSVX,52,1.7e-07,	! kg m^3 A^-2 s^-3
MP,EX,52,200000000000,	! Pa
MP,NUXY,52,0.3,
MP,MURX,52,10000,
MP,UVID,52,6f80b055-9d3f-4403-963f-44a1a2013469
MP,UMID,52,59002a79-71c2-428e-906b-55d7dbee100e

Temperature = 'TEMP' ! Temperature
MP,DENS,53,7850,	! kg m^-3
MP,ALPX,53,1.2e-05,	! C^-1
MP,C,53,434,	! J kg^-1 C^-1
MP,KXX,53,60.5,	! W m^-1 C^-1
MP,RSVX,53,1.7e-07,	! kg m^3 A^-2 s^-3
MP,EX,53,200000000000,	! Pa
MP,NUXY,53,0.3,
MP,MURX,53,10000,
MP,UVID,53,6f80b055-9d3f-4403-963f-44a1a2013469
MP,UMID,53,59002a79-71c2-428e-906b-55d7dbee100e

Temperature = 'TEMP' ! Temperature
MP,DENS,54,7850,	! kg m^-3
MP,ALPX,54,1.2e-05,	! C^-1
MP,C,54,434,	! J kg^-1 C^-1
MP,KXX,54,60.5,	! W m^-1 C^-1
MP,RSVX,54,1.7e-07,	! kg m^3 A^-2 s^-3
MP,EX,54,200000000000,	! Pa
MP,NUXY,54,0.3,
MP,MURX,54,10000,
MP,UVID,54,6f80b055-9d3f-4403-963f-44a1a2013469
MP,UMID,54,59002a79-71c2-428e-906b-55d7dbee100e

Temperature = 'TEMP' ! Temperature
MP,DENS,55,7850,	! kg m^-3
MP,ALPX,55,1.2e-05,	! C^-1
MP,C,55,434,	! J kg^-1 C^-1
MP,KXX,55,60.5,	! W m^-1 C^-1
MP,RSVX,55,1.7e-07,	! kg m^3 A^-2 s^-3
MP,EX,55,200000000000,	! Pa
MP,NUXY,55,0.3,
MP,MURX,55,10000,
MP,UVID,55,6f80b055-9d3f-4403-963f-44a1a2013469
MP,UMID,55,59002a79-71c2-428e-906b-55d7dbee100e

Temperature = 'TEMP' ! Temperature
MP,DENS,56,7850,	! kg m^-3
MP,ALPX,56,1.2e-05,	! C^-1
MP,C,56,434,	! J kg^-1 C^-1
MP,KXX,56,60.5,	! W m^-1 C^-1
MP,RSVX,56,1.7e-07,	! kg m^3 A^-2 s^-3
MP,EX,56,200000000000,	! Pa
MP,NUXY,56,0.3,
MP,MURX,56,10000,
MP,UVID,56,6f80b055-9d3f-4403-963f-44a1a2013469
MP,UMID,56,59002a79-71c2-428e-906b-55d7dbee100e

Temperature = 'TEMP' ! Temperature
MP,DENS,57,7850,	! kg m^-3
MP,ALPX,57,1.2e-05,	! C^-1
MP,C,57,434,	! J kg^-1 C^-1
MP,KXX,57,60.5,	! W m^-1 C^-1
MP,RSVX,57,1.7e-07,	! kg m^3 A^-2 s^-3
MP,EX,57,200000000000,	! Pa
MP,NUXY,57,0.3,
MP,MURX,57,10000,
MP,UVID,57,6f80b055-9d3f-4403-963f-44a1a2013469
MP,UMID,57,59002a79-71c2-428e-906b-55d7dbee100e

Temperature = 'TEMP' ! Temperature
MP,DENS,58,7850,	! kg m^-3
MP,ALPX,58,1.2e-05,	! C^-1
MP,C,58,434,	! J kg^-1 C^-1
MP,KXX,58,60.5,	! W m^-1 C^-1
MP,RSVX,58,1.7e-07,	! kg m^3 A^-2 s^-3
MP,EX,58,200000000000,	! Pa
MP,NUXY,58,0.3,
MP,MURX,58,10000,
MP,UVID,58,6f80b055-9d3f-4403-963f-44a1a2013469
MP,UMID,58,59002a79-71c2-428e-906b-55d7dbee100e

Temperature = 'TEMP' ! Temperature
MP,DENS,59,7850,	! kg m^-3
MP,ALPX,59,1.2e-05,	! C^-1
MP,C,59,434,	! J kg^-1 C^-1
MP,KXX,59,60.5,	! W m^-1 C^-1
MP,RSVX,59,1.7e-07,	! kg m^3 A^-2 s^-3
MP,EX,59,200000000000,	! Pa
MP,NUXY,59,0.3,
MP,MURX,59,10000,
MP,UVID,59,6f80b055-9d3f-4403-963f-44a1a2013469
MP,UMID,59,59002a79-71c2-428e-906b-55d7dbee100e

Temperature = 'TEMP' ! Temperature
MP,DENS,60,7850,	! kg m^-3
MP,ALPX,60,1.2e-05,	! C^-1
MP,C,60,434,	! J kg^-1 C^-1
MP,KXX,60,60.5,	! W m^-1 C^-1
MP,RSVX,60,1.7e-07,	! kg m^3 A^-2 s^-3
MP,EX,60,200000000000,	! Pa
MP,NUXY,60,0.3,
MP,MURX,60,10000,
MP,UVID,60,6f80b055-9d3f-4403-963f-44a1a2013469
MP,UMID,60,59002a79-71c2-428e-906b-55d7dbee100e

Temperature = 'TEMP' ! Temperature
MP,DENS,61,7850,	! kg m^-3
MP,ALPX,61,1.2e-05,	! C^-1
MP,C,61,434,	! J kg^-1 C^-1
MP,KXX,61,60.5,	! W m^-1 C^-1
MP,RSVX,61,1.7e-07,	! kg m^3 A^-2 s^-3
MP,EX,61,200000000000,	! Pa
MP,NUXY,61,0.3,
MP,MURX,61,10000,
MP,UVID,61,6f80b055-9d3f-4403-963f-44a1a2013469
MP,UMID,61,59002a79-71c2-428e-906b-55d7dbee100e

/wb,mat,end                !  done sending materials
/com,*********** Send Beam Properties ***********
SECTYPE,1,BEAM,CTUB
SECDATA,1.715,1.8
secoffset,cent

SECTYPE,2,BEAM,CTUB
SECDATA,1.715,1.8
secoffset,cent

SECTYPE,3,BEAM,CTUB
SECDATA,1.73,1.8
secoffset,cent

SECTYPE,4,BEAM,CTUB
SECDATA,1.74,1.8
secoffset,cent

SECTYPE,5,BEAM,CTUB
SECDATA,1.735,1.8
secoffset,cent

SECTYPE,6,BEAM,CTUB
SECDATA,1.73,1.8
secoffset,cent

SECTYPE,7,BEAM,CTUB
SECDATA,1.76,1.8
secoffset,cent

SECTYPE,8,BEAM,CTUB
SECDATA,1.745,1.8
secoffset,cent

SECTYPE,9,BEAM,CTUB
SECDATA,1.71,1.8
secoffset,cent

SECTYPE,10,BEAM,CTUB
SECDATA,1.71,1.8
secoffset,cent

SECTYPE,11,BEAM,CTUB
SECDATA,1.721,1.8
secoffset,cent

SECTYPE,12,BEAM,CTUB
SECDATA,1.73,1.8
secoffset,cent

SECTYPE,13,BEAM,CTUB
SECDATA,1.725,1.8
secoffset,cent

SECTYPE,14,BEAM,CTUB
SECDATA,1.721,1.8
secoffset,cent

SECTYPE,15,BEAM,CTUB
SECDATA,1.75,1.8
secoffset,cent

SECTYPE,16,BEAM,CTUB
SECDATA,1.735,1.8
secoffset,cent

SECTYPE,17,BEAM,CTUB
SECDATA,0.784,0.8
secoffset,cent

SECTYPE,18,BEAM,CTUB
SECDATA,0.588,0.6
secoffset,cent

SECTYPE,19,BEAM,CTUB
SECDATA,0.784,0.8
secoffset,cent

SECTYPE,20,BEAM,CTUB
SECDATA,1.76,1.8
secoffset,cent

SECTYPE,21,BEAM,CTUB
SECDATA,0.78,0.8
secoffset,cent

SECTYPE,22,BEAM,CTUB
SECDATA,0.588,0.6
secoffset,cent

SECTYPE,23,BEAM,CTUB
SECDATA,0.784,0.8
secoffset,cent

SECTYPE,24,BEAM,CTUB
SECDATA,0.588,0.6
secoffset,cent

SECTYPE,25,BEAM,CTUB
SECDATA,0.784,0.8
secoffset,cent

SECTYPE,26,BEAM,CTUB
SECDATA,0.588,0.6
secoffset,cent

SECTYPE,27,BEAM,CTUB
SECDATA,0.784,0.8
secoffset,cent

SECTYPE,28,BEAM,CTUB
SECDATA,0.588,0.6
secoffset,cent

SECTYPE,29,BEAM,CTUB
SECDATA,0.784,0.8
secoffset,cent

SECTYPE,30,BEAM,CTUB
SECDATA,0.588,0.6
secoffset,cent

SECTYPE,31,BEAM,CTUB
SECDATA,0.784,0.8
secoffset,cent

SECTYPE,32,BEAM,CTUB
SECDATA,0.588,0.6
secoffset,cent

SECTYPE,33,BEAM,CTUB
SECDATA,0.784,0.8
secoffset,cent

SECTYPE,34,BEAM,CTUB
SECDATA,0.588,0.6
secoffset,cent

SECTYPE,35,BEAM,CTUB
SECDATA,0.784,0.8
secoffset,cent

SECTYPE,36,BEAM,CTUB
SECDATA,0.77,0.8
secoffset,cent

SECTYPE,37,BEAM,CTUB
SECDATA,0.784,0.8
secoffset,cent

SECTYPE,38,BEAM,CTUB
SECDATA,0.784,0.8
secoffset,cent

SECTYPE,39,BEAM,CTUB
SECDATA,1.76,1.8
secoffset,cent

SECTYPE,40,BEAM,CTUB
SECDATA,1.75,1.8
secoffset,cent

SECTYPE,41,BEAM,CTUB
SECDATA,1.74,1.8
secoffset,cent

SECTYPE,42,BEAM,CTUB
SECDATA,1.735,1.8
secoffset,cent

SECTYPE,43,BEAM,CTUB
SECDATA,1.745,1.8
secoffset,cent

SECTYPE,44,BEAM,CTUB
SECDATA,1.71,1.8
secoffset,cent

SECTYPE,45,BEAM,CTUB
SECDATA,0.78,0.8
secoffset,cent

SECTYPE,46,BEAM,CTUB
SECDATA,0.78,0.8
secoffset,cent

SECTYPE,47,BEAM,CTUB
SECDATA,0.784,0.8
secoffset,cent

SECTYPE,48,BEAM,CTUB
SECDATA,0.78,0.8
secoffset,cent

SECTYPE,49,BEAM,CTUB
SECDATA,0.784,0.8
secoffset,cent

SECTYPE,50,BEAM,CTUB
SECDATA,0.78,0.8
secoffset,cent

SECTYPE,51,BEAM,CTUB
SECDATA,0.77,0.8
secoffset,cent

SECTYPE,52,BEAM,CTUB
SECDATA,0.78,0.8
secoffset,cent

SECTYPE,53,BEAM,CTUB
SECDATA,0.784,0.8
secoffset,cent

SECTYPE,54,BEAM,CTUB
SECDATA,0.784,0.8
secoffset,cent

SECTYPE,55,BEAM,CTUB
SECDATA,0.78,0.8
secoffset,cent

SECTYPE,56,BEAM,CTUB
SECDATA,0.784,0.8
secoffset,cent

SECTYPE,57,BEAM,CTUB
SECDATA,0.78,0.8
secoffset,cent

SECTYPE,58,BEAM,CTUB
SECDATA,0.784,0.8
secoffset,cent

SECTYPE,59,BEAM,CTUB
SECDATA,0.78,0.8
secoffset,cent

SECTYPE,60,BEAM,CTUB
SECDATA,0.77,0.8
secoffset,cent

SECTYPE,61,BEAM,CTUB
SECDATA,0.77,0.8
secoffset,cent

!************************* Model Summary ********************
!Line Body,	Structural Steel,	matid,	1
!Line Body,	Structural Steel,	matid,	2
!Line Body,	Structural Steel,	matid,	3
!Line Body,	Structural Steel,	matid,	4
!Line Body,	Structural Steel,	matid,	5
!Line Body,	Structural Steel,	matid,	6
!Line Body,	Structural Steel,	matid,	7
!Line Body,	Structural Steel,	matid,	8
!Line Body,	Structural Steel,	matid,	9
!Line Body,	Structural Steel,	matid,	10
!Line Body,	Structural Steel,	matid,	11
!Line Body,	Structural Steel,	matid,	12
!Line Body,	Structural Steel,	matid,	13
!Line Body,	Structural Steel,	matid,	14
!Line Body,	Structural Steel,	matid,	15
!Line Body,	Structural Steel,	matid,	16
!Line Body,	Structural Steel,	matid,	17
!Line Body,	Structural Steel,	matid,	18
!Line Body,	Structural Steel,	matid,	19
!Line Body,	Structural Steel,	matid,	20
!Line Body,	Structural Steel,	matid,	21
!Line Body,	Structural Steel,	matid,	22
!Line Body,	Structural Steel,	matid,	23
!Line Body,	Structural Steel,	matid,	24
!Line Body,	Structural Steel,	matid,	25
!Line Body,	Structural Steel,	matid,	26
!Line Body,	Structural Steel,	matid,	27
!Line Body,	Structural Steel,	matid,	28
!Line Body,	Structural Steel,	matid,	29
!Line Body,	Structural Steel,	matid,	30
!Line Body,	Structural Steel,	matid,	31
!Line Body,	Structural Steel,	matid,	32
!Line Body,	Structural Steel,	matid,	33
!Line Body,	Structural Steel,	matid,	34
!Line Body,	Structural Steel,	matid,	35
!Line Body,	Structural Steel,	matid,	36
!Line Body,	Structural Steel,	matid,	37
!Line Body,	Structural Steel,	matid,	38
!Line Body,	Structural Steel,	matid,	39
!Line Body,	Structural Steel,	matid,	40
!Line Body,	Structural Steel,	matid,	41
!Line Body,	Structural Steel,	matid,	42
!Line Body,	Structural Steel,	matid,	43
!Line Body,	Structural Steel,	matid,	44
!Line Body,	Structural Steel,	matid,	45
!Line Body,	Structural Steel,	matid,	46
!Line Body,	Structural Steel,	matid,	47
!Line Body,	Structural Steel,	matid,	48
!Line Body,	Structural Steel,	matid,	49
!Line Body,	Structural Steel,	matid,	50
!Line Body,	Structural Steel,	matid,	51
!Line Body,	Structural Steel,	matid,	52
!Line Body,	Structural Steel,	matid,	53
!Line Body,	Structural Steel,	matid,	54
!Line Body,	Structural Steel,	matid,	55
!Line Body,	Structural Steel,	matid,	56
!Line Body,	Structural Steel,	matid,	57
!Line Body,	Structural Steel,	matid,	58
!Line Body,	Structural Steel,	matid,	59
!Line Body,	Structural Steel,	matid,	60
!Line Body,	Structural Steel,	matid,	61
!************************* End Model Summary ********************
! get the diagonal of the bounding box. Needed later for other things
*get,_xmin,node,,mnloc,x
*get,_ymin,node,,mnloc,y
*get,_zmin,node,,mnloc,z
*get,_xmax,node,,mxloc,x
*get,_ymax,node,,mxloc,y
*get,_zmax,node,,mxloc,z
_ASMDIAG=(_xmax-_xmin)*(_xmax-_xmin)+(_ymax-_ymin)*(_ymax-_ymin)+(_zmax-_zmin)*(_zmax-_zmin)
_ASMDIAG=SQRT(_ASMDIAG)
/wb,contact,start          !  starting to send contact
/wb,contact,end            !  done creating contacts
/golist
/wb,load,start             !  starting to send loads
/com,******* Constant Zero Displacement X *******
CMBLOCK,_DISPZEROUX,NODE,        8
(8i10)
         1       115       235       544       565      -573      1021     -1027
cmsel,s,_DISPZEROUX
d,all,ux,0
nsel,all
/com,******* Constant Zero Displacement Y *******
CMBLOCK,_DISPZEROUY,NODE,        8
(8i10)
         1       115       235       544       565      -573      1021     -1027
cmsel,s,_DISPZEROUY
d,all,uy,0
nsel,all
/com,******* Constant Zero Displacement Z *******
CMBLOCK,_DISPZEROUZ,NODE,        8
(8i10)
         1       115       235       544       565      -573      1021     -1027
cmsel,s,_DISPZEROUZ
d,all,uz,0
nsel,all
/gst,on,on
fini
*get,_numnode,node,0,count
*get,_numelem,elem,0,count
*get, _MAXELEMNUM, elem, 0, NUM, MAX
*get, _MAXNODENUM, node, 0, NUM, MAX
*get, _MAXELEMTYPE, etyp, 0, NUM, MAX
*get, _MAXREALCONST, rcon, 0, NUM, MAX
/go
/wb,load,end               !  done creating loads
/com,--- Number of total nodes = %_numnode%
/com,--- Number of contact elements = 0
/com,--- Number of spring elements = 0
/com,--- Number of bearing elements = 0
/com,--- Number of solid elements = 1109
/com,--- Number of condensed parts = 0
/com,--- Number of total elements = %_numelem%
*get,_wallbsol,active,,time,wall
/solu
antype,2                   ! modal analysis
_thickRatio=  0     ! Ratio of thick parts in the model
thexpand,off     ! ignore thermal strains
modopt,lanb,10
outres,erase
outres,all,none
outres,nsol,all
outres,nload,all,
/nopr
esel,s,type,,1
esel,a,type,,2,61
cm,_elmisc,elem
esel,all
/gopr
outres,misc,all,_elmisc
mxpand,,,,yes,,no             ! expand requested element results, but not write them to file.mode
dmpopt,esav,no
dmpopt,emat,no
dmpopt,full,no
! *********** WB SOLVE COMMAND ***********
! check interactive state
*get,ANSINTER_,active,,int
*if,ANSINTER_,ne,0,then
/eof
*endif
solve
/com *************** Write FE CONNECTORS ********* 
CEWRITE,file,ce,,INTE
*get,_nmodalsolproc,active,0,numcpu
fini
/nopr
*get,_numnode,node,0,count
*get,_numelem,elem,0,count
*get, _MAXELEMNUM, elem, 0, NUM, MAX
*get, _MAXNODENUM, node, 0, NUM, MAX,,,INTERNAL
*get, _MAXELEMTYPE, etyp, 0, NUM, MAX
*get, _MAXREALCONST, rcon, 0, NUM, MAX
*get,_NSOLTHREADS,active,0,ntfs
*get,_NSOLPROCESSES,active,0,npfs
/gopr
*get,_wallasol,active,,time,wall
/post1
/nopr
*dim,_direction,CHAR,6,1
_direction(1) = 'X'
_direction(2) = 'Y'
_direction(3) = 'Z'
_direction(4) = 'ROTX'
_direction(5) = 'ROTY'
_direction(6) = 'ROTZ'
*get,_lastLS,active,0,set,LSTP
*get,_beginset,active,0,set,nset,first,_lastLS
*get,_endset,active,0,set,nset,last,_lastLS
_nummodes = 0
*if,_endset,gt,0,then
_nummodes = _endset - _beginset + 1
*endif
*do,i_mode,1,_nummodes
   *do,j_component,1,6
			*get,PFACT_%i_mode%_%j_component%,MODE,%i_mode%,PFACT,,DIREC,_direction(%j_component%)
   *enddo
*enddo
*dim,_tmdirection,CHAR,6,1
_tmdirection(1) = 'X'
_tmdirection(2) = 'Y'
_tmdirection(3) = 'Z'
_tmdirection(4) = 'X'
_tmdirection(5) = 'Y'
_tmdirection(6) = 'Z'
*do,j_component,1,6
    *if,j_component,gt,3,then
        *get,TOTALMASS_%j_component%,ELEM,0,IOR,_tmdirection(%j_component%)
    *else
        *get,TOTALMASS_%j_component%,ELEM,0,MTOT,_tmdirection(%j_component%)
    *endif
*enddo
/gopr
xmlo,ENCODING,ISO-8859-1
xmlo,parm
/xml,parm,xml
fini
/gopr
*get,_walldone,active,,time,wall
_preptime=(_wallbsol-_wallstrt)*3600
_solvtime=(_wallasol-_wallbsol)*3600
_posttime=(_walldone-_wallasol)*3600
_totaltim=(_walldone-_wallstrt)*3600
*get,_dlbratio,active,0,solu,dlbr
*get,_combtime,active,0,solu,comb
*get,_ssmode,active,0,solu,ssmm
*get,_ndofs,active,0,solu,ndof
/fclean				!clean distributed files
/com,--- Total number of nodes = %_numnode%
/com,--- Total number of elements = %_numelem%
/com,--- Element load balance ratio = %_dlbratio%
/com,--- Time to combine distributed files = %_combtime%
/com,--- Sparse memory mode = %_ssmode%
/com,--- Number of DOF = %_ndofs%
/wb,file,end               ! done with WB generated input
