/batch
/config,noeldb,1     ! force off writing results to database
*get,_wallstrt,active,,time,wall
! ANSYS input file written by Workbench version 2025 R2
! File used for geometry attach: C:\Users\alami\AppData\Local\Temp\WB_alami_21736_2\wbnew_files\dp0\SYS\DM\SYS.agdb
/title,wbnew--Modal (A5)
! ****** Begin Custom Load Command Snippet ******
/COM, ACT Extensions:
/COM,     LSDYNA, 2025.2
/COM,     5f463412-bd3e-484b-87e7-cbc0a665e474, wbex
/COM,/COM,     ANSYSMotion, 2025.2
/COM,     20180725-3f81-49eb-9f31-41364844c769, wbex
/COM,
! ****** End   Custom Load Command Snippet ******
*DIM,_wb_ProjectScratch_dir,string,248
_wb_ProjectScratch_dir(1) = 'C:\Users\alami\AppData\Local\Temp\WB_alami_21736_2\_ProjectScratch\Scr8C61\'
*DIM,_wb_SolverFiles_dir,string,248
_wb_SolverFiles_dir(1) = 'C:\Users\alami\AppData\Local\Temp\WB_alami_21736_2\wbnew_files\dp0\SYS\MECH\'
*DIM,_wb_userfiles_dir,string,248
_wb_userfiles_dir(1) = 'C:\Users\alami\AppData\Local\Temp\WB_alami_21736_2\wbnew_files\user_files\'
/com,--- Data in consistent MKS units. See Solving Units in the help system for more information.
/units,MKS
/nopr
/wb,file,start              !  signify a WB generated input file
/prep7
! Turn off shape checking because checks already performed inside WB mesher.
! See help system for more information.
SHPP,OFF,,NOWARN
/nolist
etcon,set             ! allow ANSYS to choose best KEYOP's for 180x elements, resets any applicable keyopt to MAPDL defaults
/com,*********** Send User Defined Coordinate System(s) ***********
csys,0
/com,*********** Nodes for the whole assembly ***********
nblock,3,,2362
(1i9,3e20.9e3)
        1     7.500000000E+00     1.200000000E+01     2.300000000E+02
        2     7.500000000E+00     1.050000000E+01     2.400000000E+02
        3     7.500000000E+00     1.175000000E+01     2.316666667E+02
        4     7.500000000E+00     1.150000000E+01     2.333333333E+02
        5     7.500000000E+00     1.125000000E+01     2.350000000E+02
        6     7.500000000E+00     1.100000000E+01     2.366666667E+02
        7     7.500000000E+00     1.075000000E+01     2.383333333E+02
        8     7.500000000E+00     1.500000000E+01     2.100000000E+02
        9     7.500000000E+00     1.472727273E+01     2.118181818E+02
       10     7.500000000E+00     1.445454545E+01     2.136363636E+02
       11     7.500000000E+00     1.418181818E+01     2.154545455E+02
       12     7.500000000E+00     1.390909091E+01     2.172727273E+02
       13     7.500000000E+00     1.363636364E+01     2.190909091E+02
       14     7.500000000E+00     1.336363636E+01     2.209090909E+02
       15     7.500000000E+00     1.309090909E+01     2.227272727E+02
       16     7.500000000E+00     1.281818182E+01     2.245454545E+02
       17     7.500000000E+00     1.254545455E+01     2.263636364E+02
       18     7.500000000E+00     1.227272727E+01     2.281818182E+02
       19     7.500000000E+00     1.800000000E+01     1.900000000E+02
       20     7.500000000E+00     1.772727273E+01     1.918181818E+02
       21     7.500000000E+00     1.745454545E+01     1.936363636E+02
       22     7.500000000E+00     1.718181818E+01     1.954545455E+02
       23     7.500000000E+00     1.690909091E+01     1.972727273E+02
       24     7.500000000E+00     1.663636364E+01     1.990909091E+02
       25     7.500000000E+00     1.636363636E+01     2.009090909E+02
       26     7.500000000E+00     1.609090909E+01     2.027272727E+02
       27     7.500000000E+00     1.581818182E+01     2.045454545E+02
       28     7.500000000E+00     1.554545455E+01     2.063636364E+02
       29     7.500000000E+00     1.527272727E+01     2.081818182E+02
       30     7.500000000E+00     1.800000000E+01     1.700000000E+02
       31     7.500000000E+00     1.800000000E+01     1.720000000E+02
       32     7.500000000E+00     1.800000000E+01     1.740000000E+02
       33     7.500000000E+00     1.800000000E+01     1.760000000E+02
       34     7.500000000E+00     1.800000000E+01     1.780000000E+02
       35     7.500000000E+00     1.800000000E+01     1.800000000E+02
       36     7.500000000E+00     1.800000000E+01     1.820000000E+02
       37     7.500000000E+00     1.800000000E+01     1.840000000E+02
       38     7.500000000E+00     1.800000000E+01     1.860000000E+02
       39     7.500000000E+00     1.800000000E+01     1.880000000E+02
       40     7.500000000E+00     1.800000000E+01     1.500000000E+02
       41     7.500000000E+00     1.800000000E+01     1.520000000E+02
       42     7.500000000E+00     1.800000000E+01     1.540000000E+02
       43     7.500000000E+00     1.800000000E+01     1.560000000E+02
       44     7.500000000E+00     1.800000000E+01     1.580000000E+02
       45     7.500000000E+00     1.800000000E+01     1.600000000E+02
       46     7.500000000E+00     1.800000000E+01     1.620000000E+02
       47     7.500000000E+00     1.800000000E+01     1.640000000E+02
       48     7.500000000E+00     1.800000000E+01     1.660000000E+02
       49     7.500000000E+00     1.800000000E+01     1.680000000E+02
       50     7.500000000E+00     1.800000000E+01     1.300000000E+02
       51     7.500000000E+00     1.800000000E+01     1.320000000E+02
       52     7.500000000E+00     1.800000000E+01     1.340000000E+02
       53     7.500000000E+00     1.800000000E+01     1.360000000E+02
       54     7.500000000E+00     1.800000000E+01     1.380000000E+02
       55     7.500000000E+00     1.800000000E+01     1.400000000E+02
       56     7.500000000E+00     1.800000000E+01     1.420000000E+02
       57     7.500000000E+00     1.800000000E+01     1.440000000E+02
       58     7.500000000E+00     1.800000000E+01     1.460000000E+02
       59     7.500000000E+00     1.800000000E+01     1.480000000E+02
       60     7.500000000E+00     1.800000000E+01     1.100000000E+02
       61     7.500000000E+00     1.800000000E+01     1.120000000E+02
       62     7.500000000E+00     1.800000000E+01     1.140000000E+02
       63     7.500000000E+00     1.800000000E+01     1.160000000E+02
       64     7.500000000E+00     1.800000000E+01     1.180000000E+02
       65     7.500000000E+00     1.800000000E+01     1.200000000E+02
       66     7.500000000E+00     1.800000000E+01     1.220000000E+02
       67     7.500000000E+00     1.800000000E+01     1.240000000E+02
       68     7.500000000E+00     1.800000000E+01     1.260000000E+02
       69     7.500000000E+00     1.800000000E+01     1.280000000E+02
       70     7.500000000E+00     1.800000000E+01     9.000000000E+01
       71     7.500000000E+00     1.800000000E+01     9.200000000E+01
       72     7.500000000E+00     1.800000000E+01     9.400000000E+01
       73     7.500000000E+00     1.800000000E+01     9.600000000E+01
       74     7.500000000E+00     1.800000000E+01     9.800000000E+01
       75     7.500000000E+00     1.800000000E+01     1.000000000E+02
       76     7.500000000E+00     1.800000000E+01     1.020000000E+02
       77     7.500000000E+00     1.800000000E+01     1.040000000E+02
       78     7.500000000E+00     1.800000000E+01     1.060000000E+02
       79     7.500000000E+00     1.800000000E+01     1.080000000E+02
       80     7.500000000E+00     1.800000000E+01     7.000000000E+01
       81     7.500000000E+00     1.800000000E+01     7.200000000E+01
       82     7.500000000E+00     1.800000000E+01     7.400000000E+01
       83     7.500000000E+00     1.800000000E+01     7.600000000E+01
       84     7.500000000E+00     1.800000000E+01     7.800000000E+01
       85     7.500000000E+00     1.800000000E+01     8.000000000E+01
       86     7.500000000E+00     1.800000000E+01     8.200000000E+01
       87     7.500000000E+00     1.800000000E+01     8.400000000E+01
       88     7.500000000E+00     1.800000000E+01     8.600000000E+01
       89     7.500000000E+00     1.800000000E+01     8.800000000E+01
       90     7.500000000E+00     1.800000000E+01     6.000000000E+01
       91     7.500000000E+00     1.800000000E+01     6.200000000E+01
       92     7.500000000E+00     1.800000000E+01     6.400000000E+01
       93     7.500000000E+00     1.800000000E+01     6.600000000E+01
       94     7.500000000E+00     1.800000000E+01     6.800000000E+01
       95     6.250000000E+00     1.800000000E+01     5.000000000E+01
       96     6.458333333E+00     1.800000000E+01     5.166666667E+01
       97     6.666666667E+00     1.800000000E+01     5.333333333E+01
       98     6.875000000E+00     1.800000000E+01     5.500000000E+01
       99     7.083333333E+00     1.800000000E+01     5.666666667E+01
      100     7.291666667E+00     1.800000000E+01     5.833333333E+01
      101     3.750000000E+00     1.800000000E+01     3.000000000E+01
      102     3.977272727E+00     1.800000000E+01     3.181818182E+01
      103     4.204545455E+00     1.800000000E+01     3.363636364E+01
      104     4.431818182E+00     1.800000000E+01     3.545454545E+01
      105     4.659090909E+00     1.800000000E+01     3.727272727E+01
      106     4.886363636E+00     1.800000000E+01     3.909090909E+01
      107     5.113636364E+00     1.800000000E+01     4.090909091E+01
      108     5.340909091E+00     1.800000000E+01     4.272727273E+01
      109     5.568181818E+00     1.800000000E+01     4.454545455E+01
      110     5.795454545E+00     1.800000000E+01     4.636363636E+01
      111     6.022727273E+00     1.800000000E+01     4.818181818E+01
      112     1.250000000E+00     1.600000000E+01     1.000000000E+01
      113     1.477272727E+00     1.618181818E+01     1.181818182E+01
      114     1.704545455E+00     1.636363636E+01     1.363636364E+01
      115     1.931818182E+00     1.654545455E+01     1.545454545E+01
      116     2.159090909E+00     1.672727273E+01     1.727272727E+01
      117     2.386363636E+00     1.690909091E+01     1.909090909E+01
      118     2.613636364E+00     1.709090909E+01     2.090909091E+01
      119     2.840909091E+00     1.727272727E+01     2.272727273E+01
      120     3.068181818E+00     1.745454545E+01     2.454545455E+01
      121     3.295454545E+00     1.763636364E+01     2.636363636E+01
      122     3.522727273E+00     1.781818182E+01     2.818181818E+01
      123     0.000000000E+00     0.000000000E+00     0.000000000E+00
      124     1.250000000E-01     1.600000000E+00     1.000000000E+00
      125     2.500000000E-01     3.200000000E+00     2.000000000E+00
      126     3.750000000E-01     4.800000000E+00     3.000000000E+00
      127     5.000000000E-01     6.400000000E+00     4.000000000E+00
      128     6.250000000E-01     8.000000000E+00     5.000000000E+00
      129     7.500000000E-01     9.600000000E+00     6.000000000E+00
      130     8.750000000E-01     1.120000000E+01     7.000000000E+00
      131     1.000000000E+00     1.280000000E+01     8.000000000E+00
      132     1.125000000E+00     1.440000000E+01     9.000000000E+00
      133     0.000000000E+00     0.000000000E+00     2.200000000E+02
      134     0.000000000E+00     0.000000000E+00     2.400000000E+02
      135     0.000000000E+00     0.000000000E+00     2.220000000E+02
      136     0.000000000E+00     0.000000000E+00     2.240000000E+02
      137     0.000000000E+00     0.000000000E+00     2.260000000E+02
      138     0.000000000E+00     0.000000000E+00     2.280000000E+02
      139     0.000000000E+00     0.000000000E+00     2.300000000E+02
      140     0.000000000E+00     0.000000000E+00     2.320000000E+02
      141     0.000000000E+00     0.000000000E+00     2.340000000E+02
      142     0.000000000E+00     0.000000000E+00     2.360000000E+02
      143     0.000000000E+00     0.000000000E+00     2.380000000E+02
      144     0.000000000E+00     0.000000000E+00     2.000000000E+02
      145     0.000000000E+00     0.000000000E+00     2.020000000E+02
      146     0.000000000E+00     0.000000000E+00     2.040000000E+02
      147     0.000000000E+00     0.000000000E+00     2.060000000E+02
      148     0.000000000E+00     0.000000000E+00     2.080000000E+02
      149     0.000000000E+00     0.000000000E+00     2.100000000E+02
      150     0.000000000E+00     0.000000000E+00     2.120000000E+02
      151     0.000000000E+00     0.000000000E+00     2.140000000E+02
      152     0.000000000E+00     0.000000000E+00     2.160000000E+02
      153     0.000000000E+00     0.000000000E+00     2.180000000E+02
      154     0.000000000E+00     0.000000000E+00     1.800000000E+02
      155     0.000000000E+00     0.000000000E+00     1.820000000E+02
      156     0.000000000E+00     0.000000000E+00     1.840000000E+02
      157     0.000000000E+00     0.000000000E+00     1.860000000E+02
      158     0.000000000E+00     0.000000000E+00     1.880000000E+02
      159     0.000000000E+00     0.000000000E+00     1.900000000E+02
      160     0.000000000E+00     0.000000000E+00     1.920000000E+02
      161     0.000000000E+00     0.000000000E+00     1.940000000E+02
      162     0.000000000E+00     0.000000000E+00     1.960000000E+02
      163     0.000000000E+00     0.000000000E+00     1.980000000E+02
      164     0.000000000E+00     0.000000000E+00     1.600000000E+02
      165     0.000000000E+00     0.000000000E+00     1.620000000E+02
      166     0.000000000E+00     0.000000000E+00     1.640000000E+02
      167     0.000000000E+00     0.000000000E+00     1.660000000E+02
      168     0.000000000E+00     0.000000000E+00     1.680000000E+02
      169     0.000000000E+00     0.000000000E+00     1.700000000E+02
      170     0.000000000E+00     0.000000000E+00     1.720000000E+02
      171     0.000000000E+00     0.000000000E+00     1.740000000E+02
      172     0.000000000E+00     0.000000000E+00     1.760000000E+02
      173     0.000000000E+00     0.000000000E+00     1.780000000E+02
      174     0.000000000E+00     0.000000000E+00     1.400000000E+02
      175     0.000000000E+00     0.000000000E+00     1.420000000E+02
      176     0.000000000E+00     0.000000000E+00     1.440000000E+02
      177     0.000000000E+00     0.000000000E+00     1.460000000E+02
      178     0.000000000E+00     0.000000000E+00     1.480000000E+02
      179     0.000000000E+00     0.000000000E+00     1.500000000E+02
      180     0.000000000E+00     0.000000000E+00     1.520000000E+02
      181     0.000000000E+00     0.000000000E+00     1.540000000E+02
      182     0.000000000E+00     0.000000000E+00     1.560000000E+02
      183     0.000000000E+00     0.000000000E+00     1.580000000E+02
      184     0.000000000E+00     0.000000000E+00     1.200000000E+02
      185     0.000000000E+00     0.000000000E+00     1.220000000E+02
      186     0.000000000E+00     0.000000000E+00     1.240000000E+02
      187     0.000000000E+00     0.000000000E+00     1.260000000E+02
      188     0.000000000E+00     0.000000000E+00     1.280000000E+02
      189     0.000000000E+00     0.000000000E+00     1.300000000E+02
      190     0.000000000E+00     0.000000000E+00     1.320000000E+02
      191     0.000000000E+00     0.000000000E+00     1.340000000E+02
      192     0.000000000E+00     0.000000000E+00     1.360000000E+02
      193     0.000000000E+00     0.000000000E+00     1.380000000E+02
      194     0.000000000E+00     0.000000000E+00     1.000000000E+02
      195     0.000000000E+00     0.000000000E+00     1.020000000E+02
      196     0.000000000E+00     0.000000000E+00     1.040000000E+02
      197     0.000000000E+00     0.000000000E+00     1.060000000E+02
      198     0.000000000E+00     0.000000000E+00     1.080000000E+02
      199     0.000000000E+00     0.000000000E+00     1.100000000E+02
      200     0.000000000E+00     0.000000000E+00     1.120000000E+02
      201     0.000000000E+00     0.000000000E+00     1.140000000E+02
      202     0.000000000E+00     0.000000000E+00     1.160000000E+02
      203     0.000000000E+00     0.000000000E+00     1.180000000E+02
      204     0.000000000E+00     0.000000000E+00     8.000000000E+01
      205     0.000000000E+00     0.000000000E+00     8.200000000E+01
      206     0.000000000E+00     0.000000000E+00     8.400000000E+01
      207     0.000000000E+00     0.000000000E+00     8.600000000E+01
      208     0.000000000E+00     0.000000000E+00     8.800000000E+01
      209     0.000000000E+00     0.000000000E+00     9.000000000E+01
      210     0.000000000E+00     0.000000000E+00     9.200000000E+01
      211     0.000000000E+00     0.000000000E+00     9.400000000E+01
      212     0.000000000E+00     0.000000000E+00     9.600000000E+01
      213     0.000000000E+00     0.000000000E+00     9.800000000E+01
      214     0.000000000E+00     0.000000000E+00     6.000000000E+01
      215     0.000000000E+00     0.000000000E+00     6.200000000E+01
      216     0.000000000E+00     0.000000000E+00     6.400000000E+01
      217     0.000000000E+00     0.000000000E+00     6.600000000E+01
      218     0.000000000E+00     0.000000000E+00     6.800000000E+01
      219     0.000000000E+00     0.000000000E+00     7.000000000E+01
      220     0.000000000E+00     0.000000000E+00     7.200000000E+01
      221     0.000000000E+00     0.000000000E+00     7.400000000E+01
      222     0.000000000E+00     0.000000000E+00     7.600000000E+01
      223     0.000000000E+00     0.000000000E+00     7.800000000E+01
      224     0.000000000E+00     0.000000000E+00     4.000000000E+01
      225     0.000000000E+00     0.000000000E+00     4.200000000E+01
      226     0.000000000E+00     0.000000000E+00     4.400000000E+01
      227     0.000000000E+00     0.000000000E+00     4.600000000E+01
      228     0.000000000E+00     0.000000000E+00     4.800000000E+01
      229     0.000000000E+00     0.000000000E+00     5.000000000E+01
      230     0.000000000E+00     0.000000000E+00     5.200000000E+01
      231     0.000000000E+00     0.000000000E+00     5.400000000E+01
      232     0.000000000E+00     0.000000000E+00     5.600000000E+01
      233     0.000000000E+00     0.000000000E+00     5.800000000E+01
      234     0.000000000E+00     0.000000000E+00     2.000000000E+01
      235     0.000000000E+00     0.000000000E+00     2.200000000E+01
      236     0.000000000E+00     0.000000000E+00     2.400000000E+01
      237     0.000000000E+00     0.000000000E+00     2.600000000E+01
      238     0.000000000E+00     0.000000000E+00     2.800000000E+01
      239     0.000000000E+00     0.000000000E+00     3.000000000E+01
      240     0.000000000E+00     0.000000000E+00     3.200000000E+01
      241     0.000000000E+00     0.000000000E+00     3.400000000E+01
      242     0.000000000E+00     0.000000000E+00     3.600000000E+01
      243     0.000000000E+00     0.000000000E+00     3.800000000E+01
      244     0.000000000E+00     0.000000000E+00     2.000000000E+00
      245     0.000000000E+00     0.000000000E+00     4.000000000E+00
      246     0.000000000E+00     0.000000000E+00     6.000000000E+00
      247     0.000000000E+00     0.000000000E+00     8.000000000E+00
      248     0.000000000E+00     0.000000000E+00     1.000000000E+01
      249     0.000000000E+00     0.000000000E+00     1.200000000E+01
      250     0.000000000E+00     0.000000000E+00     1.400000000E+01
      251     0.000000000E+00     0.000000000E+00     1.600000000E+01
      252     0.000000000E+00     0.000000000E+00     1.800000000E+01
      253     5.000000000E+00     0.000000000E+00     2.000000000E+01
      254     4.545454545E+00     0.000000000E+00     1.818181818E+01
      255     4.090909091E+00     0.000000000E+00     1.636363636E+01
      256     3.636363636E+00     0.000000000E+00     1.454545455E+01
      257     3.181818182E+00     0.000000000E+00     1.272727273E+01
      258     2.727272727E+00     0.000000000E+00     1.090909091E+01
      259     2.272727273E+00     0.000000000E+00     9.090909091E+00
      260     1.818181818E+00     0.000000000E+00     7.272727273E+00
      261     1.363636364E+00     0.000000000E+00     5.454545455E+00
      262     9.090909091E-01     0.000000000E+00     3.636363636E+00
      263     4.545454545E-01     0.000000000E+00     1.818181818E+00
      264     1.000000000E+01     0.000000000E+00     4.000000000E+01
      265     9.545454545E+00     0.000000000E+00     3.818181818E+01
      266     9.090909091E+00     0.000000000E+00     3.636363636E+01
      267     8.636363636E+00     0.000000000E+00     3.454545455E+01
      268     8.181818182E+00     0.000000000E+00     3.272727273E+01
      269     7.727272727E+00     0.000000000E+00     3.090909091E+01
      270     7.272727273E+00     0.000000000E+00     2.909090909E+01
      271     6.818181818E+00     0.000000000E+00     2.727272727E+01
      272     6.363636364E+00     0.000000000E+00     2.545454545E+01
      273     5.909090909E+00     0.000000000E+00     2.363636364E+01
      274     5.454545455E+00     0.000000000E+00     2.181818182E+01
      275     1.500000000E+01     0.000000000E+00     6.000000000E+01
      276     1.454545455E+01     0.000000000E+00     5.818181818E+01
      277     1.409090909E+01     0.000000000E+00     5.636363636E+01
      278     1.363636364E+01     0.000000000E+00     5.454545455E+01
      279     1.318181818E+01     0.000000000E+00     5.272727273E+01
      280     1.272727273E+01     0.000000000E+00     5.090909091E+01
      281     1.227272727E+01     0.000000000E+00     4.909090909E+01
      282     1.181818182E+01     0.000000000E+00     4.727272727E+01
      283     1.136363636E+01     0.000000000E+00     4.545454545E+01
      284     1.090909091E+01     0.000000000E+00     4.363636364E+01
      285     1.045454545E+01     0.000000000E+00     4.181818182E+01
      286     1.500000000E+01     0.000000000E+00     8.000000000E+01
      287     1.500000000E+01     0.000000000E+00     7.800000000E+01
      288     1.500000000E+01     0.000000000E+00     7.600000000E+01
      289     1.500000000E+01     0.000000000E+00     7.400000000E+01
      290     1.500000000E+01     0.000000000E+00     7.200000000E+01
      291     1.500000000E+01     0.000000000E+00     7.000000000E+01
      292     1.500000000E+01     0.000000000E+00     6.800000000E+01
      293     1.500000000E+01     0.000000000E+00     6.600000000E+01
      294     1.500000000E+01     0.000000000E+00     6.400000000E+01
      295     1.500000000E+01     0.000000000E+00     6.200000000E+01
      296     1.500000000E+01     0.000000000E+00     1.000000000E+02
      297     1.500000000E+01     0.000000000E+00     9.800000000E+01
      298     1.500000000E+01     0.000000000E+00     9.600000000E+01
      299     1.500000000E+01     0.000000000E+00     9.400000000E+01
      300     1.500000000E+01     0.000000000E+00     9.200000000E+01
      301     1.500000000E+01     0.000000000E+00     9.000000000E+01
      302     1.500000000E+01     0.000000000E+00     8.800000000E+01
      303     1.500000000E+01     0.000000000E+00     8.600000000E+01
      304     1.500000000E+01     0.000000000E+00     8.400000000E+01
      305     1.500000000E+01     0.000000000E+00     8.200000000E+01
      306     1.500000000E+01     0.000000000E+00     1.200000000E+02
      307     1.500000000E+01     0.000000000E+00     1.180000000E+02
      308     1.500000000E+01     0.000000000E+00     1.160000000E+02
      309     1.500000000E+01     0.000000000E+00     1.140000000E+02
      310     1.500000000E+01     0.000000000E+00     1.120000000E+02
      311     1.500000000E+01     0.000000000E+00     1.100000000E+02
      312     1.500000000E+01     0.000000000E+00     1.080000000E+02
      313     1.500000000E+01     0.000000000E+00     1.060000000E+02
      314     1.500000000E+01     0.000000000E+00     1.040000000E+02
      315     1.500000000E+01     0.000000000E+00     1.020000000E+02
      316     1.500000000E+01     0.000000000E+00     1.400000000E+02
      317     1.500000000E+01     0.000000000E+00     1.380000000E+02
      318     1.500000000E+01     0.000000000E+00     1.360000000E+02
      319     1.500000000E+01     0.000000000E+00     1.340000000E+02
      320     1.500000000E+01     0.000000000E+00     1.320000000E+02
      321     1.500000000E+01     0.000000000E+00     1.300000000E+02
      322     1.500000000E+01     0.000000000E+00     1.280000000E+02
      323     1.500000000E+01     0.000000000E+00     1.260000000E+02
      324     1.500000000E+01     0.000000000E+00     1.240000000E+02
      325     1.500000000E+01     0.000000000E+00     1.220000000E+02
      326     1.500000000E+01     0.000000000E+00     1.600000000E+02
      327     1.500000000E+01     0.000000000E+00     1.580000000E+02
      328     1.500000000E+01     0.000000000E+00     1.560000000E+02
      329     1.500000000E+01     0.000000000E+00     1.540000000E+02
      330     1.500000000E+01     0.000000000E+00     1.520000000E+02
      331     1.500000000E+01     0.000000000E+00     1.500000000E+02
      332     1.500000000E+01     0.000000000E+00     1.480000000E+02
      333     1.500000000E+01     0.000000000E+00     1.460000000E+02
      334     1.500000000E+01     0.000000000E+00     1.440000000E+02
      335     1.500000000E+01     0.000000000E+00     1.420000000E+02
      336     1.500000000E+01     0.000000000E+00     1.800000000E+02
      337     1.500000000E+01     0.000000000E+00     1.780000000E+02
      338     1.500000000E+01     0.000000000E+00     1.760000000E+02
      339     1.500000000E+01     0.000000000E+00     1.740000000E+02
      340     1.500000000E+01     0.000000000E+00     1.720000000E+02
      341     1.500000000E+01     0.000000000E+00     1.700000000E+02
      342     1.500000000E+01     0.000000000E+00     1.680000000E+02
      343     1.500000000E+01     0.000000000E+00     1.660000000E+02
      344     1.500000000E+01     0.000000000E+00     1.640000000E+02
      345     1.500000000E+01     0.000000000E+00     1.620000000E+02
      346     1.500000000E+01     0.000000000E+00     2.000000000E+02
      347     1.500000000E+01     0.000000000E+00     1.980000000E+02
      348     1.500000000E+01     0.000000000E+00     1.960000000E+02
      349     1.500000000E+01     0.000000000E+00     1.940000000E+02
      350     1.500000000E+01     0.000000000E+00     1.920000000E+02
      351     1.500000000E+01     0.000000000E+00     1.900000000E+02
      352     1.500000000E+01     0.000000000E+00     1.880000000E+02
      353     1.500000000E+01     0.000000000E+00     1.860000000E+02
      354     1.500000000E+01     0.000000000E+00     1.840000000E+02
      355     1.500000000E+01     0.000000000E+00     1.820000000E+02
      356     1.500000000E+01     0.000000000E+00     2.200000000E+02
      357     1.500000000E+01     0.000000000E+00     2.180000000E+02
      358     1.500000000E+01     0.000000000E+00     2.160000000E+02
      359     1.500000000E+01     0.000000000E+00     2.140000000E+02
      360     1.500000000E+01     0.000000000E+00     2.120000000E+02
      361     1.500000000E+01     0.000000000E+00     2.100000000E+02
      362     1.500000000E+01     0.000000000E+00     2.080000000E+02
      363     1.500000000E+01     0.000000000E+00     2.060000000E+02
      364     1.500000000E+01     0.000000000E+00     2.040000000E+02
      365     1.500000000E+01     0.000000000E+00     2.020000000E+02
      366     1.500000000E+01     0.000000000E+00     2.400000000E+02
      367     1.500000000E+01     0.000000000E+00     2.380000000E+02
      368     1.500000000E+01     0.000000000E+00     2.360000000E+02
      369     1.500000000E+01     0.000000000E+00     2.340000000E+02
      370     1.500000000E+01     0.000000000E+00     2.320000000E+02
      371     1.500000000E+01     0.000000000E+00     2.300000000E+02
      372     1.500000000E+01     0.000000000E+00     2.280000000E+02
      373     1.500000000E+01     0.000000000E+00     2.260000000E+02
      374     1.500000000E+01     0.000000000E+00     2.240000000E+02
      375     1.500000000E+01     0.000000000E+00     2.220000000E+02
      376     1.875000000E+00     0.000000000E+00     2.200000000E+02
      377     3.750000000E+00     0.000000000E+00     2.200000000E+02
      378     5.625000000E+00     0.000000000E+00     2.200000000E+02
      379     7.500000000E+00     0.000000000E+00     2.200000000E+02
      380     9.375000000E+00     0.000000000E+00     2.200000000E+02
      381     1.125000000E+01     0.000000000E+00     2.200000000E+02
      382     1.312500000E+01     0.000000000E+00     2.200000000E+02
      383     7.500000000E-01     1.500000000E+00     2.190000000E+02
      384     1.500000000E+00     3.000000000E+00     2.180000000E+02
      385     2.250000000E+00     4.500000000E+00     2.170000000E+02
      386     3.000000000E+00     6.000000000E+00     2.160000000E+02
      387     3.750000000E+00     7.500000000E+00     2.150000000E+02
      388     4.500000000E+00     9.000000000E+00     2.140000000E+02
      389     5.250000000E+00     1.050000000E+01     2.130000000E+02
      390     6.000000000E+00     1.200000000E+01     2.120000000E+02
      391     6.750000000E+00     1.350000000E+01     2.110000000E+02
      392     7.500000000E-01     1.500000000E+00     2.010000000E+02
      393     1.500000000E+00     3.000000000E+00     2.020000000E+02
      394     2.250000000E+00     4.500000000E+00     2.030000000E+02
      395     3.000000000E+00     6.000000000E+00     2.040000000E+02
      396     3.750000000E+00     7.500000000E+00     2.050000000E+02
      397     4.500000000E+00     9.000000000E+00     2.060000000E+02
      398     5.250000000E+00     1.050000000E+01     2.070000000E+02
      399     6.000000000E+00     1.200000000E+01     2.080000000E+02
      400     6.750000000E+00     1.350000000E+01     2.090000000E+02
      401     6.818181818E-01     1.636363636E+00     1.990909091E+02
      402     1.363636364E+00     3.272727273E+00     1.981818182E+02
      403     2.045454545E+00     4.909090909E+00     1.972727273E+02
      404     2.727272727E+00     6.545454545E+00     1.963636364E+02
      405     3.409090909E+00     8.181818182E+00     1.954545455E+02
      406     4.090909091E+00     9.818181818E+00     1.945454545E+02
      407     4.772727273E+00     1.145454545E+01     1.936363636E+02
      408     5.454545455E+00     1.309090909E+01     1.927272727E+02
      409     6.136363636E+00     1.472727273E+01     1.918181818E+02
      410     6.818181818E+00     1.636363636E+01     1.909090909E+02
      411     6.818181818E-01     1.636363636E+00     1.809090909E+02
      412     1.363636364E+00     3.272727273E+00     1.818181818E+02
      413     2.045454545E+00     4.909090909E+00     1.827272727E+02
      414     2.727272727E+00     6.545454545E+00     1.836363636E+02
      415     3.409090909E+00     8.181818182E+00     1.845454545E+02
      416     4.090909091E+00     9.818181818E+00     1.854545455E+02
      417     4.772727273E+00     1.145454545E+01     1.863636364E+02
      418     5.454545455E+00     1.309090909E+01     1.872727273E+02
      419     6.136363636E+00     1.472727273E+01     1.881818182E+02
      420     6.818181818E+00     1.636363636E+01     1.890909091E+02
      421     1.875000000E+00     0.000000000E+00     1.800000000E+02
      422     3.750000000E+00     0.000000000E+00     1.800000000E+02
      423     5.625000000E+00     0.000000000E+00     1.800000000E+02
      424     7.500000000E+00     0.000000000E+00     1.800000000E+02
      425     9.375000000E+00     0.000000000E+00     1.800000000E+02
      426     1.125000000E+01     0.000000000E+00     1.800000000E+02
      427     1.312500000E+01     0.000000000E+00     1.800000000E+02
      428     6.818181818E-01     1.636363636E+00     1.790909091E+02
      429     1.363636364E+00     3.272727273E+00     1.781818182E+02
      430     2.045454545E+00     4.909090909E+00     1.772727273E+02
      431     2.727272727E+00     6.545454545E+00     1.763636364E+02
      432     3.409090909E+00     8.181818182E+00     1.754545455E+02
      433     4.090909091E+00     9.818181818E+00     1.745454545E+02
      434     4.772727273E+00     1.145454545E+01     1.736363636E+02
      435     5.454545455E+00     1.309090909E+01     1.727272727E+02
      436     6.136363636E+00     1.472727273E+01     1.718181818E+02
      437     6.818181818E+00     1.636363636E+01     1.709090909E+02
      438     6.818181818E-01     1.636363636E+00     1.609090909E+02
      439     1.363636364E+00     3.272727273E+00     1.618181818E+02
      440     2.045454545E+00     4.909090909E+00     1.627272727E+02
      441     2.727272727E+00     6.545454545E+00     1.636363636E+02
      442     3.409090909E+00     8.181818182E+00     1.645454545E+02
      443     4.090909091E+00     9.818181818E+00     1.654545455E+02
      444     4.772727273E+00     1.145454545E+01     1.663636364E+02
      445     5.454545455E+00     1.309090909E+01     1.672727273E+02
      446     6.136363636E+00     1.472727273E+01     1.681818182E+02
      447     6.818181818E+00     1.636363636E+01     1.690909091E+02
      448     6.818181818E-01     1.636363636E+00     1.590909091E+02
      449     1.363636364E+00     3.272727273E+00     1.581818182E+02
      450     2.045454545E+00     4.909090909E+00     1.572727273E+02
      451     2.727272727E+00     6.545454545E+00     1.563636364E+02
      452     3.409090909E+00     8.181818182E+00     1.554545455E+02
      453     4.090909091E+00     9.818181818E+00     1.545454545E+02
      454     4.772727273E+00     1.145454545E+01     1.536363636E+02
      455     5.454545455E+00     1.309090909E+01     1.527272727E+02
      456     6.136363636E+00     1.472727273E+01     1.518181818E+02
      457     6.818181818E+00     1.636363636E+01     1.509090909E+02
      458     6.818181818E-01     1.636363636E+00     1.409090909E+02
      459     1.363636364E+00     3.272727273E+00     1.418181818E+02
      460     2.045454545E+00     4.909090909E+00     1.427272727E+02
      461     2.727272727E+00     6.545454545E+00     1.436363636E+02
      462     3.409090909E+00     8.181818182E+00     1.445454545E+02
      463     4.090909091E+00     9.818181818E+00     1.454545455E+02
      464     4.772727273E+00     1.145454545E+01     1.463636364E+02
      465     5.454545455E+00     1.309090909E+01     1.472727273E+02
      466     6.136363636E+00     1.472727273E+01     1.481818182E+02
      467     6.818181818E+00     1.636363636E+01     1.490909091E+02
      468     1.875000000E+00     0.000000000E+00     1.400000000E+02
      469     3.750000000E+00     0.000000000E+00     1.400000000E+02
      470     5.625000000E+00     0.000000000E+00     1.400000000E+02
      471     7.500000000E+00     0.000000000E+00     1.400000000E+02
      472     9.375000000E+00     0.000000000E+00     1.400000000E+02
      473     1.125000000E+01     0.000000000E+00     1.400000000E+02
      474     1.312500000E+01     0.000000000E+00     1.400000000E+02
      475     6.818181818E-01     1.636363636E+00     1.390909091E+02
      476     1.363636364E+00     3.272727273E+00     1.381818182E+02
      477     2.045454545E+00     4.909090909E+00     1.372727273E+02
      478     2.727272727E+00     6.545454545E+00     1.363636364E+02
      479     3.409090909E+00     8.181818182E+00     1.354545455E+02
      480     4.090909091E+00     9.818181818E+00     1.345454545E+02
      481     4.772727273E+00     1.145454545E+01     1.336363636E+02
      482     5.454545455E+00     1.309090909E+01     1.327272727E+02
      483     6.136363636E+00     1.472727273E+01     1.318181818E+02
      484     6.818181818E+00     1.636363636E+01     1.309090909E+02
      485     6.818181818E-01     1.636363636E+00     1.209090909E+02
      486     1.363636364E+00     3.272727273E+00     1.218181818E+02
      487     2.045454545E+00     4.909090909E+00     1.227272727E+02
      488     2.727272727E+00     6.545454545E+00     1.236363636E+02
      489     3.409090909E+00     8.181818182E+00     1.245454545E+02
      490     4.090909091E+00     9.818181818E+00     1.254545455E+02
      491     4.772727273E+00     1.145454545E+01     1.263636364E+02
      492     5.454545455E+00     1.309090909E+01     1.272727273E+02
      493     6.136363636E+00     1.472727273E+01     1.281818182E+02
      494     6.818181818E+00     1.636363636E+01     1.290909091E+02
      495     6.818181818E-01     1.636363636E+00     1.190909091E+02
      496     1.363636364E+00     3.272727273E+00     1.181818182E+02
      497     2.045454545E+00     4.909090909E+00     1.172727273E+02
      498     2.727272727E+00     6.545454545E+00     1.163636364E+02
      499     3.409090909E+00     8.181818182E+00     1.154545455E+02
      500     4.090909091E+00     9.818181818E+00     1.145454545E+02
      501     4.772727273E+00     1.145454545E+01     1.136363636E+02
      502     5.454545455E+00     1.309090909E+01     1.127272727E+02
      503     6.136363636E+00     1.472727273E+01     1.118181818E+02
      504     6.818181818E+00     1.636363636E+01     1.109090909E+02
      505     6.818181818E-01     1.636363636E+00     1.009090909E+02
      506     1.363636364E+00     3.272727273E+00     1.018181818E+02
      507     2.045454545E+00     4.909090909E+00     1.027272727E+02
      508     2.727272727E+00     6.545454545E+00     1.036363636E+02
      509     3.409090909E+00     8.181818182E+00     1.045454545E+02
      510     4.090909091E+00     9.818181818E+00     1.054545455E+02
      511     4.772727273E+00     1.145454545E+01     1.063636364E+02
      512     5.454545455E+00     1.309090909E+01     1.072727273E+02
      513     6.136363636E+00     1.472727273E+01     1.081818182E+02
      514     6.818181818E+00     1.636363636E+01     1.090909091E+02
      515     1.875000000E+00     0.000000000E+00     1.000000000E+02
      516     3.750000000E+00     0.000000000E+00     1.000000000E+02
      517     5.625000000E+00     0.000000000E+00     1.000000000E+02
      518     7.500000000E+00     0.000000000E+00     1.000000000E+02
      519     9.375000000E+00     0.000000000E+00     1.000000000E+02
      520     1.125000000E+01     0.000000000E+00     1.000000000E+02
      521     1.312500000E+01     0.000000000E+00     1.000000000E+02
      522     6.818181818E-01     1.636363636E+00     9.909090909E+01
      523     1.363636364E+00     3.272727273E+00     9.818181818E+01
      524     2.045454545E+00     4.909090909E+00     9.727272727E+01
      525     2.727272727E+00     6.545454545E+00     9.636363636E+01
      526     3.409090909E+00     8.181818182E+00     9.545454545E+01
      527     4.090909091E+00     9.818181818E+00     9.454545455E+01
      528     4.772727273E+00     1.145454545E+01     9.363636364E+01
      529     5.454545455E+00     1.309090909E+01     9.272727273E+01
      530     6.136363636E+00     1.472727273E+01     9.181818182E+01
      531     6.818181818E+00     1.636363636E+01     9.090909091E+01
      532     6.818181818E-01     1.636363636E+00     8.090909091E+01
      533     1.363636364E+00     3.272727273E+00     8.181818182E+01
      534     2.045454545E+00     4.909090909E+00     8.272727273E+01
      535     2.727272727E+00     6.545454545E+00     8.363636364E+01
      536     3.409090909E+00     8.181818182E+00     8.454545455E+01
      537     4.090909091E+00     9.818181818E+00     8.545454545E+01
      538     4.772727273E+00     1.145454545E+01     8.636363636E+01
      539     5.454545455E+00     1.309090909E+01     8.727272727E+01
      540     6.136363636E+00     1.472727273E+01     8.818181818E+01
      541     6.818181818E+00     1.636363636E+01     8.909090909E+01
      542     6.818181818E+00     1.636363636E+01     7.090909091E+01
      543     6.136363636E+00     1.472727273E+01     7.181818182E+01
      544     5.454545455E+00     1.309090909E+01     7.272727273E+01
      545     4.772727273E+00     1.145454545E+01     7.363636364E+01
      546     4.090909091E+00     9.818181818E+00     7.454545455E+01
      547     3.409090909E+00     8.181818182E+00     7.545454545E+01
      548     2.727272727E+00     6.545454545E+00     7.636363636E+01
      549     2.045454545E+00     4.909090909E+00     7.727272727E+01
      550     1.363636364E+00     3.272727273E+00     7.818181818E+01
      551     6.818181818E-01     1.636363636E+00     7.909090909E+01
      552     6.818181818E-01     1.636363636E+00     6.090909091E+01
      553     1.363636364E+00     3.272727273E+00     6.181818182E+01
      554     2.045454545E+00     4.909090909E+00     6.272727273E+01
      555     2.727272727E+00     6.545454545E+00     6.363636364E+01
      556     3.409090909E+00     8.181818182E+00     6.454545455E+01
      557     4.090909091E+00     9.818181818E+00     6.545454545E+01
      558     4.772727273E+00     1.145454545E+01     6.636363636E+01
      559     5.454545455E+00     1.309090909E+01     6.727272727E+01
      560     6.136363636E+00     1.472727273E+01     6.818181818E+01
      561     6.818181818E+00     1.636363636E+01     6.909090909E+01
      562     1.875000000E+00     0.000000000E+00     6.000000000E+01
      563     3.750000000E+00     0.000000000E+00     6.000000000E+01
      564     5.625000000E+00     0.000000000E+00     6.000000000E+01
      565     7.500000000E+00     0.000000000E+00     6.000000000E+01
      566     9.375000000E+00     0.000000000E+00     6.000000000E+01
      567     1.125000000E+01     0.000000000E+00     6.000000000E+01
      568     1.312500000E+01     0.000000000E+00     6.000000000E+01
      569     5.681818182E-01     1.636363636E+00     5.909090909E+01
      570     1.136363636E+00     3.272727273E+00     5.818181818E+01
      571     1.704545455E+00     4.909090909E+00     5.727272727E+01
      572     2.272727273E+00     6.545454545E+00     5.636363636E+01
      573     2.840909091E+00     8.181818182E+00     5.545454545E+01
      574     3.409090909E+00     9.818181818E+00     5.454545455E+01
      575     3.977272727E+00     1.145454545E+01     5.363636364E+01
      576     4.545454545E+00     1.309090909E+01     5.272727273E+01
      577     5.113636364E+00     1.472727273E+01     5.181818182E+01
      578     5.681818182E+00     1.636363636E+01     5.090909091E+01
      579     5.681818182E-01     1.636363636E+00     4.090909091E+01
      580     1.136363636E+00     3.272727273E+00     4.181818182E+01
      581     1.704545455E+00     4.909090909E+00     4.272727273E+01
      582     2.272727273E+00     6.545454545E+00     4.363636364E+01
      583     2.840909091E+00     8.181818182E+00     4.454545455E+01
      584     3.409090909E+00     9.818181818E+00     4.545454545E+01
      585     3.977272727E+00     1.145454545E+01     4.636363636E+01
      586     4.545454545E+00     1.309090909E+01     4.727272727E+01
      587     5.113636364E+00     1.472727273E+01     4.818181818E+01
      588     5.681818182E+00     1.636363636E+01     4.909090909E+01
      589     3.409090909E-01     1.636363636E+00     3.909090909E+01
      590     6.818181818E-01     3.272727273E+00     3.818181818E+01
      591     1.022727273E+00     4.909090909E+00     3.727272727E+01
      592     1.363636364E+00     6.545454545E+00     3.636363636E+01
      593     1.704545455E+00     8.181818182E+00     3.545454545E+01
      594     2.045454545E+00     9.818181818E+00     3.454545455E+01
      595     2.386363636E+00     1.145454545E+01     3.363636364E+01
      596     2.727272727E+00     1.309090909E+01     3.272727273E+01
      597     3.068181818E+00     1.472727273E+01     3.181818182E+01
      598     3.409090909E+00     1.636363636E+01     3.090909091E+01
      599     3.409090909E-01     1.636363636E+00     2.090909091E+01
      600     6.818181818E-01     3.272727273E+00     2.181818182E+01
      601     1.022727273E+00     4.909090909E+00     2.272727273E+01
      602     1.363636364E+00     6.545454545E+00     2.363636364E+01
      603     1.704545455E+00     8.181818182E+00     2.454545455E+01
      604     2.045454545E+00     9.818181818E+00     2.545454545E+01
      605     2.386363636E+00     1.145454545E+01     2.636363636E+01
      606     2.727272727E+00     1.309090909E+01     2.727272727E+01
      607     3.068181818E+00     1.472727273E+01     2.818181818E+01
      608     3.409090909E+00     1.636363636E+01     2.909090909E+01
      609     1.666666667E+00     0.000000000E+00     2.000000000E+01
      610     3.333333333E+00     0.000000000E+00     2.000000000E+01
      611     9.166666667E+00     0.000000000E+00     4.166666667E+01
      612     8.333333333E+00     0.000000000E+00     4.333333333E+01
      613     7.500000000E+00     0.000000000E+00     4.500000000E+01
      614     6.666666667E+00     0.000000000E+00     4.666666667E+01
      615     5.833333333E+00     0.000000000E+00     4.833333333E+01
      616     5.000000000E+00     0.000000000E+00     5.000000000E+01
      617     4.166666667E+00     0.000000000E+00     5.166666667E+01
      618     3.333333333E+00     0.000000000E+00     5.333333333E+01
      619     2.500000000E+00     0.000000000E+00     5.500000000E+01
      620     1.666666667E+00     0.000000000E+00     5.666666667E+01
      621     8.333333333E-01     0.000000000E+00     5.833333333E+01
      622     1.384615385E+01     0.000000000E+00     8.153846154E+01
      623     1.269230769E+01     0.000000000E+00     8.307692308E+01
      624     1.153846154E+01     0.000000000E+00     8.461538462E+01
      625     1.038461538E+01     0.000000000E+00     8.615384615E+01
      626     9.230769231E+00     0.000000000E+00     8.769230769E+01
      627     8.076923077E+00     0.000000000E+00     8.923076923E+01
      628     6.923076923E+00     0.000000000E+00     9.076923077E+01
      629     5.769230769E+00     0.000000000E+00     9.230769231E+01
      630     4.615384615E+00     0.000000000E+00     9.384615385E+01
      631     3.461538462E+00     0.000000000E+00     9.538461538E+01
      632     2.307692308E+00     0.000000000E+00     9.692307692E+01
      633     1.153846154E+00     0.000000000E+00     9.846153846E+01
      634     1.384615385E+01     0.000000000E+00     1.215384615E+02
      635     1.269230769E+01     0.000000000E+00     1.230769231E+02
      636     1.153846154E+01     0.000000000E+00     1.246153846E+02
      637     1.038461538E+01     0.000000000E+00     1.261538462E+02
      638     9.230769231E+00     0.000000000E+00     1.276923077E+02
      639     8.076923077E+00     0.000000000E+00     1.292307692E+02
      640     6.923076923E+00     0.000000000E+00     1.307692308E+02
      641     5.769230769E+00     0.000000000E+00     1.323076923E+02
      642     4.615384615E+00     0.000000000E+00     1.338461538E+02
      643     3.461538462E+00     0.000000000E+00     1.353846154E+02
      644     2.307692308E+00     0.000000000E+00     1.369230769E+02
      645     1.153846154E+00     0.000000000E+00     1.384615385E+02
      646     1.384615385E+01     0.000000000E+00     1.615384615E+02
      647     1.269230769E+01     0.000000000E+00     1.630769231E+02
      648     1.153846154E+01     0.000000000E+00     1.646153846E+02
      649     1.038461538E+01     0.000000000E+00     1.661538462E+02
      650     9.230769231E+00     0.000000000E+00     1.676923077E+02
      651     8.076923077E+00     0.000000000E+00     1.692307692E+02
      652     6.923076923E+00     0.000000000E+00     1.707692308E+02
      653     5.769230769E+00     0.000000000E+00     1.723076923E+02
      654     4.615384615E+00     0.000000000E+00     1.738461538E+02
      655     3.461538462E+00     0.000000000E+00     1.753846154E+02
      656     2.307692308E+00     0.000000000E+00     1.769230769E+02
      657     1.153846154E+00     0.000000000E+00     1.784615385E+02
      658     1.384615385E+01     0.000000000E+00     2.015384615E+02
      659     1.269230769E+01     0.000000000E+00     2.030769231E+02
      660     1.153846154E+01     0.000000000E+00     2.046153846E+02
      661     1.038461538E+01     0.000000000E+00     2.061538462E+02
      662     9.230769231E+00     0.000000000E+00     2.076923077E+02
      663     8.076923077E+00     0.000000000E+00     2.092307692E+02
      664     6.923076923E+00     0.000000000E+00     2.107692308E+02
      665     5.769230769E+00     0.000000000E+00     2.123076923E+02
      666     4.615384615E+00     0.000000000E+00     2.138461538E+02
      667     3.461538462E+00     0.000000000E+00     2.153846154E+02
      668     2.307692308E+00     0.000000000E+00     2.169230769E+02
      669     1.153846154E+00     0.000000000E+00     2.184615385E+02
      670     8.333333333E-01     1.333333333E+00     2.211111111E+02
      671     1.666666667E+00     2.666666667E+00     2.222222222E+02
      672     2.500000000E+00     4.000000000E+00     2.233333333E+02
      673     3.333333333E+00     5.333333333E+00     2.244444444E+02
      674     4.166666667E+00     6.666666667E+00     2.255555556E+02
      675     5.000000000E+00     8.000000000E+00     2.266666667E+02
      676     5.833333333E+00     9.333333333E+00     2.277777778E+02
      677     6.666666667E+00     1.066666667E+01     2.288888889E+02
      678     1.416666667E+01     1.333333333E+00     2.388888889E+02
      679     1.333333333E+01     2.666666667E+00     2.377777778E+02
      680     1.250000000E+01     4.000000000E+00     2.366666667E+02
      681     1.166666667E+01     5.333333333E+00     2.355555556E+02
      682     1.083333333E+01     6.666666667E+00     2.344444444E+02
      683     1.000000000E+01     8.000000000E+00     2.333333333E+02
      684     9.166666667E+00     9.333333333E+00     2.322222222E+02
      685     8.333333333E+00     1.066666667E+01     2.311111111E+02
      686     1.392857143E+01     1.500000000E+00     2.400000000E+02
      687     1.285714286E+01     3.000000000E+00     2.400000000E+02
      688     1.178571429E+01     4.500000000E+00     2.400000000E+02
      689     1.071428571E+01     6.000000000E+00     2.400000000E+02
      690     9.642857143E+00     7.500000000E+00     2.400000000E+02
      691     8.571428571E+00     9.000000000E+00     2.400000000E+02
      692     1.250000000E-01     1.600000000E+00     1.900000000E+01
      693     2.500000000E-01     3.200000000E+00     1.800000000E+01
      694     3.750000000E-01     4.800000000E+00     1.700000000E+01
      695     5.000000000E-01     6.400000000E+00     1.600000000E+01
      696     6.250000000E-01     8.000000000E+00     1.500000000E+01
      697     7.500000000E-01     9.600000000E+00     1.400000000E+01
      698     8.750000000E-01     1.120000000E+01     1.300000000E+01
      699     1.000000000E+00     1.280000000E+01     1.200000000E+01
      700     1.125000000E+00     1.440000000E+01     1.100000000E+01
      701     4.625000000E+00     1.600000000E+00     1.900000000E+01
      702     4.250000000E+00     3.200000000E+00     1.800000000E+01
      703     3.875000000E+00     4.800000000E+00     1.700000000E+01
      704     3.500000000E+00     6.400000000E+00     1.600000000E+01
      705     3.125000000E+00     8.000000000E+00     1.500000000E+01
      706     2.750000000E+00     9.600000000E+00     1.400000000E+01
      707     2.375000000E+00     1.120000000E+01     1.300000000E+01
      708     2.000000000E+00     1.280000000E+01     1.200000000E+01
      709     1.625000000E+00     1.440000000E+01     1.100000000E+01
      710     1.416666667E+01     1.333333333E+00     2.211111111E+02
      711     1.333333333E+01     2.666666667E+00     2.222222222E+02
      712     1.250000000E+01     4.000000000E+00     2.233333333E+02
      713     1.166666667E+01     5.333333333E+00     2.244444444E+02
      714     1.083333333E+01     6.666666667E+00     2.255555556E+02
      715     1.000000000E+01     8.000000000E+00     2.266666667E+02
      716     9.166666667E+00     9.333333333E+00     2.277777778E+02
      717     8.333333333E+00     1.066666667E+01     2.288888889E+02
      718     8.333333333E-01     1.333333333E+00     2.388888889E+02
      719     1.666666667E+00     2.666666667E+00     2.377777778E+02
      720     2.500000000E+00     4.000000000E+00     2.366666667E+02
      721     3.333333333E+00     5.333333333E+00     2.355555556E+02
      722     4.166666667E+00     6.666666667E+00     2.344444444E+02
      723     5.000000000E+00     8.000000000E+00     2.333333333E+02
      724     5.833333333E+00     9.333333333E+00     2.322222222E+02
      725     6.666666667E+00     1.066666667E+01     2.311111111E+02
      726     1.071428571E+00     1.500000000E+00     2.400000000E+02
      727     2.142857143E+00     3.000000000E+00     2.400000000E+02
      728     3.214285714E+00     4.500000000E+00     2.400000000E+02
      729     4.285714286E+00     6.000000000E+00     2.400000000E+02
      730     5.357142857E+00     7.500000000E+00     2.400000000E+02
      731     6.428571429E+00     9.000000000E+00     2.400000000E+02
      732     1.431818182E+01     1.636363636E+00     1.990909091E+02
      733     1.363636364E+01     3.272727273E+00     1.981818182E+02
      734     1.295454545E+01     4.909090909E+00     1.972727273E+02
      735     1.227272727E+01     6.545454545E+00     1.963636364E+02
      736     1.159090909E+01     8.181818182E+00     1.954545455E+02
      737     1.090909091E+01     9.818181818E+00     1.945454545E+02
      738     1.022727273E+01     1.145454545E+01     1.936363636E+02
      739     9.545454545E+00     1.309090909E+01     1.927272727E+02
      740     8.863636364E+00     1.472727273E+01     1.918181818E+02
      741     8.181818182E+00     1.636363636E+01     1.909090909E+02
      742     1.431818182E+01     1.636363636E+00     1.809090909E+02
      743     1.363636364E+01     3.272727273E+00     1.818181818E+02
      744     1.295454545E+01     4.909090909E+00     1.827272727E+02
      745     1.227272727E+01     6.545454545E+00     1.836363636E+02
      746     1.159090909E+01     8.181818182E+00     1.845454545E+02
      747     1.090909091E+01     9.818181818E+00     1.854545455E+02
      748     1.022727273E+01     1.145454545E+01     1.863636364E+02
      749     9.545454545E+00     1.309090909E+01     1.872727273E+02
      750     8.863636364E+00     1.472727273E+01     1.881818182E+02
      751     8.181818182E+00     1.636363636E+01     1.890909091E+02
      752     1.431818182E+01     1.636363636E+00     1.590909091E+02
      753     1.363636364E+01     3.272727273E+00     1.581818182E+02
      754     1.295454545E+01     4.909090909E+00     1.572727273E+02
      755     1.227272727E+01     6.545454545E+00     1.563636364E+02
      756     1.159090909E+01     8.181818182E+00     1.554545455E+02
      757     1.090909091E+01     9.818181818E+00     1.545454545E+02
      758     1.022727273E+01     1.145454545E+01     1.536363636E+02
      759     9.545454545E+00     1.309090909E+01     1.527272727E+02
      760     8.863636364E+00     1.472727273E+01     1.518181818E+02
      761     8.181818182E+00     1.636363636E+01     1.509090909E+02
      762     1.431818182E+01     1.636363636E+00     1.409090909E+02
      763     1.363636364E+01     3.272727273E+00     1.418181818E+02
      764     1.295454545E+01     4.909090909E+00     1.427272727E+02
      765     1.227272727E+01     6.545454545E+00     1.436363636E+02
      766     1.159090909E+01     8.181818182E+00     1.445454545E+02
      767     1.090909091E+01     9.818181818E+00     1.454545455E+02
      768     1.022727273E+01     1.145454545E+01     1.463636364E+02
      769     9.545454545E+00     1.309090909E+01     1.472727273E+02
      770     8.863636364E+00     1.472727273E+01     1.481818182E+02
      771     8.181818182E+00     1.636363636E+01     1.490909091E+02
      772     1.431818182E+01     1.636363636E+00     1.190909091E+02
      773     1.363636364E+01     3.272727273E+00     1.181818182E+02
      774     1.295454545E+01     4.909090909E+00     1.172727273E+02
      775     1.227272727E+01     6.545454545E+00     1.163636364E+02
      776     1.159090909E+01     8.181818182E+00     1.154545455E+02
      777     1.090909091E+01     9.818181818E+00     1.145454545E+02
      778     1.022727273E+01     1.145454545E+01     1.136363636E+02
      779     9.545454545E+00     1.309090909E+01     1.127272727E+02
      780     8.863636364E+00     1.472727273E+01     1.118181818E+02
      781     8.181818182E+00     1.636363636E+01     1.109090909E+02
      782     8.181818182E+00     1.636363636E+01     1.090909091E+02
      783     8.863636364E+00     1.472727273E+01     1.081818182E+02
      784     9.545454545E+00     1.309090909E+01     1.072727273E+02
      785     1.022727273E+01     1.145454545E+01     1.063636364E+02
      786     1.090909091E+01     9.818181818E+00     1.054545455E+02
      787     1.159090909E+01     8.181818182E+00     1.045454545E+02
      788     1.227272727E+01     6.545454545E+00     1.036363636E+02
      789     1.295454545E+01     4.909090909E+00     1.027272727E+02
      790     1.363636364E+01     3.272727273E+00     1.018181818E+02
      791     1.431818182E+01     1.636363636E+00     1.009090909E+02
      792     1.431818182E+01     1.636363636E+00     7.909090909E+01
      793     1.363636364E+01     3.272727273E+00     7.818181818E+01
      794     1.295454545E+01     4.909090909E+00     7.727272727E+01
      795     1.227272727E+01     6.545454545E+00     7.636363636E+01
      796     1.159090909E+01     8.181818182E+00     7.545454545E+01
      797     1.090909091E+01     9.818181818E+00     7.454545455E+01
      798     1.022727273E+01     1.145454545E+01     7.363636364E+01
      799     9.545454545E+00     1.309090909E+01     7.272727273E+01
      800     8.863636364E+00     1.472727273E+01     7.181818182E+01
      801     8.181818182E+00     1.636363636E+01     7.090909091E+01
      802     1.431818182E+01     1.636363636E+00     6.090909091E+01
      803     1.363636364E+01     3.272727273E+00     6.181818182E+01
      804     1.295454545E+01     4.909090909E+00     6.272727273E+01
      805     1.227272727E+01     6.545454545E+00     6.363636364E+01
      806     1.159090909E+01     8.181818182E+00     6.454545455E+01
      807     1.090909091E+01     9.818181818E+00     6.545454545E+01
      808     1.022727273E+01     1.145454545E+01     6.636363636E+01
      809     9.545454545E+00     1.309090909E+01     6.727272727E+01
      810     8.863636364E+00     1.472727273E+01     6.818181818E+01
      811     8.181818182E+00     1.636363636E+01     6.909090909E+01
      812     9.431818182E+00     1.636363636E+00     3.909090909E+01
      813     8.863636364E+00     3.272727273E+00     3.818181818E+01
      814     8.295454545E+00     4.909090909E+00     3.727272727E+01
      815     7.727272727E+00     6.545454545E+00     3.636363636E+01
      816     7.159090909E+00     8.181818182E+00     3.545454545E+01
      817     6.590909091E+00     9.818181818E+00     3.454545455E+01
      818     6.022727273E+00     1.145454545E+01     3.363636364E+01
      819     5.454545455E+00     1.309090909E+01     3.272727273E+01
      820     4.886363636E+00     1.472727273E+01     3.181818182E+01
      821     4.318181818E+00     1.636363636E+01     3.090909091E+01
      822     4.886363636E+00     1.636363636E+00     2.090909091E+01
      823     4.772727273E+00     3.272727273E+00     2.181818182E+01
      824     4.659090909E+00     4.909090909E+00     2.272727273E+01
      825     4.545454545E+00     6.545454545E+00     2.363636364E+01
      826     4.431818182E+00     8.181818182E+00     2.454545455E+01
      827     4.318181818E+00     9.818181818E+00     2.545454545E+01
      828     4.204545455E+00     1.145454545E+01     2.636363636E+01
      829     4.090909091E+00     1.309090909E+01     2.727272727E+01
      830     3.977272727E+00     1.472727273E+01     2.818181818E+01
      831     3.863636364E+00     1.636363636E+01     2.909090909E+01
      832     4.545454545E+00     0.000000000E+00     2.181818182E+01
      833     4.090909091E+00     0.000000000E+00     2.363636364E+01
      834     3.636363636E+00     0.000000000E+00     2.545454545E+01
      835     3.181818182E+00     0.000000000E+00     2.727272727E+01
      836     2.727272727E+00     0.000000000E+00     2.909090909E+01
      837     2.272727273E+00     0.000000000E+00     3.090909091E+01
      838     1.818181818E+00     0.000000000E+00     3.272727273E+01
      839     1.363636364E+00     0.000000000E+00     3.454545455E+01
      840     9.090909091E-01     0.000000000E+00     3.636363636E+01
      841     4.545454545E-01     0.000000000E+00     3.818181818E+01
      842     2.000000000E+00     0.000000000E+00     4.000000000E+01
      843     4.000000000E+00     0.000000000E+00     4.000000000E+01
      844     6.000000000E+00     0.000000000E+00     4.000000000E+01
      845     8.000000000E+00     0.000000000E+00     4.000000000E+01
      846     9.659090909E+00     1.636363636E+00     4.090909091E+01
      847     9.318181818E+00     3.272727273E+00     4.181818182E+01
      848     8.977272727E+00     4.909090909E+00     4.272727273E+01
      849     8.636363636E+00     6.545454545E+00     4.363636364E+01
      850     8.295454545E+00     8.181818182E+00     4.454545455E+01
      851     7.954545455E+00     9.818181818E+00     4.545454545E+01
      852     7.613636364E+00     1.145454545E+01     4.636363636E+01
      853     7.272727273E+00     1.309090909E+01     4.727272727E+01
      854     6.931818182E+00     1.472727273E+01     4.818181818E+01
      855     6.590909091E+00     1.636363636E+01     4.909090909E+01
      856     1.427083333E+01     1.500000000E+00     5.916666667E+01
      857     1.354166667E+01     3.000000000E+00     5.833333333E+01
      858     1.281250000E+01     4.500000000E+00     5.750000000E+01
      859     1.208333333E+01     6.000000000E+00     5.666666667E+01
      860     1.135416667E+01     7.500000000E+00     5.583333333E+01
      861     1.062500000E+01     9.000000000E+00     5.500000000E+01
      862     9.895833333E+00     1.050000000E+01     5.416666667E+01
      863     9.166666667E+00     1.200000000E+01     5.333333333E+01
      864     8.437500000E+00     1.350000000E+01     5.250000000E+01
      865     7.708333333E+00     1.500000000E+01     5.166666667E+01
      866     6.979166667E+00     1.650000000E+01     5.083333333E+01
      867     1.384615385E+01     0.000000000E+00     6.153846154E+01
      868     1.269230769E+01     0.000000000E+00     6.307692308E+01
      869     1.153846154E+01     0.000000000E+00     6.461538462E+01
      870     1.038461538E+01     0.000000000E+00     6.615384615E+01
      871     9.230769231E+00     0.000000000E+00     6.769230769E+01
      872     8.076923077E+00     0.000000000E+00     6.923076923E+01
      873     6.923076923E+00     0.000000000E+00     7.076923077E+01
      874     5.769230769E+00     0.000000000E+00     7.230769231E+01
      875     4.615384615E+00     0.000000000E+00     7.384615385E+01
      876     3.461538462E+00     0.000000000E+00     7.538461538E+01
      877     2.307692308E+00     0.000000000E+00     7.692307692E+01
      878     1.153846154E+00     0.000000000E+00     7.846153846E+01
      879     1.875000000E+00     0.000000000E+00     8.000000000E+01
      880     3.750000000E+00     0.000000000E+00     8.000000000E+01
      881     5.625000000E+00     0.000000000E+00     8.000000000E+01
      882     7.500000000E+00     0.000000000E+00     8.000000000E+01
      883     9.375000000E+00     0.000000000E+00     8.000000000E+01
      884     1.125000000E+01     0.000000000E+00     8.000000000E+01
      885     1.312500000E+01     0.000000000E+00     8.000000000E+01
      886     1.431818182E+01     1.636363636E+00     8.090909091E+01
      887     1.363636364E+01     3.272727273E+00     8.181818182E+01
      888     1.295454545E+01     4.909090909E+00     8.272727273E+01
      889     1.227272727E+01     6.545454545E+00     8.363636364E+01
      890     1.159090909E+01     8.181818182E+00     8.454545455E+01
      891     1.090909091E+01     9.818181818E+00     8.545454545E+01
      892     1.022727273E+01     1.145454545E+01     8.636363636E+01
      893     9.545454545E+00     1.309090909E+01     8.727272727E+01
      894     8.863636364E+00     1.472727273E+01     8.818181818E+01
      895     8.181818182E+00     1.636363636E+01     8.909090909E+01
      896     1.431818182E+01     1.636363636E+00     9.909090909E+01
      897     1.363636364E+01     3.272727273E+00     9.818181818E+01
      898     1.295454545E+01     4.909090909E+00     9.727272727E+01
      899     1.227272727E+01     6.545454545E+00     9.636363636E+01
      900     1.159090909E+01     8.181818182E+00     9.545454545E+01
      901     1.090909091E+01     9.818181818E+00     9.454545455E+01
      902     1.022727273E+01     1.145454545E+01     9.363636364E+01
      903     9.545454545E+00     1.309090909E+01     9.272727273E+01
      904     8.863636364E+00     1.472727273E+01     9.181818182E+01
      905     8.181818182E+00     1.636363636E+01     9.090909091E+01
      906     1.384615385E+01     0.000000000E+00     1.015384615E+02
      907     1.269230769E+01     0.000000000E+00     1.030769231E+02
      908     1.153846154E+01     0.000000000E+00     1.046153846E+02
      909     1.038461538E+01     0.000000000E+00     1.061538462E+02
      910     9.230769231E+00     0.000000000E+00     1.076923077E+02
      911     8.076923077E+00     0.000000000E+00     1.092307692E+02
      912     6.923076923E+00     0.000000000E+00     1.107692308E+02
      913     5.769230769E+00     0.000000000E+00     1.123076923E+02
      914     4.615384615E+00     0.000000000E+00     1.138461538E+02
      915     3.461538462E+00     0.000000000E+00     1.153846154E+02
      916     2.307692308E+00     0.000000000E+00     1.169230769E+02
      917     1.153846154E+00     0.000000000E+00     1.184615385E+02
      918     1.875000000E+00     0.000000000E+00     1.200000000E+02
      919     3.750000000E+00     0.000000000E+00     1.200000000E+02
      920     5.625000000E+00     0.000000000E+00     1.200000000E+02
      921     7.500000000E+00     0.000000000E+00     1.200000000E+02
      922     9.375000000E+00     0.000000000E+00     1.200000000E+02
      923     1.125000000E+01     0.000000000E+00     1.200000000E+02
      924     1.312500000E+01     0.000000000E+00     1.200000000E+02
      925     1.431818182E+01     1.636363636E+00     1.209090909E+02
      926     1.363636364E+01     3.272727273E+00     1.218181818E+02
      927     1.295454545E+01     4.909090909E+00     1.227272727E+02
      928     1.227272727E+01     6.545454545E+00     1.236363636E+02
      929     1.159090909E+01     8.181818182E+00     1.245454545E+02
      930     1.090909091E+01     9.818181818E+00     1.254545455E+02
      931     1.022727273E+01     1.145454545E+01     1.263636364E+02
      932     9.545454545E+00     1.309090909E+01     1.272727273E+02
      933     8.863636364E+00     1.472727273E+01     1.281818182E+02
      934     8.181818182E+00     1.636363636E+01     1.290909091E+02
      935     1.431818182E+01     1.636363636E+00     1.390909091E+02
      936     1.363636364E+01     3.272727273E+00     1.381818182E+02
      937     1.295454545E+01     4.909090909E+00     1.372727273E+02
      938     1.227272727E+01     6.545454545E+00     1.363636364E+02
      939     1.159090909E+01     8.181818182E+00     1.354545455E+02
      940     1.090909091E+01     9.818181818E+00     1.345454545E+02
      941     1.022727273E+01     1.145454545E+01     1.336363636E+02
      942     9.545454545E+00     1.309090909E+01     1.327272727E+02
      943     8.863636364E+00     1.472727273E+01     1.318181818E+02
      944     8.181818182E+00     1.636363636E+01     1.309090909E+02
      945     1.384615385E+01     0.000000000E+00     1.415384615E+02
      946     1.269230769E+01     0.000000000E+00     1.430769231E+02
      947     1.153846154E+01     0.000000000E+00     1.446153846E+02
      948     1.038461538E+01     0.000000000E+00     1.461538462E+02
      949     9.230769231E+00     0.000000000E+00     1.476923077E+02
      950     8.076923077E+00     0.000000000E+00     1.492307692E+02
      951     6.923076923E+00     0.000000000E+00     1.507692308E+02
      952     5.769230769E+00     0.000000000E+00     1.523076923E+02
      953     4.615384615E+00     0.000000000E+00     1.538461538E+02
      954     3.461538462E+00     0.000000000E+00     1.553846154E+02
      955     2.307692308E+00     0.000000000E+00     1.569230769E+02
      956     1.153846154E+00     0.000000000E+00     1.584615385E+02
      957     1.875000000E+00     0.000000000E+00     1.600000000E+02
      958     3.750000000E+00     0.000000000E+00     1.600000000E+02
      959     5.625000000E+00     0.000000000E+00     1.600000000E+02
      960     7.500000000E+00     0.000000000E+00     1.600000000E+02
      961     9.375000000E+00     0.000000000E+00     1.600000000E+02
      962     1.125000000E+01     0.000000000E+00     1.600000000E+02
      963     1.312500000E+01     0.000000000E+00     1.600000000E+02
      964     1.431818182E+01     1.636363636E+00     1.609090909E+02
      965     1.363636364E+01     3.272727273E+00     1.618181818E+02
      966     1.295454545E+01     4.909090909E+00     1.627272727E+02
      967     1.227272727E+01     6.545454545E+00     1.636363636E+02
      968     1.159090909E+01     8.181818182E+00     1.645454545E+02
      969     1.090909091E+01     9.818181818E+00     1.654545455E+02
      970     1.022727273E+01     1.145454545E+01     1.663636364E+02
      971     9.545454545E+00     1.309090909E+01     1.672727273E+02
      972     8.863636364E+00     1.472727273E+01     1.681818182E+02
      973     8.181818182E+00     1.636363636E+01     1.690909091E+02
      974     1.431818182E+01     1.636363636E+00     1.790909091E+02
      975     1.363636364E+01     3.272727273E+00     1.781818182E+02
      976     1.295454545E+01     4.909090909E+00     1.772727273E+02
      977     1.227272727E+01     6.545454545E+00     1.763636364E+02
      978     1.159090909E+01     8.181818182E+00     1.754545455E+02
      979     1.090909091E+01     9.818181818E+00     1.745454545E+02
      980     1.022727273E+01     1.145454545E+01     1.736363636E+02
      981     9.545454545E+00     1.309090909E+01     1.727272727E+02
      982     8.863636364E+00     1.472727273E+01     1.718181818E+02
      983     8.181818182E+00     1.636363636E+01     1.709090909E+02
      984     1.384615385E+01     0.000000000E+00     1.815384615E+02
      985     1.269230769E+01     0.000000000E+00     1.830769231E+02
      986     1.153846154E+01     0.000000000E+00     1.846153846E+02
      987     1.038461538E+01     0.000000000E+00     1.861538462E+02
      988     9.230769231E+00     0.000000000E+00     1.876923077E+02
      989     8.076923077E+00     0.000000000E+00     1.892307692E+02
      990     6.923076923E+00     0.000000000E+00     1.907692308E+02
      991     5.769230769E+00     0.000000000E+00     1.923076923E+02
      992     4.615384615E+00     0.000000000E+00     1.938461538E+02
      993     3.461538462E+00     0.000000000E+00     1.953846154E+02
      994     2.307692308E+00     0.000000000E+00     1.969230769E+02
      995     1.153846154E+00     0.000000000E+00     1.984615385E+02
      996     1.875000000E+00     0.000000000E+00     2.000000000E+02
      997     3.750000000E+00     0.000000000E+00     2.000000000E+02
      998     5.625000000E+00     0.000000000E+00     2.000000000E+02
      999     7.500000000E+00     0.000000000E+00     2.000000000E+02
     1000     9.375000000E+00     0.000000000E+00     2.000000000E+02
     1001     1.125000000E+01     0.000000000E+00     2.000000000E+02
     1002     1.312500000E+01     0.000000000E+00     2.000000000E+02
     1003     1.425000000E+01     1.500000000E+00     2.010000000E+02
     1004     1.350000000E+01     3.000000000E+00     2.020000000E+02
     1005     1.275000000E+01     4.500000000E+00     2.030000000E+02
     1006     1.200000000E+01     6.000000000E+00     2.040000000E+02
     1007     1.125000000E+01     7.500000000E+00     2.050000000E+02
     1008     1.050000000E+01     9.000000000E+00     2.060000000E+02
     1009     9.750000000E+00     1.050000000E+01     2.070000000E+02
     1010     9.000000000E+00     1.200000000E+01     2.080000000E+02
     1011     8.250000000E+00     1.350000000E+01     2.090000000E+02
     1012     1.425000000E+01     1.500000000E+00     2.190000000E+02
     1013     1.350000000E+01     3.000000000E+00     2.180000000E+02
     1014     1.275000000E+01     4.500000000E+00     2.170000000E+02
     1015     1.200000000E+01     6.000000000E+00     2.160000000E+02
     1016     1.125000000E+01     7.500000000E+00     2.150000000E+02
     1017     1.050000000E+01     9.000000000E+00     2.140000000E+02
     1018     9.750000000E+00     1.050000000E+01     2.130000000E+02
     1019     9.000000000E+00     1.200000000E+01     2.120000000E+02
     1020     8.250000000E+00     1.350000000E+01     2.110000000E+02
     1021     1.384615385E+01     0.000000000E+00     2.215384615E+02
     1022     1.269230769E+01     0.000000000E+00     2.230769231E+02
     1023     1.153846154E+01     0.000000000E+00     2.246153846E+02
     1024     1.038461538E+01     0.000000000E+00     2.261538462E+02
     1025     9.230769231E+00     0.000000000E+00     2.276923077E+02
     1026     8.076923077E+00     0.000000000E+00     2.292307692E+02
     1027     6.923076923E+00     0.000000000E+00     2.307692308E+02
     1028     5.769230769E+00     0.000000000E+00     2.323076923E+02
     1029     4.615384615E+00     0.000000000E+00     2.338461538E+02
     1030     3.461538462E+00     0.000000000E+00     2.353846154E+02
     1031     2.307692308E+00     0.000000000E+00     2.369230769E+02
     1032     1.153846154E+00     0.000000000E+00     2.384615385E+02
     1033     1.875000000E+00     0.000000000E+00     2.400000000E+02
     1034     3.750000000E+00     0.000000000E+00     2.400000000E+02
     1035     5.625000000E+00     0.000000000E+00     2.400000000E+02
     1036     7.500000000E+00     0.000000000E+00     2.400000000E+02
     1037     9.375000000E+00     0.000000000E+00     2.400000000E+02
     1038     1.125000000E+01     0.000000000E+00     2.400000000E+02
     1039     1.312500000E+01     0.000000000E+00     2.400000000E+02
     1040     7.500000000E+00     1.354166667E+01     2.310833333E+02
     1041     7.500000000E+00     1.329166667E+01     2.327500000E+02
     1042     7.500000000E+00     1.304166667E+01     2.344166667E+02
     1043     7.500000000E+00     1.279166667E+01     2.360833333E+02
     1044     7.500000000E+00     1.254166667E+01     2.377500000E+02
     1045     7.500000000E+00     1.229166667E+01     2.394166667E+02
     1046     7.500000000E+00     1.668181818E+01     2.111818182E+02
     1047     7.500000000E+00     1.640909091E+01     2.130000000E+02
     1048     7.500000000E+00     1.613636364E+01     2.148181818E+02
     1049     7.500000000E+00     1.586363636E+01     2.166363636E+02
     1050     7.500000000E+00     1.559090909E+01     2.184545455E+02
     1051     7.500000000E+00     1.531818182E+01     2.202727273E+02
     1052     7.500000000E+00     1.504545455E+01     2.220909091E+02
     1053     7.500000000E+00     1.477272727E+01     2.239090909E+02
     1054     7.500000000E+00     1.450000000E+01     2.257272727E+02
     1055     7.500000000E+00     1.422727273E+01     2.275454545E+02
     1056     7.500000000E+00     1.395454545E+01     2.293636364E+02
     1057     7.500000000E+00     1.968181818E+01     1.911818182E+02
     1058     7.500000000E+00     1.940909091E+01     1.930000000E+02
     1059     7.500000000E+00     1.913636364E+01     1.948181818E+02
     1060     7.500000000E+00     1.886363636E+01     1.966363636E+02
     1061     7.500000000E+00     1.859090909E+01     1.984545455E+02
     1062     7.500000000E+00     1.831818182E+01     2.002727273E+02
     1063     7.500000000E+00     1.804545455E+01     2.020909091E+02
     1064     7.500000000E+00     1.777272727E+01     2.039090909E+02
     1065     7.500000000E+00     1.750000000E+01     2.057272727E+02
     1066     7.500000000E+00     1.722727273E+01     2.075454545E+02
     1067     7.500000000E+00     1.695454545E+01     2.093636364E+02
     1068     7.500000000E+00     2.000000000E+01     1.710000000E+02
     1069     7.500000000E+00     2.000000000E+01     1.730000000E+02
     1070     7.500000000E+00     2.000000000E+01     1.750000000E+02
     1071     7.500000000E+00     2.000000000E+01     1.770000000E+02
     1072     7.500000000E+00     2.000000000E+01     1.790000000E+02
     1073     7.500000000E+00     2.000000000E+01     1.810000000E+02
     1074     7.500000000E+00     2.000000000E+01     1.830000000E+02
     1075     7.500000000E+00     2.000000000E+01     1.850000000E+02
     1076     7.500000000E+00     2.000000000E+01     1.870000000E+02
     1077     7.500000000E+00     2.000000000E+01     1.890000000E+02
     1078     7.500000000E+00     2.000000000E+01     1.510000000E+02
     1079     7.500000000E+00     2.000000000E+01     1.530000000E+02
     1080     7.500000000E+00     2.000000000E+01     1.550000000E+02
     1081     7.500000000E+00     2.000000000E+01     1.570000000E+02
     1082     7.500000000E+00     2.000000000E+01     1.590000000E+02
     1083     7.500000000E+00     2.000000000E+01     1.610000000E+02
     1084     7.500000000E+00     2.000000000E+01     1.630000000E+02
     1085     7.500000000E+00     2.000000000E+01     1.650000000E+02
     1086     7.500000000E+00     2.000000000E+01     1.670000000E+02
     1087     7.500000000E+00     2.000000000E+01     1.690000000E+02
     1088     7.500000000E+00     2.000000000E+01     1.310000000E+02
     1089     7.500000000E+00     2.000000000E+01     1.330000000E+02
     1090     7.500000000E+00     2.000000000E+01     1.350000000E+02
     1091     7.500000000E+00     2.000000000E+01     1.370000000E+02
     1092     7.500000000E+00     2.000000000E+01     1.390000000E+02
     1093     7.500000000E+00     2.000000000E+01     1.410000000E+02
     1094     7.500000000E+00     2.000000000E+01     1.430000000E+02
     1095     7.500000000E+00     2.000000000E+01     1.450000000E+02
     1096     7.500000000E+00     2.000000000E+01     1.470000000E+02
     1097     7.500000000E+00     2.000000000E+01     1.490000000E+02
     1098     7.500000000E+00     2.000000000E+01     1.110000000E+02
     1099     7.500000000E+00     2.000000000E+01     1.130000000E+02
     1100     7.500000000E+00     2.000000000E+01     1.150000000E+02
     1101     7.500000000E+00     2.000000000E+01     1.170000000E+02
     1102     7.500000000E+00     2.000000000E+01     1.190000000E+02
     1103     7.500000000E+00     2.000000000E+01     1.210000000E+02
     1104     7.500000000E+00     2.000000000E+01     1.230000000E+02
     1105     7.500000000E+00     2.000000000E+01     1.250000000E+02
     1106     7.500000000E+00     2.000000000E+01     1.270000000E+02
     1107     7.500000000E+00     2.000000000E+01     1.290000000E+02
     1108     7.500000000E+00     2.000000000E+01     9.100000000E+01
     1109     7.500000000E+00     2.000000000E+01     9.300000000E+01
     1110     7.500000000E+00     2.000000000E+01     9.500000000E+01
     1111     7.500000000E+00     2.000000000E+01     9.700000000E+01
     1112     7.500000000E+00     2.000000000E+01     9.900000000E+01
     1113     7.500000000E+00     2.000000000E+01     1.010000000E+02
     1114     7.500000000E+00     2.000000000E+01     1.030000000E+02
     1115     7.500000000E+00     2.000000000E+01     1.050000000E+02
     1116     7.500000000E+00     2.000000000E+01     1.070000000E+02
     1117     7.500000000E+00     2.000000000E+01     1.090000000E+02
     1118     7.500000000E+00     2.000000000E+01     7.100000000E+01
     1119     7.500000000E+00     2.000000000E+01     7.300000000E+01
     1120     7.500000000E+00     2.000000000E+01     7.500000000E+01
     1121     7.500000000E+00     2.000000000E+01     7.700000000E+01
     1122     7.500000000E+00     2.000000000E+01     7.900000000E+01
     1123     7.500000000E+00     2.000000000E+01     8.100000000E+01
     1124     7.500000000E+00     2.000000000E+01     8.300000000E+01
     1125     7.500000000E+00     2.000000000E+01     8.500000000E+01
     1126     7.500000000E+00     2.000000000E+01     8.700000000E+01
     1127     7.500000000E+00     2.000000000E+01     8.900000000E+01
     1128     7.500000000E+00     2.000000000E+01     6.100000000E+01
     1129     7.500000000E+00     2.000000000E+01     6.300000000E+01
     1130     7.500000000E+00     2.000000000E+01     6.500000000E+01
     1131     7.500000000E+00     2.000000000E+01     6.700000000E+01
     1132     7.500000000E+00     2.000000000E+01     6.900000000E+01
     1133     4.687500000E+00     1.800000000E+01     5.104166667E+01
     1134     4.895833333E+00     1.800000000E+01     5.270833333E+01
     1135     5.104166667E+00     1.800000000E+01     5.437500000E+01
     1136     5.312500000E+00     1.800000000E+01     5.604166667E+01
     1137     5.520833333E+00     1.800000000E+01     5.770833333E+01
     1138     5.729166667E+00     1.800000000E+01     5.937500000E+01
     1139     2.045454545E+00     1.800000000E+01     3.113636364E+01
     1140     2.272727273E+00     1.800000000E+01     3.295454545E+01
     1141     2.500000000E+00     1.800000000E+01     3.477272727E+01
     1142     2.727272727E+00     1.800000000E+01     3.659090909E+01
     1143     2.954545455E+00     1.800000000E+01     3.840909091E+01
     1144     3.181818182E+00     1.800000000E+01     4.022727273E+01
     1145     3.409090909E+00     1.800000000E+01     4.204545455E+01
     1146     3.636363636E+00     1.800000000E+01     4.386363636E+01
     1147     3.863636364E+00     1.800000000E+01     4.568181818E+01
     1148     4.090909091E+00     1.800000000E+01     4.750000000E+01
     1149     4.318181818E+00     1.800000000E+01     4.931818182E+01
     1150    -5.612510808E-02     1.495509991E+01     1.120014201E+01
     1151     1.711476192E-01     1.513691810E+01     1.301832383E+01
     1152     3.984203465E-01     1.531873628E+01     1.483650565E+01
     1153     6.256930737E-01     1.550055446E+01     1.665468747E+01
     1154     8.529658010E-01     1.568237264E+01     1.847286928E+01
     1155     1.080238528E+00     1.586419082E+01     2.029105110E+01
     1156     1.307511256E+00     1.604600900E+01     2.210923292E+01
     1157     1.534783983E+00     1.622782719E+01     2.392741474E+01
     1158     1.762056710E+00     1.640964537E+01     2.574559656E+01
     1159     1.989329437E+00     1.659146355E+01     2.756377837E+01
     1160     2.216602165E+00     1.677328173E+01     2.938196019E+01
     1161    -1.538766729E-02    -1.969621413E-01     2.104875385E+00
     1162     1.096123327E-01     1.403037859E+00     3.104875385E+00
     1163     2.346123327E-01     3.003037859E+00     4.104875385E+00
     1164     3.596123327E-01     4.603037859E+00     5.104875385E+00
     1165     4.846123327E-01     6.203037859E+00     6.104875385E+00
     1166     6.096123327E-01     7.803037859E+00     7.104875385E+00
     1167     7.346123327E-01     9.403037859E+00     8.104875385E+00
     1168     8.596123327E-01     1.100303786E+01     9.104875385E+00
     1169     9.846123327E-01     1.260303786E+01     1.010487538E+01
     1170     1.109612333E+00     1.420303786E+01     1.110487538E+01
     1171     0.000000000E+00     2.000000000E+00     2.210000000E+02
     1172     0.000000000E+00     2.000000000E+00     2.230000000E+02
     1173     0.000000000E+00     2.000000000E+00     2.250000000E+02
     1174     0.000000000E+00     2.000000000E+00     2.270000000E+02
     1175     0.000000000E+00     2.000000000E+00     2.290000000E+02
     1176     0.000000000E+00     2.000000000E+00     2.310000000E+02
     1177     0.000000000E+00     2.000000000E+00     2.330000000E+02
     1178     0.000000000E+00     2.000000000E+00     2.350000000E+02
     1179     0.000000000E+00     2.000000000E+00     2.370000000E+02
     1180     0.000000000E+00     2.000000000E+00     2.390000000E+02
     1181     0.000000000E+00     2.000000000E+00     2.010000000E+02
     1182     0.000000000E+00     2.000000000E+00     2.030000000E+02
     1183     0.000000000E+00     2.000000000E+00     2.050000000E+02
     1184     0.000000000E+00     2.000000000E+00     2.070000000E+02
     1185     0.000000000E+00     2.000000000E+00     2.090000000E+02
     1186     0.000000000E+00     2.000000000E+00     2.110000000E+02
     1187     0.000000000E+00     2.000000000E+00     2.130000000E+02
     1188     0.000000000E+00     2.000000000E+00     2.150000000E+02
     1189     0.000000000E+00     2.000000000E+00     2.170000000E+02
     1190     0.000000000E+00     2.000000000E+00     2.190000000E+02
     1191     0.000000000E+00     2.000000000E+00     1.810000000E+02
     1192     0.000000000E+00     2.000000000E+00     1.830000000E+02
     1193     0.000000000E+00     2.000000000E+00     1.850000000E+02
     1194     0.000000000E+00     2.000000000E+00     1.870000000E+02
     1195     0.000000000E+00     2.000000000E+00     1.890000000E+02
     1196     0.000000000E+00     2.000000000E+00     1.910000000E+02
     1197     0.000000000E+00     2.000000000E+00     1.930000000E+02
     1198     0.000000000E+00     2.000000000E+00     1.950000000E+02
     1199     0.000000000E+00     2.000000000E+00     1.970000000E+02
     1200     0.000000000E+00     2.000000000E+00     1.990000000E+02
     1201     0.000000000E+00     2.000000000E+00     1.610000000E+02
     1202     0.000000000E+00     2.000000000E+00     1.630000000E+02
     1203     0.000000000E+00     2.000000000E+00     1.650000000E+02
     1204     0.000000000E+00     2.000000000E+00     1.670000000E+02
     1205     0.000000000E+00     2.000000000E+00     1.690000000E+02
     1206     0.000000000E+00     2.000000000E+00     1.710000000E+02
     1207     0.000000000E+00     2.000000000E+00     1.730000000E+02
     1208     0.000000000E+00     2.000000000E+00     1.750000000E+02
     1209     0.000000000E+00     2.000000000E+00     1.770000000E+02
     1210     0.000000000E+00     2.000000000E+00     1.790000000E+02
     1211     0.000000000E+00     2.000000000E+00     1.410000000E+02
     1212     0.000000000E+00     2.000000000E+00     1.430000000E+02
     1213     0.000000000E+00     2.000000000E+00     1.450000000E+02
     1214     0.000000000E+00     2.000000000E+00     1.470000000E+02
     1215     0.000000000E+00     2.000000000E+00     1.490000000E+02
     1216     0.000000000E+00     2.000000000E+00     1.510000000E+02
     1217     0.000000000E+00     2.000000000E+00     1.530000000E+02
     1218     0.000000000E+00     2.000000000E+00     1.550000000E+02
     1219     0.000000000E+00     2.000000000E+00     1.570000000E+02
     1220     0.000000000E+00     2.000000000E+00     1.590000000E+02
     1221     0.000000000E+00     2.000000000E+00     1.210000000E+02
     1222     0.000000000E+00     2.000000000E+00     1.230000000E+02
     1223     0.000000000E+00     2.000000000E+00     1.250000000E+02
     1224     0.000000000E+00     2.000000000E+00     1.270000000E+02
     1225     0.000000000E+00     2.000000000E+00     1.290000000E+02
     1226     0.000000000E+00     2.000000000E+00     1.310000000E+02
     1227     0.000000000E+00     2.000000000E+00     1.330000000E+02
     1228     0.000000000E+00     2.000000000E+00     1.350000000E+02
     1229     0.000000000E+00     2.000000000E+00     1.370000000E+02
     1230     0.000000000E+00     2.000000000E+00     1.390000000E+02
     1231     0.000000000E+00     2.000000000E+00     1.010000000E+02
     1232     0.000000000E+00     2.000000000E+00     1.030000000E+02
     1233     0.000000000E+00     2.000000000E+00     1.050000000E+02
     1234     0.000000000E+00     2.000000000E+00     1.070000000E+02
     1235     0.000000000E+00     2.000000000E+00     1.090000000E+02
     1236     0.000000000E+00     2.000000000E+00     1.110000000E+02
     1237     0.000000000E+00     2.000000000E+00     1.130000000E+02
     1238     0.000000000E+00     2.000000000E+00     1.150000000E+02
     1239     0.000000000E+00     2.000000000E+00     1.170000000E+02
     1240     0.000000000E+00     2.000000000E+00     1.190000000E+02
     1241     0.000000000E+00     2.000000000E+00     8.100000000E+01
     1242     0.000000000E+00     2.000000000E+00     8.300000000E+01
     1243     0.000000000E+00     2.000000000E+00     8.500000000E+01
     1244     0.000000000E+00     2.000000000E+00     8.700000000E+01
     1245     0.000000000E+00     2.000000000E+00     8.900000000E+01
     1246     0.000000000E+00     2.000000000E+00     9.100000000E+01
     1247     0.000000000E+00     2.000000000E+00     9.300000000E+01
     1248     0.000000000E+00     2.000000000E+00     9.500000000E+01
     1249     0.000000000E+00     2.000000000E+00     9.700000000E+01
     1250     0.000000000E+00     2.000000000E+00     9.900000000E+01
     1251     0.000000000E+00     2.000000000E+00     6.100000000E+01
     1252     0.000000000E+00     2.000000000E+00     6.300000000E+01
     1253     0.000000000E+00     2.000000000E+00     6.500000000E+01
     1254     0.000000000E+00     2.000000000E+00     6.700000000E+01
     1255     0.000000000E+00     2.000000000E+00     6.900000000E+01
     1256     0.000000000E+00     2.000000000E+00     7.100000000E+01
     1257     0.000000000E+00     2.000000000E+00     7.300000000E+01
     1258     0.000000000E+00     2.000000000E+00     7.500000000E+01
     1259     0.000000000E+00     2.000000000E+00     7.700000000E+01
     1260     0.000000000E+00     2.000000000E+00     7.900000000E+01
     1261     0.000000000E+00     2.000000000E+00     4.100000000E+01
     1262     0.000000000E+00     2.000000000E+00     4.300000000E+01
     1263     0.000000000E+00     2.000000000E+00     4.500000000E+01
     1264     0.000000000E+00     2.000000000E+00     4.700000000E+01
     1265     0.000000000E+00     2.000000000E+00     4.900000000E+01
     1266     0.000000000E+00     2.000000000E+00     5.100000000E+01
     1267     0.000000000E+00     2.000000000E+00     5.300000000E+01
     1268     0.000000000E+00     2.000000000E+00     5.500000000E+01
     1269     0.000000000E+00     2.000000000E+00     5.700000000E+01
     1270     0.000000000E+00     2.000000000E+00     5.900000000E+01
     1271     0.000000000E+00     2.000000000E+00     2.100000000E+01
     1272     0.000000000E+00     2.000000000E+00     2.300000000E+01
     1273     0.000000000E+00     2.000000000E+00     2.500000000E+01
     1274     0.000000000E+00     2.000000000E+00     2.700000000E+01
     1275     0.000000000E+00     2.000000000E+00     2.900000000E+01
     1276     0.000000000E+00     2.000000000E+00     3.100000000E+01
     1277     0.000000000E+00     2.000000000E+00     3.300000000E+01
     1278     0.000000000E+00     2.000000000E+00     3.500000000E+01
     1279     0.000000000E+00     2.000000000E+00     3.700000000E+01
     1280     0.000000000E+00     2.000000000E+00     3.900000000E+01
     1281     0.000000000E+00     2.000000000E+00     1.000000000E+00
     1282     0.000000000E+00     2.000000000E+00     3.000000000E+00
     1283     0.000000000E+00     2.000000000E+00     5.000000000E+00
     1284     0.000000000E+00     2.000000000E+00     7.000000000E+00
     1285     0.000000000E+00     2.000000000E+00     9.000000000E+00
     1286     0.000000000E+00     2.000000000E+00     1.100000000E+01
     1287     0.000000000E+00     2.000000000E+00     1.300000000E+01
     1288     0.000000000E+00     2.000000000E+00     1.500000000E+01
     1289     0.000000000E+00     2.000000000E+00     1.700000000E+01
     1290     0.000000000E+00     2.000000000E+00     1.900000000E+01
     1291     2.954545455E+00     0.000000000E+00     1.954545455E+01
     1292     2.500000000E+00     0.000000000E+00     1.772727273E+01
     1293     2.045454545E+00     0.000000000E+00     1.590909091E+01
     1294     1.590909091E+00     0.000000000E+00     1.409090909E+01
     1295     1.136363636E+00     0.000000000E+00     1.227272727E+01
     1296     6.818181818E-01     0.000000000E+00     1.045454545E+01
     1297     2.272727273E-01     0.000000000E+00     8.636363636E+00
     1298    -2.272727273E-01     0.000000000E+00     6.818181818E+00
     1299    -6.818181818E-01     0.000000000E+00     5.000000000E+00
     1300    -1.136363636E+00     0.000000000E+00     3.181818182E+00
     1301    -1.590909091E+00     0.000000000E+00     1.363636364E+00
     1302     7.954545455E+00     0.000000000E+00     3.954545455E+01
     1303     7.500000000E+00     0.000000000E+00     3.772727273E+01
     1304     7.045454545E+00     0.000000000E+00     3.590909091E+01
     1305     6.590909091E+00     0.000000000E+00     3.409090909E+01
     1306     6.136363636E+00     0.000000000E+00     3.227272727E+01
     1307     5.681818182E+00     0.000000000E+00     3.045454545E+01
     1308     5.227272727E+00     0.000000000E+00     2.863636364E+01
     1309     4.772727273E+00     0.000000000E+00     2.681818182E+01
     1310     4.318181818E+00     0.000000000E+00     2.500000000E+01
     1311     3.863636364E+00     0.000000000E+00     2.318181818E+01
     1312     3.409090909E+00     0.000000000E+00     2.136363636E+01
     1313     1.295454545E+01     0.000000000E+00     5.954545455E+01
     1314     1.250000000E+01     0.000000000E+00     5.772727273E+01
     1315     1.204545455E+01     0.000000000E+00     5.590909091E+01
     1316     1.159090909E+01     0.000000000E+00     5.409090909E+01
     1317     1.113636364E+01     0.000000000E+00     5.227272727E+01
     1318     1.068181818E+01     0.000000000E+00     5.045454545E+01
     1319     1.022727273E+01     0.000000000E+00     4.863636364E+01
     1320     9.772727273E+00     0.000000000E+00     4.681818182E+01
     1321     9.318181818E+00     0.000000000E+00     4.500000000E+01
     1322     8.863636364E+00     0.000000000E+00     4.318181818E+01
     1323     8.409090909E+00     0.000000000E+00     4.136363636E+01
     1324     1.500000000E+01     2.000000000E+00     7.900000000E+01
     1325     1.500000000E+01     2.000000000E+00     7.700000000E+01
     1326     1.500000000E+01     2.000000000E+00     7.500000000E+01
     1327     1.500000000E+01     2.000000000E+00     7.300000000E+01
     1328     1.500000000E+01     2.000000000E+00     7.100000000E+01
     1329     1.500000000E+01     2.000000000E+00     6.900000000E+01
     1330     1.500000000E+01     2.000000000E+00     6.700000000E+01
     1331     1.500000000E+01     2.000000000E+00     6.500000000E+01
     1332     1.500000000E+01     2.000000000E+00     6.300000000E+01
     1333     1.500000000E+01     2.000000000E+00     6.100000000E+01
     1334     1.500000000E+01     2.000000000E+00     9.900000000E+01
     1335     1.500000000E+01     2.000000000E+00     9.700000000E+01
     1336     1.500000000E+01     2.000000000E+00     9.500000000E+01
     1337     1.500000000E+01     2.000000000E+00     9.300000000E+01
     1338     1.500000000E+01     2.000000000E+00     9.100000000E+01
     1339     1.500000000E+01     2.000000000E+00     8.900000000E+01
     1340     1.500000000E+01     2.000000000E+00     8.700000000E+01
     1341     1.500000000E+01     2.000000000E+00     8.500000000E+01
     1342     1.500000000E+01     2.000000000E+00     8.300000000E+01
     1343     1.500000000E+01     2.000000000E+00     8.100000000E+01
     1344     1.500000000E+01     2.000000000E+00     1.190000000E+02
     1345     1.500000000E+01     2.000000000E+00     1.170000000E+02
     1346     1.500000000E+01     2.000000000E+00     1.150000000E+02
     1347     1.500000000E+01     2.000000000E+00     1.130000000E+02
     1348     1.500000000E+01     2.000000000E+00     1.110000000E+02
     1349     1.500000000E+01     2.000000000E+00     1.090000000E+02
     1350     1.500000000E+01     2.000000000E+00     1.070000000E+02
     1351     1.500000000E+01     2.000000000E+00     1.050000000E+02
     1352     1.500000000E+01     2.000000000E+00     1.030000000E+02
     1353     1.500000000E+01     2.000000000E+00     1.010000000E+02
     1354     1.500000000E+01     2.000000000E+00     1.390000000E+02
     1355     1.500000000E+01     2.000000000E+00     1.370000000E+02
     1356     1.500000000E+01     2.000000000E+00     1.350000000E+02
     1357     1.500000000E+01     2.000000000E+00     1.330000000E+02
     1358     1.500000000E+01     2.000000000E+00     1.310000000E+02
     1359     1.500000000E+01     2.000000000E+00     1.290000000E+02
     1360     1.500000000E+01     2.000000000E+00     1.270000000E+02
     1361     1.500000000E+01     2.000000000E+00     1.250000000E+02
     1362     1.500000000E+01     2.000000000E+00     1.230000000E+02
     1363     1.500000000E+01     2.000000000E+00     1.210000000E+02
     1364     1.500000000E+01     2.000000000E+00     1.590000000E+02
     1365     1.500000000E+01     2.000000000E+00     1.570000000E+02
     1366     1.500000000E+01     2.000000000E+00     1.550000000E+02
     1367     1.500000000E+01     2.000000000E+00     1.530000000E+02
     1368     1.500000000E+01     2.000000000E+00     1.510000000E+02
     1369     1.500000000E+01     2.000000000E+00     1.490000000E+02
     1370     1.500000000E+01     2.000000000E+00     1.470000000E+02
     1371     1.500000000E+01     2.000000000E+00     1.450000000E+02
     1372     1.500000000E+01     2.000000000E+00     1.430000000E+02
     1373     1.500000000E+01     2.000000000E+00     1.410000000E+02
     1374     1.500000000E+01     2.000000000E+00     1.790000000E+02
     1375     1.500000000E+01     2.000000000E+00     1.770000000E+02
     1376     1.500000000E+01     2.000000000E+00     1.750000000E+02
     1377     1.500000000E+01     2.000000000E+00     1.730000000E+02
     1378     1.500000000E+01     2.000000000E+00     1.710000000E+02
     1379     1.500000000E+01     2.000000000E+00     1.690000000E+02
     1380     1.500000000E+01     2.000000000E+00     1.670000000E+02
     1381     1.500000000E+01     2.000000000E+00     1.650000000E+02
     1382     1.500000000E+01     2.000000000E+00     1.630000000E+02
     1383     1.500000000E+01     2.000000000E+00     1.610000000E+02
     1384     1.500000000E+01     2.000000000E+00     1.990000000E+02
     1385     1.500000000E+01     2.000000000E+00     1.970000000E+02
     1386     1.500000000E+01     2.000000000E+00     1.950000000E+02
     1387     1.500000000E+01     2.000000000E+00     1.930000000E+02
     1388     1.500000000E+01     2.000000000E+00     1.910000000E+02
     1389     1.500000000E+01     2.000000000E+00     1.890000000E+02
     1390     1.500000000E+01     2.000000000E+00     1.870000000E+02
     1391     1.500000000E+01     2.000000000E+00     1.850000000E+02
     1392     1.500000000E+01     2.000000000E+00     1.830000000E+02
     1393     1.500000000E+01     2.000000000E+00     1.810000000E+02
     1394     1.500000000E+01     2.000000000E+00     2.190000000E+02
     1395     1.500000000E+01     2.000000000E+00     2.170000000E+02
     1396     1.500000000E+01     2.000000000E+00     2.150000000E+02
     1397     1.500000000E+01     2.000000000E+00     2.130000000E+02
     1398     1.500000000E+01     2.000000000E+00     2.110000000E+02
     1399     1.500000000E+01     2.000000000E+00     2.090000000E+02
     1400     1.500000000E+01     2.000000000E+00     2.070000000E+02
     1401     1.500000000E+01     2.000000000E+00     2.050000000E+02
     1402     1.500000000E+01     2.000000000E+00     2.030000000E+02
     1403     1.500000000E+01     2.000000000E+00     2.010000000E+02
     1404     1.500000000E+01     2.000000000E+00     2.390000000E+02
     1405     1.500000000E+01     2.000000000E+00     2.370000000E+02
     1406     1.500000000E+01     2.000000000E+00     2.350000000E+02
     1407     1.500000000E+01     2.000000000E+00     2.330000000E+02
     1408     1.500000000E+01     2.000000000E+00     2.310000000E+02
     1409     1.500000000E+01     2.000000000E+00     2.290000000E+02
     1410     1.500000000E+01     2.000000000E+00     2.270000000E+02
     1411     1.500000000E+01     2.000000000E+00     2.250000000E+02
     1412     1.500000000E+01     2.000000000E+00     2.230000000E+02
     1413     1.500000000E+01     2.000000000E+00     2.210000000E+02
     1414     9.375000000E-01     0.000000000E+00     2.218750000E+02
     1415     2.812500000E+00     0.000000000E+00     2.218750000E+02
     1416     4.687500000E+00     0.000000000E+00     2.218750000E+02
     1417     6.562500000E+00     0.000000000E+00     2.218750000E+02
     1418     8.437500000E+00     0.000000000E+00     2.218750000E+02
     1419     1.031250000E+01     0.000000000E+00     2.218750000E+02
     1420     1.218750000E+01     0.000000000E+00     2.218750000E+02
     1421     1.406250000E+01     0.000000000E+00     2.218750000E+02
     1422     8.222135955E-01     1.644427191E+00     2.211770510E+02
     1423     1.572213595E+00     3.144427191E+00     2.201770510E+02
     1424     2.322213595E+00     4.644427191E+00     2.191770510E+02
     1425     3.072213595E+00     6.144427191E+00     2.181770510E+02
     1426     3.822213595E+00     7.644427191E+00     2.171770510E+02
     1427     4.572213595E+00     9.144427191E+00     2.161770510E+02
     1428     5.322213595E+00     1.064442719E+01     2.151770510E+02
     1429     6.072213595E+00     1.214442719E+01     2.141770510E+02
     1430     6.822213595E+00     1.364442719E+01     2.131770510E+02
     1431     7.572213595E+00     1.514442719E+01     2.121770510E+02
     1432    -7.221359550E-02    -1.444271910E-01     2.021770510E+02
     1433     6.777864045E-01     1.355572809E+00     2.031770510E+02
     1434     1.427786405E+00     2.855572809E+00     2.041770510E+02
     1435     2.177786405E+00     4.355572809E+00     2.051770510E+02
     1436     2.927786405E+00     5.855572809E+00     2.061770510E+02
     1437     3.677786405E+00     7.355572809E+00     2.071770510E+02
     1438     4.427786405E+00     8.855572809E+00     2.081770510E+02
     1439     5.177786405E+00     1.035557281E+01     2.091770510E+02
     1440     5.927786405E+00     1.185557281E+01     2.101770510E+02
     1441     6.677786405E+00     1.335557281E+01     2.111770510E+02
     1442     6.905594406E-01     1.657342657E+00     2.013181818E+02
     1443     1.372377622E+00     3.293706294E+00     2.004090909E+02
     1444     2.054195804E+00     4.930069930E+00     1.995000000E+02
     1445     2.736013986E+00     6.566433566E+00     1.985909091E+02
     1446     3.417832168E+00     8.202797203E+00     1.976818182E+02
     1447     4.099650350E+00     9.839160839E+00     1.967727273E+02
     1448     4.781468531E+00     1.147552448E+01     1.958636364E+02
     1449     5.463286713E+00     1.311188811E+01     1.949545455E+02
     1450     6.145104895E+00     1.474825175E+01     1.940454545E+02
     1451     6.826923077E+00     1.638461538E+01     1.931363636E+02
     1452     7.508741259E+00     1.802097902E+01     1.922272727E+02
     1453    -8.741258741E-03    -2.097902098E-02     1.822272727E+02
     1454     6.730769231E-01     1.615384615E+00     1.831363636E+02
     1455     1.354895105E+00     3.251748252E+00     1.840454545E+02
     1456     2.036713287E+00     4.888111888E+00     1.849545455E+02
     1457     2.718531469E+00     6.524475524E+00     1.858636364E+02
     1458     3.400349650E+00     8.160839161E+00     1.867727273E+02
     1459     4.082167832E+00     9.797202797E+00     1.876818182E+02
     1460     4.763986014E+00     1.143356643E+01     1.885909091E+02
     1461     5.445804196E+00     1.306993007E+01     1.895000000E+02
     1462     6.127622378E+00     1.470629371E+01     1.904090909E+02
     1463     6.809440559E+00     1.634265734E+01     1.913181818E+02
     1464     9.375000000E-01     0.000000000E+00     1.818750000E+02
     1465     2.812500000E+00     0.000000000E+00     1.818750000E+02
     1466     4.687500000E+00     0.000000000E+00     1.818750000E+02
     1467     6.562500000E+00     0.000000000E+00     1.818750000E+02
     1468     8.437500000E+00     0.000000000E+00     1.818750000E+02
     1469     1.031250000E+01     0.000000000E+00     1.818750000E+02
     1470     1.218750000E+01     0.000000000E+00     1.818750000E+02
     1471     1.406250000E+01     0.000000000E+00     1.818750000E+02
     1472     6.905594406E-01     1.657342657E+00     1.813181818E+02
     1473     1.372377622E+00     3.293706294E+00     1.804090909E+02
     1474     2.054195804E+00     4.930069930E+00     1.795000000E+02
     1475     2.736013986E+00     6.566433566E+00     1.785909091E+02
     1476     3.417832168E+00     8.202797203E+00     1.776818182E+02
     1477     4.099650350E+00     9.839160839E+00     1.767727273E+02
     1478     4.781468531E+00     1.147552448E+01     1.758636364E+02
     1479     5.463286713E+00     1.311188811E+01     1.749545455E+02
     1480     6.145104895E+00     1.474825175E+01     1.740454545E+02
     1481     6.826923077E+00     1.638461538E+01     1.731363636E+02
     1482     7.508741259E+00     1.802097902E+01     1.722272727E+02
     1483    -8.741258741E-03    -2.097902098E-02     1.622272727E+02
     1484     6.730769231E-01     1.615384615E+00     1.631363636E+02
     1485     1.354895105E+00     3.251748252E+00     1.640454545E+02
     1486     2.036713287E+00     4.888111888E+00     1.649545455E+02
     1487     2.718531469E+00     6.524475524E+00     1.658636364E+02
     1488     3.400349650E+00     8.160839161E+00     1.667727273E+02
     1489     4.082167832E+00     9.797202797E+00     1.676818182E+02
     1490     4.763986014E+00     1.143356643E+01     1.685909091E+02
     1491     5.445804196E+00     1.306993007E+01     1.695000000E+02
     1492     6.127622378E+00     1.470629371E+01     1.704090909E+02
     1493     6.809440559E+00     1.634265734E+01     1.713181818E+02
     1494     6.905594406E-01     1.657342657E+00     1.613181818E+02
     1495     1.372377622E+00     3.293706294E+00     1.604090909E+02
     1496     2.054195804E+00     4.930069930E+00     1.595000000E+02
     1497     2.736013986E+00     6.566433566E+00     1.585909091E+02
     1498     3.417832168E+00     8.202797203E+00     1.576818182E+02
     1499     4.099650350E+00     9.839160839E+00     1.567727273E+02
     1500     4.781468531E+00     1.147552448E+01     1.558636364E+02
     1501     5.463286713E+00     1.311188811E+01     1.549545455E+02
     1502     6.145104895E+00     1.474825175E+01     1.540454545E+02
     1503     6.826923077E+00     1.638461538E+01     1.531363636E+02
     1504     7.508741259E+00     1.802097902E+01     1.522272727E+02
     1505    -8.741258741E-03    -2.097902098E-02     1.422272727E+02
     1506     6.730769231E-01     1.615384615E+00     1.431363636E+02
     1507     1.354895105E+00     3.251748252E+00     1.440454545E+02
     1508     2.036713287E+00     4.888111888E+00     1.449545455E+02
     1509     2.718531469E+00     6.524475524E+00     1.458636364E+02
     1510     3.400349650E+00     8.160839161E+00     1.467727273E+02
     1511     4.082167832E+00     9.797202797E+00     1.476818182E+02
     1512     4.763986014E+00     1.143356643E+01     1.485909091E+02
     1513     5.445804196E+00     1.306993007E+01     1.495000000E+02
     1514     6.127622378E+00     1.470629371E+01     1.504090909E+02
     1515     6.809440559E+00     1.634265734E+01     1.513181818E+02
     1516     9.375000000E-01     0.000000000E+00     1.418750000E+02
     1517     2.812500000E+00     0.000000000E+00     1.418750000E+02
     1518     4.687500000E+00     0.000000000E+00     1.418750000E+02
     1519     6.562500000E+00     0.000000000E+00     1.418750000E+02
     1520     8.437500000E+00     0.000000000E+00     1.418750000E+02
     1521     1.031250000E+01     0.000000000E+00     1.418750000E+02
     1522     1.218750000E+01     0.000000000E+00     1.418750000E+02
     1523     1.406250000E+01     0.000000000E+00     1.418750000E+02
     1524     6.905594406E-01     1.657342657E+00     1.413181818E+02
     1525     1.372377622E+00     3.293706294E+00     1.404090909E+02
     1526     2.054195804E+00     4.930069930E+00     1.395000000E+02
     1527     2.736013986E+00     6.566433566E+00     1.385909091E+02
     1528     3.417832168E+00     8.202797203E+00     1.376818182E+02
     1529     4.099650350E+00     9.839160839E+00     1.367727273E+02
     1530     4.781468531E+00     1.147552448E+01     1.358636364E+02
     1531     5.463286713E+00     1.311188811E+01     1.349545455E+02
     1532     6.145104895E+00     1.474825175E+01     1.340454545E+02
     1533     6.826923077E+00     1.638461538E+01     1.331363636E+02
     1534     7.508741259E+00     1.802097902E+01     1.322272727E+02
     1535    -8.741258741E-03    -2.097902098E-02     1.222272727E+02
     1536     6.730769231E-01     1.615384615E+00     1.231363636E+02
     1537     1.354895105E+00     3.251748252E+00     1.240454545E+02
     1538     2.036713287E+00     4.888111888E+00     1.249545455E+02
     1539     2.718531469E+00     6.524475524E+00     1.258636364E+02
     1540     3.400349650E+00     8.160839161E+00     1.267727273E+02
     1541     4.082167832E+00     9.797202797E+00     1.276818182E+02
     1542     4.763986014E+00     1.143356643E+01     1.285909091E+02
     1543     5.445804196E+00     1.306993007E+01     1.295000000E+02
     1544     6.127622378E+00     1.470629371E+01     1.304090909E+02
     1545     6.809440559E+00     1.634265734E+01     1.313181818E+02
     1546     6.905594406E-01     1.657342657E+00     1.213181818E+02
     1547     1.372377622E+00     3.293706294E+00     1.204090909E+02
     1548     2.054195804E+00     4.930069930E+00     1.195000000E+02
     1549     2.736013986E+00     6.566433566E+00     1.185909091E+02
     1550     3.417832168E+00     8.202797203E+00     1.176818182E+02
     1551     4.099650350E+00     9.839160839E+00     1.167727273E+02
     1552     4.781468531E+00     1.147552448E+01     1.158636364E+02
     1553     5.463286713E+00     1.311188811E+01     1.149545455E+02
     1554     6.145104895E+00     1.474825175E+01     1.140454545E+02
     1555     6.826923077E+00     1.638461538E+01     1.131363636E+02
     1556     7.508741259E+00     1.802097902E+01     1.122272727E+02
     1557    -8.741258741E-03    -2.097902098E-02     1.022272727E+02
     1558     6.730769231E-01     1.615384615E+00     1.031363636E+02
     1559     1.354895105E+00     3.251748252E+00     1.040454545E+02
     1560     2.036713287E+00     4.888111888E+00     1.049545455E+02
     1561     2.718531469E+00     6.524475524E+00     1.058636364E+02
     1562     3.400349650E+00     8.160839161E+00     1.067727273E+02
     1563     4.082167832E+00     9.797202797E+00     1.076818182E+02
     1564     4.763986014E+00     1.143356643E+01     1.085909091E+02
     1565     5.445804196E+00     1.306993007E+01     1.095000000E+02
     1566     6.127622378E+00     1.470629371E+01     1.104090909E+02
     1567     6.809440559E+00     1.634265734E+01     1.113181818E+02
     1568     9.375000000E-01     0.000000000E+00     1.018750000E+02
     1569     2.812500000E+00     0.000000000E+00     1.018750000E+02
     1570     4.687500000E+00     0.000000000E+00     1.018750000E+02
     1571     6.562500000E+00     0.000000000E+00     1.018750000E+02
     1572     8.437500000E+00     0.000000000E+00     1.018750000E+02
     1573     1.031250000E+01     0.000000000E+00     1.018750000E+02
     1574     1.218750000E+01     0.000000000E+00     1.018750000E+02
     1575     1.406250000E+01     0.000000000E+00     1.018750000E+02
     1576     6.905594406E-01     1.657342657E+00     1.013181818E+02
     1577     1.372377622E+00     3.293706294E+00     1.004090909E+02
     1578     2.054195804E+00     4.930069930E+00     9.950000000E+01
     1579     2.736013986E+00     6.566433566E+00     9.859090909E+01
     1580     3.417832168E+00     8.202797203E+00     9.768181818E+01
     1581     4.099650350E+00     9.839160839E+00     9.677272727E+01
     1582     4.781468531E+00     1.147552448E+01     9.586363636E+01
     1583     5.463286713E+00     1.311188811E+01     9.495454545E+01
     1584     6.145104895E+00     1.474825175E+01     9.404545455E+01
     1585     6.826923077E+00     1.638461538E+01     9.313636364E+01
     1586     7.508741259E+00     1.802097902E+01     9.222727273E+01
     1587    -8.741258741E-03    -2.097902098E-02     8.222727273E+01
     1588     6.730769231E-01     1.615384615E+00     8.313636364E+01
     1589     1.354895105E+00     3.251748252E+00     8.404545455E+01
     1590     2.036713287E+00     4.888111888E+00     8.495454545E+01
     1591     2.718531469E+00     6.524475524E+00     8.586363636E+01
     1592     3.400349650E+00     8.160839161E+00     8.677272727E+01
     1593     4.082167832E+00     9.797202797E+00     8.768181818E+01
     1594     4.763986014E+00     1.143356643E+01     8.859090909E+01
     1595     5.445804196E+00     1.306993007E+01     8.950000000E+01
     1596     6.127622378E+00     1.470629371E+01     9.040909091E+01
     1597     6.809440559E+00     1.634265734E+01     9.131818182E+01
     1598     7.508741259E+00     1.802097902E+01     7.222727273E+01
     1599     6.826923077E+00     1.638461538E+01     7.313636364E+01
     1600     6.145104895E+00     1.474825175E+01     7.404545455E+01
     1601     5.463286713E+00     1.311188811E+01     7.495454545E+01
     1602     4.781468531E+00     1.147552448E+01     7.586363636E+01
     1603     4.099650350E+00     9.839160839E+00     7.677272727E+01
     1604     3.417832168E+00     8.202797203E+00     7.768181818E+01
     1605     2.736013986E+00     6.566433566E+00     7.859090909E+01
     1606     2.054195804E+00     4.930069930E+00     7.950000000E+01
     1607     1.372377622E+00     3.293706294E+00     8.040909091E+01
     1608     6.905594406E-01     1.657342657E+00     8.131818182E+01
     1609    -8.741258741E-03    -2.097902098E-02     6.222727273E+01
     1610     6.730769231E-01     1.615384615E+00     6.313636364E+01
     1611     1.354895105E+00     3.251748252E+00     6.404545455E+01
     1612     2.036713287E+00     4.888111888E+00     6.495454545E+01
     1613     2.718531469E+00     6.524475524E+00     6.586363636E+01
     1614     3.400349650E+00     8.160839161E+00     6.677272727E+01
     1615     4.082167832E+00     9.797202797E+00     6.768181818E+01
     1616     4.763986014E+00     1.143356643E+01     6.859090909E+01
     1617     5.445804196E+00     1.306993007E+01     6.950000000E+01
     1618     6.127622378E+00     1.470629371E+01     7.040909091E+01
     1619     6.809440559E+00     1.634265734E+01     7.131818182E+01
     1620     9.375000000E-01     0.000000000E+00     6.187500000E+01
     1621     2.812500000E+00     0.000000000E+00     6.187500000E+01
     1622     4.687500000E+00     0.000000000E+00     6.187500000E+01
     1623     6.562500000E+00     0.000000000E+00     6.187500000E+01
     1624     8.437500000E+00     0.000000000E+00     6.187500000E+01
     1625     1.031250000E+01     0.000000000E+00     6.187500000E+01
     1626     1.218750000E+01     0.000000000E+00     6.187500000E+01
     1627     1.406250000E+01     0.000000000E+00     6.187500000E+01
     1628     5.822833536E-01     1.676976058E+00     6.127765446E+01
     1629     1.150465172E+00     3.313339695E+00     6.036856355E+01
     1630     1.718646990E+00     4.949703331E+00     5.945947264E+01
     1631     2.286828808E+00     6.586066967E+00     5.855038173E+01
     1632     2.855010626E+00     8.222430604E+00     5.764129082E+01
     1633     3.423192445E+00     9.858794240E+00     5.673219991E+01
     1634     3.991374263E+00     1.149515788E+01     5.582310900E+01
     1635     4.559556081E+00     1.313152151E+01     5.491401809E+01
     1636     5.127737899E+00     1.476788515E+01     5.400492718E+01
     1637     5.695919717E+00     1.640424879E+01     5.309583627E+01
     1638     6.264101535E+00     1.804061242E+01     5.218674536E+01
     1639    -1.410153543E-02    -4.061242203E-02     4.218674536E+01
     1640     5.540802828E-01     1.595751214E+00     4.309583627E+01
     1641     1.122262101E+00     3.232114851E+00     4.400492718E+01
     1642     1.690443919E+00     4.868478487E+00     4.491401809E+01
     1643     2.258625737E+00     6.504842123E+00     4.582310900E+01
     1644     2.826807555E+00     8.141205760E+00     4.673219991E+01
     1645     3.394989374E+00     9.777569396E+00     4.764129082E+01
     1646     3.963171192E+00     1.141393303E+01     4.855038173E+01
     1647     4.531353010E+00     1.305029667E+01     4.945947264E+01
     1648     5.099534828E+00     1.468666031E+01     5.036856355E+01
     1649     5.667716646E+00     1.632302394E+01     5.127765446E+01
     1650     3.558675037E-01     1.708164018E+00     4.121695236E+01
     1651     6.967765946E-01     3.344527654E+00     4.030786146E+01
     1652     1.037685686E+00     4.980891291E+00     3.939877055E+01
     1653     1.378594776E+00     6.617254927E+00     3.848967964E+01
     1654     1.719503867E+00     8.253618563E+00     3.758058873E+01
     1655     2.060412958E+00     9.889982200E+00     3.667149782E+01
     1656     2.401322049E+00     1.152634584E+01     3.576240691E+01
     1657     2.742231140E+00     1.316270947E+01     3.485331600E+01
     1658     3.083140231E+00     1.479907311E+01     3.394422509E+01
     1659     3.424049322E+00     1.643543675E+01     3.303513418E+01
     1660     3.764958413E+00     1.807180038E+01     3.212604327E+01
     1661    -1.495841283E-02    -7.180038158E-02     2.212604327E+01
     1662     3.259506781E-01     1.564563255E+00     2.303513418E+01
     1663     6.668597690E-01     3.200926891E+00     2.394422509E+01
     1664     1.007768860E+00     4.837290528E+00     2.485331600E+01
     1665     1.348677951E+00     6.473654164E+00     2.576240691E+01
     1666     1.689587042E+00     8.110017800E+00     2.667149782E+01
     1667     2.030496133E+00     9.746381437E+00     2.758058873E+01
     1668     2.371405224E+00     1.138274507E+01     2.848967964E+01
     1669     2.712314314E+00     1.301910871E+01     2.939877055E+01
     1670     3.053223405E+00     1.465547235E+01     3.030786146E+01
     1671     3.394132496E+00     1.629183598E+01     3.121695236E+01
     1672     8.333333333E-01     0.000000000E+00     2.166666667E+01
     1673     2.500000000E+00     0.000000000E+00     2.166666667E+01
     1674     4.166666667E+00     0.000000000E+00     2.166666667E+01
     1675     1.125000000E+01     0.000000000E+00     4.166666667E+01
     1676     1.041666667E+01     0.000000000E+00     4.333333333E+01
     1677     9.583333333E+00     0.000000000E+00     4.500000000E+01
     1678     8.750000000E+00     0.000000000E+00     4.666666667E+01
     1679     7.916666667E+00     0.000000000E+00     4.833333333E+01
     1680     7.083333333E+00     0.000000000E+00     5.000000000E+01
     1681     6.250000000E+00     0.000000000E+00     5.166666667E+01
     1682     5.416666667E+00     0.000000000E+00     5.333333333E+01
     1683     4.583333333E+00     0.000000000E+00     5.500000000E+01
     1684     3.750000000E+00     0.000000000E+00     5.666666667E+01
     1685     2.916666667E+00     0.000000000E+00     5.833333333E+01
     1686     2.083333333E+00     0.000000000E+00     6.000000000E+01
     1687     1.596153846E+01     0.000000000E+00     8.192307692E+01
     1688     1.480769231E+01     0.000000000E+00     8.346153846E+01
     1689     1.365384615E+01     0.000000000E+00     8.500000000E+01
     1690     1.250000000E+01     0.000000000E+00     8.653846154E+01
     1691     1.134615385E+01     0.000000000E+00     8.807692308E+01
     1692     1.019230769E+01     0.000000000E+00     8.961538462E+01
     1693     9.038461538E+00     0.000000000E+00     9.115384615E+01
     1694     7.884615385E+00     0.000000000E+00     9.269230769E+01
     1695     6.730769231E+00     0.000000000E+00     9.423076923E+01
     1696     5.576923077E+00     0.000000000E+00     9.576923077E+01
     1697     4.423076923E+00     0.000000000E+00     9.730769231E+01
     1698     3.269230769E+00     0.000000000E+00     9.884615385E+01
     1699     2.115384615E+00     0.000000000E+00     1.003846154E+02
     1700     1.596153846E+01     0.000000000E+00     1.219230769E+02
     1701     1.480769231E+01     0.000000000E+00     1.234615385E+02
     1702     1.365384615E+01     0.000000000E+00     1.250000000E+02
     1703     1.250000000E+01     0.000000000E+00     1.265384615E+02
     1704     1.134615385E+01     0.000000000E+00     1.280769231E+02
     1705     1.019230769E+01     0.000000000E+00     1.296153846E+02
     1706     9.038461538E+00     0.000000000E+00     1.311538462E+02
     1707     7.884615385E+00     0.000000000E+00     1.326923077E+02
     1708     6.730769231E+00     0.000000000E+00     1.342307692E+02
     1709     5.576923077E+00     0.000000000E+00     1.357692308E+02
     1710     4.423076923E+00     0.000000000E+00     1.373076923E+02
     1711     3.269230769E+00     0.000000000E+00     1.388461538E+02
     1712     2.115384615E+00     0.000000000E+00     1.403846154E+02
     1713     1.596153846E+01     0.000000000E+00     1.619230769E+02
     1714     1.480769231E+01     0.000000000E+00     1.634615385E+02
     1715     1.365384615E+01     0.000000000E+00     1.650000000E+02
     1716     1.250000000E+01     0.000000000E+00     1.665384615E+02
     1717     1.134615385E+01     0.000000000E+00     1.680769231E+02
     1718     1.019230769E+01     0.000000000E+00     1.696153846E+02
     1719     9.038461538E+00     0.000000000E+00     1.711538462E+02
     1720     7.884615385E+00     0.000000000E+00     1.726923077E+02
     1721     6.730769231E+00     0.000000000E+00     1.742307692E+02
     1722     5.576923077E+00     0.000000000E+00     1.757692308E+02
     1723     4.423076923E+00     0.000000000E+00     1.773076923E+02
     1724     3.269230769E+00     0.000000000E+00     1.788461538E+02
     1725     2.115384615E+00     0.000000000E+00     1.803846154E+02
     1726     1.596153846E+01     0.000000000E+00     2.019230769E+02
     1727     1.480769231E+01     0.000000000E+00     2.034615385E+02
     1728     1.365384615E+01     0.000000000E+00     2.050000000E+02
     1729     1.250000000E+01     0.000000000E+00     2.065384615E+02
     1730     1.134615385E+01     0.000000000E+00     2.080769231E+02
     1731     1.019230769E+01     0.000000000E+00     2.096153846E+02
     1732     9.038461538E+00     0.000000000E+00     2.111538462E+02
     1733     7.884615385E+00     0.000000000E+00     2.126923077E+02
     1734     6.730769231E+00     0.000000000E+00     2.142307692E+02
     1735     5.576923077E+00     0.000000000E+00     2.157692308E+02
     1736     4.423076923E+00     0.000000000E+00     2.173076923E+02
     1737     3.269230769E+00     0.000000000E+00     2.188461538E+02
     1738     2.115384615E+00     0.000000000E+00     2.203846154E+02
     1739    -1.722210444E-01    -2.755536711E-01     2.221278857E+02
     1740     6.611122889E-01     1.057779662E+00     2.232389969E+02
     1741     1.494445622E+00     2.391112996E+00     2.243501080E+02
     1742     2.327778956E+00     3.724446329E+00     2.254612191E+02
     1743     3.161112289E+00     5.057779662E+00     2.265723302E+02
     1744     3.994445622E+00     6.391112996E+00     2.276834413E+02
     1745     4.827778956E+00     7.724446329E+00     2.287945524E+02
     1746     5.661112289E+00     9.057779662E+00     2.299056635E+02
     1747     6.494445622E+00     1.039111300E+01     2.310167746E+02
     1748     1.399444562E+01     1.608887004E+00     2.410167746E+02
     1749     1.316111229E+01     2.942220338E+00     2.399056635E+02
     1750     1.232777896E+01     4.275553671E+00     2.387945524E+02
     1751     1.149444562E+01     5.608887004E+00     2.376834413E+02
     1752     1.066111229E+01     6.942220338E+00     2.365723302E+02
     1753     9.827778956E+00     8.275553671E+00     2.354612191E+02
     1754     8.994445622E+00     9.608887004E+00     2.343501080E+02
     1755     8.161112289E+00     1.094222034E+01     2.332389969E+02
     1756     7.327778956E+00     1.227555367E+01     2.321278857E+02
     1757     1.446428571E+01     7.500000000E-01     2.418433554E+02
     1758     1.339285714E+01     2.250000000E+00     2.418433554E+02
     1759     1.232142857E+01     3.750000000E+00     2.418433554E+02
     1760     1.125000000E+01     5.250000000E+00     2.418433554E+02
     1761     1.017857143E+01     6.750000000E+00     2.418433554E+02
     1762     9.107142857E+00     8.250000000E+00     2.418433554E+02
     1763     8.035714286E+00     9.750000000E+00     2.418433554E+02
     1764     1.403876673E-01     1.796962141E+00     2.110487538E+01
     1765     2.653876673E-01     3.396962141E+00     2.010487538E+01
     1766     3.903876673E-01     4.996962141E+00     1.910487538E+01
     1767     5.153876673E-01     6.596962141E+00     1.810487538E+01
     1768     6.403876673E-01     8.196962141E+00     1.710487538E+01
     1769     7.653876673E-01     9.796962141E+00     1.610487538E+01
     1770     8.903876673E-01     1.139696214E+01     1.510487538E+01
     1771     1.015387667E+00     1.299696214E+01     1.410487538E+01
     1772     1.140387667E+00     1.459696214E+01     1.310487538E+01
     1773     1.265387667E+00     1.619696214E+01     1.210487538E+01
     1774     4.584308677E+00     1.773616311E+00     2.114335784E+01
     1775     4.209308677E+00     3.373616311E+00     2.014335784E+01
     1776     3.834308677E+00     4.973616311E+00     1.914335784E+01
     1777     3.459308677E+00     6.573616311E+00     1.814335784E+01
     1778     3.084308677E+00     8.173616311E+00     1.714335784E+01
     1779     2.709308677E+00     9.773616311E+00     1.614335784E+01
     1780     2.334308677E+00     1.137361631E+01     1.514335784E+01
     1781     1.959308677E+00     1.297361631E+01     1.414335784E+01
     1782     1.584308677E+00     1.457361631E+01     1.314335784E+01
     1783     1.209308677E+00     1.617361631E+01     1.214335784E+01
     1784     1.517222104E+01    -2.755536711E-01     2.221278857E+02
     1785     1.433888771E+01     1.057779662E+00     2.232389969E+02
     1786     1.350555438E+01     2.391112996E+00     2.243501080E+02
     1787     1.267222104E+01     3.724446329E+00     2.254612191E+02
     1788     1.183888771E+01     5.057779662E+00     2.265723302E+02
     1789     1.100555438E+01     6.391112996E+00     2.276834413E+02
     1790     1.017222104E+01     7.724446329E+00     2.287945524E+02
     1791     9.338887711E+00     9.057779662E+00     2.299056635E+02
     1792     8.505554378E+00     1.039111300E+01     2.310167746E+02
     1793     1.005554378E+00     1.608887004E+00     2.410167746E+02
     1794     1.838887711E+00     2.942220338E+00     2.399056635E+02
     1795     2.672221044E+00     4.275553671E+00     2.387945524E+02
     1796     3.505554378E+00     5.608887004E+00     2.376834413E+02
     1797     4.338887711E+00     6.942220338E+00     2.365723302E+02
     1798     5.172221044E+00     8.275553671E+00     2.354612191E+02
     1799     6.005554378E+00     9.608887004E+00     2.343501080E+02
     1800     6.838887711E+00     1.094222034E+01     2.332389969E+02
     1801     7.672221044E+00     1.227555367E+01     2.321278857E+02
     1802     5.357142857E-01     7.500000000E-01     2.418433554E+02
     1803     1.607142857E+00     2.250000000E+00     2.418433554E+02
     1804     2.678571429E+00     3.750000000E+00     2.418433554E+02
     1805     3.750000000E+00     5.250000000E+00     2.418433554E+02
     1806     4.821428571E+00     6.750000000E+00     2.418433554E+02
     1807     5.892857143E+00     8.250000000E+00     2.418433554E+02
     1808     6.964285714E+00     9.750000000E+00     2.418433554E+02
     1809     1.430944056E+01     1.657342657E+00     2.013181818E+02
     1810     1.362762238E+01     3.293706294E+00     2.004090909E+02
     1811     1.294580420E+01     4.930069930E+00     1.995000000E+02
     1812     1.226398601E+01     6.566433566E+00     1.985909091E+02
     1813     1.158216783E+01     8.202797203E+00     1.976818182E+02
     1814     1.090034965E+01     9.839160839E+00     1.967727273E+02
     1815     1.021853147E+01     1.147552448E+01     1.958636364E+02
     1816     9.536713287E+00     1.311188811E+01     1.949545455E+02
     1817     8.854895105E+00     1.474825175E+01     1.940454545E+02
     1818     8.173076923E+00     1.638461538E+01     1.931363636E+02
     1819     7.491258741E+00     1.802097902E+01     1.922272727E+02
     1820     1.500874126E+01    -2.097902098E-02     1.822272727E+02
     1821     1.432692308E+01     1.615384615E+00     1.831363636E+02
     1822     1.364510490E+01     3.251748252E+00     1.840454545E+02
     1823     1.296328671E+01     4.888111888E+00     1.849545455E+02
     1824     1.228146853E+01     6.524475524E+00     1.858636364E+02
     1825     1.159965035E+01     8.160839161E+00     1.867727273E+02
     1826     1.091783217E+01     9.797202797E+00     1.876818182E+02
     1827     1.023601399E+01     1.143356643E+01     1.885909091E+02
     1828     9.554195804E+00     1.306993007E+01     1.895000000E+02
     1829     8.872377622E+00     1.470629371E+01     1.904090909E+02
     1830     8.190559441E+00     1.634265734E+01     1.913181818E+02
     1831     1.430944056E+01     1.657342657E+00     1.613181818E+02
     1832     1.362762238E+01     3.293706294E+00     1.604090909E+02
     1833     1.294580420E+01     4.930069930E+00     1.595000000E+02
     1834     1.226398601E+01     6.566433566E+00     1.585909091E+02
     1835     1.158216783E+01     8.202797203E+00     1.576818182E+02
     1836     1.090034965E+01     9.839160839E+00     1.567727273E+02
     1837     1.021853147E+01     1.147552448E+01     1.558636364E+02
     1838     9.536713287E+00     1.311188811E+01     1.549545455E+02
     1839     8.854895105E+00     1.474825175E+01     1.540454545E+02
     1840     8.173076923E+00     1.638461538E+01     1.531363636E+02
     1841     7.491258741E+00     1.802097902E+01     1.522272727E+02
     1842     1.500874126E+01    -2.097902098E-02     1.422272727E+02
     1843     1.432692308E+01     1.615384615E+00     1.431363636E+02
     1844     1.364510490E+01     3.251748252E+00     1.440454545E+02
     1845     1.296328671E+01     4.888111888E+00     1.449545455E+02
     1846     1.228146853E+01     6.524475524E+00     1.458636364E+02
     1847     1.159965035E+01     8.160839161E+00     1.467727273E+02
     1848     1.091783217E+01     9.797202797E+00     1.476818182E+02
     1849     1.023601399E+01     1.143356643E+01     1.485909091E+02
     1850     9.554195804E+00     1.306993007E+01     1.495000000E+02
     1851     8.872377622E+00     1.470629371E+01     1.504090909E+02
     1852     8.190559441E+00     1.634265734E+01     1.513181818E+02
     1853     1.430944056E+01     1.657342657E+00     1.213181818E+02
     1854     1.362762238E+01     3.293706294E+00     1.204090909E+02
     1855     1.294580420E+01     4.930069930E+00     1.195000000E+02
     1856     1.226398601E+01     6.566433566E+00     1.185909091E+02
     1857     1.158216783E+01     8.202797203E+00     1.176818182E+02
     1858     1.090034965E+01     9.839160839E+00     1.167727273E+02
     1859     1.021853147E+01     1.147552448E+01     1.158636364E+02
     1860     9.536713287E+00     1.311188811E+01     1.149545455E+02
     1861     8.854895105E+00     1.474825175E+01     1.140454545E+02
     1862     8.173076923E+00     1.638461538E+01     1.131363636E+02
     1863     7.491258741E+00     1.802097902E+01     1.122272727E+02
     1864     8.190559441E+00     1.634265734E+01     1.113181818E+02
     1865     8.872377622E+00     1.470629371E+01     1.104090909E+02
     1866     9.554195804E+00     1.306993007E+01     1.095000000E+02
     1867     1.023601399E+01     1.143356643E+01     1.085909091E+02
     1868     1.091783217E+01     9.797202797E+00     1.076818182E+02
     1869     1.159965035E+01     8.160839161E+00     1.067727273E+02
     1870     1.228146853E+01     6.524475524E+00     1.058636364E+02
     1871     1.296328671E+01     4.888111888E+00     1.049545455E+02
     1872     1.364510490E+01     3.251748252E+00     1.040454545E+02
     1873     1.432692308E+01     1.615384615E+00     1.031363636E+02
     1874     1.500874126E+01    -2.097902098E-02     1.022272727E+02
     1875     1.430944056E+01     1.657342657E+00     8.131818182E+01
     1876     1.362762238E+01     3.293706294E+00     8.040909091E+01
     1877     1.294580420E+01     4.930069930E+00     7.950000000E+01
     1878     1.226398601E+01     6.566433566E+00     7.859090909E+01
     1879     1.158216783E+01     8.202797203E+00     7.768181818E+01
     1880     1.090034965E+01     9.839160839E+00     7.677272727E+01
     1881     1.021853147E+01     1.147552448E+01     7.586363636E+01
     1882     9.536713287E+00     1.311188811E+01     7.495454545E+01
     1883     8.854895105E+00     1.474825175E+01     7.404545455E+01
     1884     8.173076923E+00     1.638461538E+01     7.313636364E+01
     1885     7.491258741E+00     1.802097902E+01     7.222727273E+01
     1886     1.500874126E+01    -2.097902098E-02     6.222727273E+01
     1887     1.432692308E+01     1.615384615E+00     6.313636364E+01
     1888     1.364510490E+01     3.251748252E+00     6.404545455E+01
     1889     1.296328671E+01     4.888111888E+00     6.495454545E+01
     1890     1.228146853E+01     6.524475524E+00     6.586363636E+01
     1891     1.159965035E+01     8.160839161E+00     6.677272727E+01
     1892     1.091783217E+01     9.797202797E+00     6.768181818E+01
     1893     1.023601399E+01     1.143356643E+01     6.859090909E+01
     1894     9.554195804E+00     1.306993007E+01     6.950000000E+01
     1895     8.872377622E+00     1.470629371E+01     7.040909091E+01
     1896     8.190559441E+00     1.634265734E+01     7.131818182E+01
     1897     9.417716646E+00     1.676976058E+00     4.127765446E+01
     1898     8.849534828E+00     3.313339695E+00     4.036856355E+01
     1899     8.281353010E+00     4.949703331E+00     3.945947264E+01
     1900     7.713171192E+00     6.586066967E+00     3.855038173E+01
     1901     7.144989374E+00     8.222430604E+00     3.764129082E+01
     1902     6.576807555E+00     9.858794240E+00     3.673219991E+01
     1903     6.008625737E+00     1.149515788E+01     3.582310900E+01
     1904     5.440443919E+00     1.313152151E+01     3.491401809E+01
     1905     4.872262101E+00     1.476788515E+01     3.400492718E+01
     1906     4.304080283E+00     1.640424879E+01     3.309583627E+01
     1907     3.735898465E+00     1.804061242E+01     3.218674536E+01
     1908     5.006161453E+00    -8.872492815E-02     2.209485005E+01
     1909     4.892525090E+00     1.547638708E+00     2.300394096E+01
     1910     4.778888726E+00     3.184002345E+00     2.391303187E+01
     1911     4.665252362E+00     4.820365981E+00     2.482212278E+01
     1912     4.551615999E+00     6.456729617E+00     2.573121369E+01
     1913     4.437979635E+00     8.093093254E+00     2.664030460E+01
     1914     4.324343272E+00     9.729456890E+00     2.754939551E+01
     1915     4.210706908E+00     1.136582053E+01     2.845848642E+01
     1916     4.097070544E+00     1.300218416E+01     2.936757733E+01
     1917     3.983434181E+00     1.463854780E+01     3.027666823E+01
     1918     3.869797817E+00     1.627491144E+01     3.118575914E+01
     1919     6.590909091E+00     0.000000000E+00     2.136363636E+01
     1920     6.136363636E+00     0.000000000E+00     2.318181818E+01
     1921     5.681818182E+00     0.000000000E+00     2.500000000E+01
     1922     5.227272727E+00     0.000000000E+00     2.681818182E+01
     1923     4.772727273E+00     0.000000000E+00     2.863636364E+01
     1924     4.318181818E+00     0.000000000E+00     3.045454545E+01
     1925     3.863636364E+00     0.000000000E+00     3.227272727E+01
     1926     3.409090909E+00     0.000000000E+00     3.409090909E+01
     1927     2.954545455E+00     0.000000000E+00     3.590909091E+01
     1928     2.500000000E+00     0.000000000E+00     3.772727273E+01
     1929     2.045454545E+00     0.000000000E+00     3.954545455E+01
     1930     1.000000000E+00     0.000000000E+00     4.200000000E+01
     1931     3.000000000E+00     0.000000000E+00     4.200000000E+01
     1932     5.000000000E+00     0.000000000E+00     4.200000000E+01
     1933     7.000000000E+00     0.000000000E+00     4.200000000E+01
     1934     9.000000000E+00     0.000000000E+00     4.200000000E+01
     1935     1.001495841E+01    -7.180038158E-02     4.212604327E+01
     1936     9.674049322E+00     1.564563255E+00     4.303513418E+01
     1937     9.333140231E+00     3.200926891E+00     4.394422509E+01
     1938     8.992231140E+00     4.837290528E+00     4.485331600E+01
     1939     8.651322049E+00     6.473654164E+00     4.576240691E+01
     1940     8.310412958E+00     8.110017800E+00     4.667149782E+01
     1941     7.969503867E+00     9.746381437E+00     4.758058873E+01
     1942     7.628594776E+00     1.138274507E+01     4.848967964E+01
     1943     7.287685686E+00     1.301910871E+01     4.939877055E+01
     1944     6.946776595E+00     1.465547235E+01     5.030786146E+01
     1945     6.605867504E+00     1.629183598E+01     5.121695236E+01
     1946     1.427108941E+01     1.499473212E+00     6.125117146E+01
     1947     1.354192274E+01     2.999473212E+00     6.041783813E+01
     1948     1.281275608E+01     4.499473212E+00     5.958450480E+01
     1949     1.208358941E+01     5.999473212E+00     5.875117146E+01
     1950     1.135442274E+01     7.499473212E+00     5.791783813E+01
     1951     1.062525608E+01     8.999473212E+00     5.708450480E+01
     1952     9.896089411E+00     1.049947321E+01     5.625117146E+01
     1953     9.166922744E+00     1.199947321E+01     5.541783813E+01
     1954     8.437756078E+00     1.349947321E+01     5.458450480E+01
     1955     7.708589411E+00     1.499947321E+01     5.375117146E+01
     1956     6.979422744E+00     1.649947321E+01     5.291783813E+01
     1957     6.250256078E+00     1.799947321E+01     5.208450480E+01
     1958     1.596153846E+01     0.000000000E+00     6.192307692E+01
     1959     1.480769231E+01     0.000000000E+00     6.346153846E+01
     1960     1.365384615E+01     0.000000000E+00     6.500000000E+01
     1961     1.250000000E+01     0.000000000E+00     6.653846154E+01
     1962     1.134615385E+01     0.000000000E+00     6.807692308E+01
     1963     1.019230769E+01     0.000000000E+00     6.961538462E+01
     1964     9.038461538E+00     0.000000000E+00     7.115384615E+01
     1965     7.884615385E+00     0.000000000E+00     7.269230769E+01
     1966     6.730769231E+00     0.000000000E+00     7.423076923E+01
     1967     5.576923077E+00     0.000000000E+00     7.576923077E+01
     1968     4.423076923E+00     0.000000000E+00     7.730769231E+01
     1969     3.269230769E+00     0.000000000E+00     7.884615385E+01
     1970     2.115384615E+00     0.000000000E+00     8.038461538E+01
     1971     9.375000000E-01     0.000000000E+00     8.187500000E+01
     1972     2.812500000E+00     0.000000000E+00     8.187500000E+01
     1973     4.687500000E+00     0.000000000E+00     8.187500000E+01
     1974     6.562500000E+00     0.000000000E+00     8.187500000E+01
     1975     8.437500000E+00     0.000000000E+00     8.187500000E+01
     1976     1.031250000E+01     0.000000000E+00     8.187500000E+01
     1977     1.218750000E+01     0.000000000E+00     8.187500000E+01
     1978     1.406250000E+01     0.000000000E+00     8.187500000E+01
     1979     1.500874126E+01    -2.097902098E-02     8.222727273E+01
     1980     1.432692308E+01     1.615384615E+00     8.313636364E+01
     1981     1.364510490E+01     3.251748252E+00     8.404545455E+01
     1982     1.296328671E+01     4.888111888E+00     8.495454545E+01
     1983     1.228146853E+01     6.524475524E+00     8.586363636E+01
     1984     1.159965035E+01     8.160839161E+00     8.677272727E+01
     1985     1.091783217E+01     9.797202797E+00     8.768181818E+01
     1986     1.023601399E+01     1.143356643E+01     8.859090909E+01
     1987     9.554195804E+00     1.306993007E+01     8.950000000E+01
     1988     8.872377622E+00     1.470629371E+01     9.040909091E+01
     1989     8.190559441E+00     1.634265734E+01     9.131818182E+01
     1990     1.430944056E+01     1.657342657E+00     1.013181818E+02
     1991     1.362762238E+01     3.293706294E+00     1.004090909E+02
     1992     1.294580420E+01     4.930069930E+00     9.950000000E+01
     1993     1.226398601E+01     6.566433566E+00     9.859090909E+01
     1994     1.158216783E+01     8.202797203E+00     9.768181818E+01
     1995     1.090034965E+01     9.839160839E+00     9.677272727E+01
     1996     1.021853147E+01     1.147552448E+01     9.586363636E+01
     1997     9.536713287E+00     1.311188811E+01     9.495454545E+01
     1998     8.854895105E+00     1.474825175E+01     9.404545455E+01
     1999     8.173076923E+00     1.638461538E+01     9.313636364E+01
     2000     7.491258741E+00     1.802097902E+01     9.222727273E+01
     2001     1.596153846E+01     0.000000000E+00     1.019230769E+02
     2002     1.480769231E+01     0.000000000E+00     1.034615385E+02
     2003     1.365384615E+01     0.000000000E+00     1.050000000E+02
     2004     1.250000000E+01     0.000000000E+00     1.065384615E+02
     2005     1.134615385E+01     0.000000000E+00     1.080769231E+02
     2006     1.019230769E+01     0.000000000E+00     1.096153846E+02
     2007     9.038461538E+00     0.000000000E+00     1.111538462E+02
     2008     7.884615385E+00     0.000000000E+00     1.126923077E+02
     2009     6.730769231E+00     0.000000000E+00     1.142307692E+02
     2010     5.576923077E+00     0.000000000E+00     1.157692308E+02
     2011     4.423076923E+00     0.000000000E+00     1.173076923E+02
     2012     3.269230769E+00     0.000000000E+00     1.188461538E+02
     2013     2.115384615E+00     0.000000000E+00     1.203846154E+02
     2014     9.375000000E-01     0.000000000E+00     1.218750000E+02
     2015     2.812500000E+00     0.000000000E+00     1.218750000E+02
     2016     4.687500000E+00     0.000000000E+00     1.218750000E+02
     2017     6.562500000E+00     0.000000000E+00     1.218750000E+02
     2018     8.437500000E+00     0.000000000E+00     1.218750000E+02
     2019     1.031250000E+01     0.000000000E+00     1.218750000E+02
     2020     1.218750000E+01     0.000000000E+00     1.218750000E+02
     2021     1.406250000E+01     0.000000000E+00     1.218750000E+02
     2022     1.500874126E+01    -2.097902098E-02     1.222272727E+02
     2023     1.432692308E+01     1.615384615E+00     1.231363636E+02
     2024     1.364510490E+01     3.251748252E+00     1.240454545E+02
     2025     1.296328671E+01     4.888111888E+00     1.249545455E+02
     2026     1.228146853E+01     6.524475524E+00     1.258636364E+02
     2027     1.159965035E+01     8.160839161E+00     1.267727273E+02
     2028     1.091783217E+01     9.797202797E+00     1.276818182E+02
     2029     1.023601399E+01     1.143356643E+01     1.285909091E+02
     2030     9.554195804E+00     1.306993007E+01     1.295000000E+02
     2031     8.872377622E+00     1.470629371E+01     1.304090909E+02
     2032     8.190559441E+00     1.634265734E+01     1.313181818E+02
     2033     1.430944056E+01     1.657342657E+00     1.413181818E+02
     2034     1.362762238E+01     3.293706294E+00     1.404090909E+02
     2035     1.294580420E+01     4.930069930E+00     1.395000000E+02
     2036     1.226398601E+01     6.566433566E+00     1.385909091E+02
     2037     1.158216783E+01     8.202797203E+00     1.376818182E+02
     2038     1.090034965E+01     9.839160839E+00     1.367727273E+02
     2039     1.021853147E+01     1.147552448E+01     1.358636364E+02
     2040     9.536713287E+00     1.311188811E+01     1.349545455E+02
     2041     8.854895105E+00     1.474825175E+01     1.340454545E+02
     2042     8.173076923E+00     1.638461538E+01     1.331363636E+02
     2043     7.491258741E+00     1.802097902E+01     1.322272727E+02
     2044     1.596153846E+01     0.000000000E+00     1.419230769E+02
     2045     1.480769231E+01     0.000000000E+00     1.434615385E+02
     2046     1.365384615E+01     0.000000000E+00     1.450000000E+02
     2047     1.250000000E+01     0.000000000E+00     1.465384615E+02
     2048     1.134615385E+01     0.000000000E+00     1.480769231E+02
     2049     1.019230769E+01     0.000000000E+00     1.496153846E+02
     2050     9.038461538E+00     0.000000000E+00     1.511538462E+02
     2051     7.884615385E+00     0.000000000E+00     1.526923077E+02
     2052     6.730769231E+00     0.000000000E+00     1.542307692E+02
     2053     5.576923077E+00     0.000000000E+00     1.557692308E+02
     2054     4.423076923E+00     0.000000000E+00     1.573076923E+02
     2055     3.269230769E+00     0.000000000E+00     1.588461538E+02
     2056     2.115384615E+00     0.000000000E+00     1.603846154E+02
     2057     9.375000000E-01     0.000000000E+00     1.618750000E+02
     2058     2.812500000E+00     0.000000000E+00     1.618750000E+02
     2059     4.687500000E+00     0.000000000E+00     1.618750000E+02
     2060     6.562500000E+00     0.000000000E+00     1.618750000E+02
     2061     8.437500000E+00     0.000000000E+00     1.618750000E+02
     2062     1.031250000E+01     0.000000000E+00     1.618750000E+02
     2063     1.218750000E+01     0.000000000E+00     1.618750000E+02
     2064     1.406250000E+01     0.000000000E+00     1.618750000E+02
     2065     1.500874126E+01    -2.097902098E-02     1.622272727E+02
     2066     1.432692308E+01     1.615384615E+00     1.631363636E+02
     2067     1.364510490E+01     3.251748252E+00     1.640454545E+02
     2068     1.296328671E+01     4.888111888E+00     1.649545455E+02
     2069     1.228146853E+01     6.524475524E+00     1.658636364E+02
     2070     1.159965035E+01     8.160839161E+00     1.667727273E+02
     2071     1.091783217E+01     9.797202797E+00     1.676818182E+02
     2072     1.023601399E+01     1.143356643E+01     1.685909091E+02
     2073     9.554195804E+00     1.306993007E+01     1.695000000E+02
     2074     8.872377622E+00     1.470629371E+01     1.704090909E+02
     2075     8.190559441E+00     1.634265734E+01     1.713181818E+02
     2076     1.430944056E+01     1.657342657E+00     1.813181818E+02
     2077     1.362762238E+01     3.293706294E+00     1.804090909E+02
     2078     1.294580420E+01     4.930069930E+00     1.795000000E+02
     2079     1.226398601E+01     6.566433566E+00     1.785909091E+02
     2080     1.158216783E+01     8.202797203E+00     1.776818182E+02
     2081     1.090034965E+01     9.839160839E+00     1.767727273E+02
     2082     1.021853147E+01     1.147552448E+01     1.758636364E+02
     2083     9.536713287E+00     1.311188811E+01     1.749545455E+02
     2084     8.854895105E+00     1.474825175E+01     1.740454545E+02
     2085     8.173076923E+00     1.638461538E+01     1.731363636E+02
     2086     7.491258741E+00     1.802097902E+01     1.722272727E+02
     2087     1.596153846E+01     0.000000000E+00     1.819230769E+02
     2088     1.480769231E+01     0.000000000E+00     1.834615385E+02
     2089     1.365384615E+01     0.000000000E+00     1.850000000E+02
     2090     1.250000000E+01     0.000000000E+00     1.865384615E+02
     2091     1.134615385E+01     0.000000000E+00     1.880769231E+02
     2092     1.019230769E+01     0.000000000E+00     1.896153846E+02
     2093     9.038461538E+00     0.000000000E+00     1.911538462E+02
     2094     7.884615385E+00     0.000000000E+00     1.926923077E+02
     2095     6.730769231E+00     0.000000000E+00     1.942307692E+02
     2096     5.576923077E+00     0.000000000E+00     1.957692308E+02
     2097     4.423076923E+00     0.000000000E+00     1.973076923E+02
     2098     3.269230769E+00     0.000000000E+00     1.988461538E+02
     2099     2.115384615E+00     0.000000000E+00     2.003846154E+02
     2100     9.375000000E-01     0.000000000E+00     2.018750000E+02
     2101     2.812500000E+00     0.000000000E+00     2.018750000E+02
     2102     4.687500000E+00     0.000000000E+00     2.018750000E+02
     2103     6.562500000E+00     0.000000000E+00     2.018750000E+02
     2104     8.437500000E+00     0.000000000E+00     2.018750000E+02
     2105     1.031250000E+01     0.000000000E+00     2.018750000E+02
     2106     1.218750000E+01     0.000000000E+00     2.018750000E+02
     2107     1.406250000E+01     0.000000000E+00     2.018750000E+02
     2108     1.507221360E+01    -1.444271910E-01     2.021770510E+02
     2109     1.432221360E+01     1.355572809E+00     2.031770510E+02
     2110     1.357221360E+01     2.855572809E+00     2.041770510E+02
     2111     1.282221360E+01     4.355572809E+00     2.051770510E+02
     2112     1.207221360E+01     5.855572809E+00     2.061770510E+02
     2113     1.132221360E+01     7.355572809E+00     2.071770510E+02
     2114     1.057221360E+01     8.855572809E+00     2.081770510E+02
     2115     9.822213595E+00     1.035557281E+01     2.091770510E+02
     2116     9.072213595E+00     1.185557281E+01     2.101770510E+02
     2117     8.322213595E+00     1.335557281E+01     2.111770510E+02
     2118     1.417778640E+01     1.644427191E+00     2.211770510E+02
     2119     1.342778640E+01     3.144427191E+00     2.201770510E+02
     2120     1.267778640E+01     4.644427191E+00     2.191770510E+02
     2121     1.192778640E+01     6.144427191E+00     2.181770510E+02
     2122     1.117778640E+01     7.644427191E+00     2.171770510E+02
     2123     1.042778640E+01     9.144427191E+00     2.161770510E+02
     2124     9.677786405E+00     1.064442719E+01     2.151770510E+02
     2125     8.927786405E+00     1.214442719E+01     2.141770510E+02
     2126     8.177786405E+00     1.364442719E+01     2.131770510E+02
     2127     7.427786405E+00     1.514442719E+01     2.121770510E+02
     2128     1.596153846E+01     0.000000000E+00     2.219230769E+02
     2129     1.480769231E+01     0.000000000E+00     2.234615385E+02
     2130     1.365384615E+01     0.000000000E+00     2.250000000E+02
     2131     1.250000000E+01     0.000000000E+00     2.265384615E+02
     2132     1.134615385E+01     0.000000000E+00     2.280769231E+02
     2133     1.019230769E+01     0.000000000E+00     2.296153846E+02
     2134     9.038461538E+00     0.000000000E+00     2.311538462E+02
     2135     7.884615385E+00     0.000000000E+00     2.326923077E+02
     2136     6.730769231E+00     0.000000000E+00     2.342307692E+02
     2137     5.576923077E+00     0.000000000E+00     2.357692308E+02
     2138     4.423076923E+00     0.000000000E+00     2.373076923E+02
     2139     3.269230769E+00     0.000000000E+00     2.388461538E+02
     2140     2.115384615E+00     0.000000000E+00     2.403846154E+02
     2141     9.375000000E-01     0.000000000E+00     2.418750000E+02
     2142     2.812500000E+00     0.000000000E+00     2.418750000E+02
     2143     4.687500000E+00     0.000000000E+00     2.418750000E+02
     2144     6.562500000E+00     0.000000000E+00     2.418750000E+02
     2145     8.437500000E+00     0.000000000E+00     2.418750000E+02
     2146     1.031250000E+01     0.000000000E+00     2.418750000E+02
     2147     1.218750000E+01     0.000000000E+00     2.418750000E+02
     2148     1.406250000E+01     0.000000000E+00     2.418750000E+02
-1
/wb,elem,start            !  set before creation of elements
/com,*********** Elements for Body 1 'Line Body' ***********
et,1,188
keyo,1,3,2
MAT,1 $ TYPE,1 $ REAL,1 $ SECNUM,1 $ ESYS,0
eblock,11,COMPACT,,374
(11i9)
        1        1        3     1040
        2        3        4     1041
        3        4        5     1042
        4        5        6     1043
        5        6        7     1044
        6        7        2     1045
        7        8        9     1046
        8        9       10     1047
        9       10       11     1048
       10       11       12     1049
       11       12       13     1050
       12       13       14     1051
       13       14       15     1052
       14       15       16     1053
       15       16       17     1054
       16       17       18     1055
       17       18        1     1056
       18       19       20     1057
       19       20       21     1058
       20       21       22     1059
       21       22       23     1060
       22       23       24     1061
       23       24       25     1062
       24       25       26     1063
       25       26       27     1064
       26       27       28     1065
       27       28       29     1066
       28       29        8     1067
       29       30       31     1068
       30       31       32     1069
       31       32       33     1070
       32       33       34     1071
       33       34       35     1072
       34       35       36     1073
       35       36       37     1074
       36       37       38     1075
       37       38       39     1076
       38       39       19     1077
       39       40       41     1078
       40       41       42     1079
       41       42       43     1080
       42       43       44     1081
       43       44       45     1082
       44       45       46     1083
       45       46       47     1084
       46       47       48     1085
       47       48       49     1086
       48       49       30     1087
       49       50       51     1088
       50       51       52     1089
       51       52       53     1090
       52       53       54     1091
       53       54       55     1092
       54       55       56     1093
       55       56       57     1094
       56       57       58     1095
       57       58       59     1096
       58       59       40     1097
       59       60       61     1098
       60       61       62     1099
       61       62       63     1100
       62       63       64     1101
       63       64       65     1102
       64       65       66     1103
       65       66       67     1104
       66       67       68     1105
       67       68       69     1106
       68       69       50     1107
       69       70       71     1108
       70       71       72     1109
       71       72       73     1110
       72       73       74     1111
       73       74       75     1112
       74       75       76     1113
       75       76       77     1114
       76       77       78     1115
       77       78       79     1116
       78       79       60     1117
       79       80       81     1118
       80       81       82     1119
       81       82       83     1120
       82       83       84     1121
       83       84       85     1122
       84       85       86     1123
       85       86       87     1124
       86       87       88     1125
       87       88       89     1126
       88       89       70     1127
       89       90       91     1128
       90       91       92     1129
       91       92       93     1130
       92       93       94     1131
       93       94       80     1132
       94       95       96     1133
       95       96       97     1134
       96       97       98     1135
       97       98       99     1136
       98       99      100     1137
       99      100       90     1138
      100      101      102     1139
      101      102      103     1140
      102      103      104     1141
      103      104      105     1142
      104      105      106     1143
      105      106      107     1144
      106      107      108     1145
      107      108      109     1146
      108      109      110     1147
      109      110      111     1148
      110      111       95     1149
      111      112      113     1150
      112      113      114     1151
      113      114      115     1152
      114      115      116     1153
      115      116      117     1154
      116      117      118     1155
      117      118      119     1156
      118      119      120     1157
      119      120      121     1158
      120      121      122     1159
      121      122      101     1160
      122      123      124     1161
      123      124      125     1162
      124      125      126     1163
      125      126      127     1164
      126      127      128     1165
      127      128      129     1166
      128      129      130     1167
      129      130      131     1168
      130      131      132     1169
      131      132      112     1170
      132      133      135     1171
      133      135      136     1172
      134      136      137     1173
      135      137      138     1174
      136      138      139     1175
      137      139      140     1176
      138      140      141     1177
      139      141      142     1178
      140      142      143     1179
      141      143      134     1180
      142      144      145     1181
      143      145      146     1182
      144      146      147     1183
      145      147      148     1184
      146      148      149     1185
      147      149      150     1186
      148      150      151     1187
      149      151      152     1188
      150      152      153     1189
      151      153      133     1190
      152      154      155     1191
      153      155      156     1192
      154      156      157     1193
      155      157      158     1194
      156      158      159     1195
      157      159      160     1196
      158      160      161     1197
      159      161      162     1198
      160      162      163     1199
      161      163      144     1200
      162      164      165     1201
      163      165      166     1202
      164      166      167     1203
      165      167      168     1204
      166      168      169     1205
      167      169      170     1206
      168      170      171     1207
      169      171      172     1208
      170      172      173     1209
      171      173      154     1210
      172      174      175     1211
      173      175      176     1212
      174      176      177     1213
      175      177      178     1214
      176      178      179     1215
      177      179      180     1216
      178      180      181     1217
      179      181      182     1218
      180      182      183     1219
      181      183      164     1220
      182      184      185     1221
      183      185      186     1222
      184      186      187     1223
      185      187      188     1224
      186      188      189     1225
      187      189      190     1226
      188      190      191     1227
      189      191      192     1228
      190      192      193     1229
      191      193      174     1230
      192      194      195     1231
      193      195      196     1232
      194      196      197     1233
      195      197      198     1234
      196      198      199     1235
      197      199      200     1236
      198      200      201     1237
      199      201      202     1238
      200      202      203     1239
      201      203      184     1240
      202      204      205     1241
      203      205      206     1242
      204      206      207     1243
      205      207      208     1244
      206      208      209     1245
      207      209      210     1246
      208      210      211     1247
      209      211      212     1248
      210      212      213     1249
      211      213      194     1250
      212      214      215     1251
      213      215      216     1252
      214      216      217     1253
      215      217      218     1254
      216      218      219     1255
      217      219      220     1256
      218      220      221     1257
      219      221      222     1258
      220      222      223     1259
      221      223      204     1260
      222      224      225     1261
      223      225      226     1262
      224      226      227     1263
      225      227      228     1264
      226      228      229     1265
      227      229      230     1266
      228      230      231     1267
      229      231      232     1268
      230      232      233     1269
      231      233      214     1270
      232      234      235     1271
      233      235      236     1272
      234      236      237     1273
      235      237      238     1274
      236      238      239     1275
      237      239      240     1276
      238      240      241     1277
      239      241      242     1278
      240      242      243     1279
      241      243      224     1280
      242      123      244     1281
      243      244      245     1282
      244      245      246     1283
      245      246      247     1284
      246      247      248     1285
      247      248      249     1286
      248      249      250     1287
      249      250      251     1288
      250      251      252     1289
      251      252      234     1290
      252      253      254     1291
      253      254      255     1292
      254      255      256     1293
      255      256      257     1294
      256      257      258     1295
      257      258      259     1296
      258      259      260     1297
      259      260      261     1298
      260      261      262     1299
      261      262      263     1300
      262      263      123     1301
      263      264      265     1302
      264      265      266     1303
      265      266      267     1304
      266      267      268     1305
      267      268      269     1306
      268      269      270     1307
      269      270      271     1308
      270      271      272     1309
      271      272      273     1310
      272      273      274     1311
      273      274      253     1312
      274      275      276     1313
      275      276      277     1314
      276      277      278     1315
      277      278      279     1316
      278      279      280     1317
      279      280      281     1318
      280      281      282     1319
      281      282      283     1320
      282      283      284     1321
      283      284      285     1322
      284      285      264     1323
      285      286      287     1324
      286      287      288     1325
      287      288      289     1326
      288      289      290     1327
      289      290      291     1328
      290      291      292     1329
      291      292      293     1330
      292      293      294     1331
      293      294      295     1332
      294      295      275     1333
      295      296      297     1334
      296      297      298     1335
      297      298      299     1336
      298      299      300     1337
      299      300      301     1338
      300      301      302     1339
      301      302      303     1340
      302      303      304     1341
      303      304      305     1342
      304      305      286     1343
      305      306      307     1344
      306      307      308     1345
      307      308      309     1346
      308      309      310     1347
      309      310      311     1348
      310      311      312     1349
      311      312      313     1350
      312      313      314     1351
      313      314      315     1352
      314      315      296     1353
      315      316      317     1354
      316      317      318     1355
      317      318      319     1356
      318      319      320     1357
      319      320      321     1358
      320      321      322     1359
      321      322      323     1360
      322      323      324     1361
      323      324      325     1362
      324      325      306     1363
      325      326      327     1364
      326      327      328     1365
      327      328      329     1366
      328      329      330     1367
      329      330      331     1368
      330      331      332     1369
      331      332      333     1370
      332      333      334     1371
      333      334      335     1372
      334      335      316     1373
      335      336      337     1374
      336      337      338     1375
      337      338      339     1376
      338      339      340     1377
      339      340      341     1378
      340      341      342     1379
      341      342      343     1380
      342      343      344     1381
      343      344      345     1382
      344      345      326     1383
      345      346      347     1384
      346      347      348     1385
      347      348      349     1386
      348      349      350     1387
      349      350      351     1388
      350      351      352     1389
      351      352      353     1390
      352      353      354     1391
      353      354      355     1392
      354      355      336     1393
      355      356      357     1394
      356      357      358     1395
      357      358      359     1396
      358      359      360     1397
      359      360      361     1398
      360      361      362     1399
      361      362      363     1400
      362      363      364     1401
      363      364      365     1402
      364      365      346     1403
      365      366      367     1404
      366      367      368     1405
      367      368      369     1406
      368      369      370     1407
      369      370      371     1408
      370      371      372     1409
      371      372      373     1410
      372      373      374     1411
      373      374      375     1412
      374      375      356     1413
-1
secnum,1    ! reset the section ID to default
!Material Id = {9786148D-E7B0-43C5-9D47-1FA9284FE426}
/com,*********** Elements for Body 2 'Line Body' ***********
et,2,188
keyo,2,3,2
MAT,2 $ TYPE,2 $ REAL,2 $ SECNUM,2 $ ESYS,0
eblock,11,COMPACT,,735
(11i9)
      375      133      376     1414
      376      376      377     1415
      377      377      378     1416
      378      378      379     1417
      379      379      380     1418
      380      380      381     1419
      381      381      382     1420
      382      382      356     1421
      383      133      383     1422
      384      383      384     1423
      385      384      385     1424
      386      385      386     1425
      387      386      387     1426
      388      387      388     1427
      389      388      389     1428
      390      389      390     1429
      391      390      391     1430
      392      391        8     1431
      393      144      392     1432
      394      392      393     1433
      395      393      394     1434
      396      394      395     1435
      397      395      396     1436
      398      396      397     1437
      399      397      398     1438
      400      398      399     1439
      401      399      400     1440
      402      400        8     1441
      403      144      401     1442
      404      401      402     1443
      405      402      403     1444
      406      403      404     1445
      407      404      405     1446
      408      405      406     1447
      409      406      407     1448
      410      407      408     1449
      411      408      409     1450
      412      409      410     1451
      413      410       19     1452
      414      154      411     1453
      415      411      412     1454
      416      412      413     1455
      417      413      414     1456
      418      414      415     1457
      419      415      416     1458
      420      416      417     1459
      421      417      418     1460
      422      418      419     1461
      423      419      420     1462
      424      420       19     1463
      425      154      421     1464
      426      421      422     1465
      427      422      423     1466
      428      423      424     1467
      429      424      425     1468
      430      425      426     1469
      431      426      427     1470
      432      427      336     1471
      433      154      428     1472
      434      428      429     1473
      435      429      430     1474
      436      430      431     1475
      437      431      432     1476
      438      432      433     1477
      439      433      434     1478
      440      434      435     1479
      441      435      436     1480
      442      436      437     1481
      443      437       30     1482
      444      164      438     1483
      445      438      439     1484
      446      439      440     1485
      447      440      441     1486
      448      441      442     1487
      449      442      443     1488
      450      443      444     1489
      451      444      445     1490
      452      445      446     1491
      453      446      447     1492
      454      447       30     1493
      455      164      448     1494
      456      448      449     1495
      457      449      450     1496
      458      450      451     1497
      459      451      452     1498
      460      452      453     1499
      461      453      454     1500
      462      454      455     1501
      463      455      456     1502
      464      456      457     1503
      465      457       40     1504
      466      174      458     1505
      467      458      459     1506
      468      459      460     1507
      469      460      461     1508
      470      461      462     1509
      471      462      463     1510
      472      463      464     1511
      473      464      465     1512
      474      465      466     1513
      475      466      467     1514
      476      467       40     1515
      477      174      468     1516
      478      468      469     1517
      479      469      470     1518
      480      470      471     1519
      481      471      472     1520
      482      472      473     1521
      483      473      474     1522
      484      474      316     1523
      485      174      475     1524
      486      475      476     1525
      487      476      477     1526
      488      477      478     1527
      489      478      479     1528
      490      479      480     1529
      491      480      481     1530
      492      481      482     1531
      493      482      483     1532
      494      483      484     1533
      495      484       50     1534
      496      184      485     1535
      497      485      486     1536
      498      486      487     1537
      499      487      488     1538
      500      488      489     1539
      501      489      490     1540
      502      490      491     1541
      503      491      492     1542
      504      492      493     1543
      505      493      494     1544
      506      494       50     1545
      507      184      495     1546
      508      495      496     1547
      509      496      497     1548
      510      497      498     1549
      511      498      499     1550
      512      499      500     1551
      513      500      501     1552
      514      501      502     1553
      515      502      503     1554
      516      503      504     1555
      517      504       60     1556
      518      194      505     1557
      519      505      506     1558
      520      506      507     1559
      521      507      508     1560
      522      508      509     1561
      523      509      510     1562
      524      510      511     1563
      525      511      512     1564
      526      512      513     1565
      527      513      514     1566
      528      514       60     1567
      529      194      515     1568
      530      515      516     1569
      531      516      517     1570
      532      517      518     1571
      533      518      519     1572
      534      519      520     1573
      535      520      521     1574
      536      521      296     1575
      537      194      522     1576
      538      522      523     1577
      539      523      524     1578
      540      524      525     1579
      541      525      526     1580
      542      526      527     1581
      543      527      528     1582
      544      528      529     1583
      545      529      530     1584
      546      530      531     1585
      547      531       70     1586
      548      204      532     1587
      549      532      533     1588
      550      533      534     1589
      551      534      535     1590
      552      535      536     1591
      553      536      537     1592
      554      537      538     1593
      555      538      539     1594
      556      539      540     1595
      557      540      541     1596
      558      541       70     1597
      559       80      542     1598
      560      542      543     1599
      561      543      544     1600
      562      544      545     1601
      563      545      546     1602
      564      546      547     1603
      565      547      548     1604
      566      548      549     1605
      567      549      550     1606
      568      550      551     1607
      569      551      204     1608
      570      214      552     1609
      571      552      553     1610
      572      553      554     1611
      573      554      555     1612
      574      555      556     1613
      575      556      557     1614
      576      557      558     1615
      577      558      559     1616
      578      559      560     1617
      579      560      561     1618
      580      561       80     1619
      581      214      562     1620
      582      562      563     1621
      583      563      564     1622
      584      564      565     1623
      585      565      566     1624
      586      566      567     1625
      587      567      568     1626
      588      568      275     1627
      589      214      569     1628
      590      569      570     1629
      591      570      571     1630
      592      571      572     1631
      593      572      573     1632
      594      573      574     1633
      595      574      575     1634
      596      575      576     1635
      597      576      577     1636
      598      577      578     1637
      599      578       95     1638
      600      224      579     1639
      601      579      580     1640
      602      580      581     1641
      603      581      582     1642
      604      582      583     1643
      605      583      584     1644
      606      584      585     1645
      607      585      586     1646
      608      586      587     1647
      609      587      588     1648
      610      588       95     1649
      611      224      589     1650
      612      589      590     1651
      613      590      591     1652
      614      591      592     1653
      615      592      593     1654
      616      593      594     1655
      617      594      595     1656
      618      595      596     1657
      619      596      597     1658
      620      597      598     1659
      621      598      101     1660
      622      234      599     1661
      623      599      600     1662
      624      600      601     1663
      625      601      602     1664
      626      602      603     1665
      627      603      604     1666
      628      604      605     1667
      629      605      606     1668
      630      606      607     1669
      631      607      608     1670
      632      608      101     1671
      633      234      609     1672
      634      609      610     1673
      635      610      253     1674
      636      264      611     1675
      637      611      612     1676
      638      612      613     1677
      639      613      614     1678
      640      614      615     1679
      641      615      616     1680
      642      616      617     1681
      643      617      618     1682
      644      618      619     1683
      645      619      620     1684
      646      620      621     1685
      647      621      214     1686
      648      286      622     1687
      649      622      623     1688
      650      623      624     1689
      651      624      625     1690
      652      625      626     1691
      653      626      627     1692
      654      627      628     1693
      655      628      629     1694
      656      629      630     1695
      657      630      631     1696
      658      631      632     1697
      659      632      633     1698
      660      633      194     1699
      661      306      634     1700
      662      634      635     1701
      663      635      636     1702
      664      636      637     1703
      665      637      638     1704
      666      638      639     1705
      667      639      640     1706
      668      640      641     1707
      669      641      642     1708
      670      642      643     1709
      671      643      644     1710
      672      644      645     1711
      673      645      174     1712
      674      326      646     1713
      675      646      647     1714
      676      647      648     1715
      677      648      649     1716
      678      649      650     1717
      679      650      651     1718
      680      651      652     1719
      681      652      653     1720
      682      653      654     1721
      683      654      655     1722
      684      655      656     1723
      685      656      657     1724
      686      657      154     1725
      687      346      658     1726
      688      658      659     1727
      689      659      660     1728
      690      660      661     1729
      691      661      662     1730
      692      662      663     1731
      693      663      664     1732
      694      664      665     1733
      695      665      666     1734
      696      666      667     1735
      697      667      668     1736
      698      668      669     1737
      699      669      133     1738
      700      133      670     1739
      701      670      671     1740
      702      671      672     1741
      703      672      673     1742
      704      673      674     1743
      705      674      675     1744
      706      675      676     1745
      707      676      677     1746
      708      677        1     1747
      709      366      678     1748
      710      678      679     1749
      711      679      680     1750
      712      680      681     1751
      713      681      682     1752
      714      682      683     1753
      715      683      684     1754
      716      684      685     1755
      717      685        1     1756
      718      366      686     1757
      719      686      687     1758
      720      687      688     1759
      721      688      689     1760
      722      689      690     1761
      723      690      691     1762
      724      691        2     1763
      725      234      692     1764
      726      692      693     1765
      727      693      694     1766
      728      694      695     1767
      729      695      696     1768
      730      696      697     1769
      731      697      698     1770
      732      698      699     1771
      733      699      700     1772
      734      700      112     1773
      735      253      701     1774
      736      701      702     1775
      737      702      703     1776
      738      703      704     1777
      739      704      705     1778
      740      705      706     1779
      741      706      707     1780
      742      707      708     1781
      743      708      709     1782
      744      709      112     1783
      745      356      710     1784
      746      710      711     1785
      747      711      712     1786
      748      712      713     1787
      749      713      714     1788
      750      714      715     1789
      751      715      716     1790
      752      716      717     1791
      753      717        1     1792
      754      134      718     1793
      755      718      719     1794
      756      719      720     1795
      757      720      721     1796
      758      721      722     1797
      759      722      723     1798
      760      723      724     1799
      761      724      725     1800
      762      725        1     1801
      763      134      726     1802
      764      726      727     1803
      765      727      728     1804
      766      728      729     1805
      767      729      730     1806
      768      730      731     1807
      769      731        2     1808
      770      346      732     1809
      771      732      733     1810
      772      733      734     1811
      773      734      735     1812
      774      735      736     1813
      775      736      737     1814
      776      737      738     1815
      777      738      739     1816
      778      739      740     1817
      779      740      741     1818
      780      741       19     1819
      781      336      742     1820
      782      742      743     1821
      783      743      744     1822
      784      744      745     1823
      785      745      746     1824
      786      746      747     1825
      787      747      748     1826
      788      748      749     1827
      789      749      750     1828
      790      750      751     1829
      791      751       19     1830
      792      326      752     1831
      793      752      753     1832
      794      753      754     1833
      795      754      755     1834
      796      755      756     1835
      797      756      757     1836
      798      757      758     1837
      799      758      759     1838
      800      759      760     1839
      801      760      761     1840
      802      761       40     1841
      803      316      762     1842
      804      762      763     1843
      805      763      764     1844
      806      764      765     1845
      807      765      766     1846
      808      766      767     1847
      809      767      768     1848
      810      768      769     1849
      811      769      770     1850
      812      770      771     1851
      813      771       40     1852
      814      306      772     1853
      815      772      773     1854
      816      773      774     1855
      817      774      775     1856
      818      775      776     1857
      819      776      777     1858
      820      777      778     1859
      821      778      779     1860
      822      779      780     1861
      823      780      781     1862
      824      781       60     1863
      825       60      782     1864
      826      782      783     1865
      827      783      784     1866
      828      784      785     1867
      829      785      786     1868
      830      786      787     1869
      831      787      788     1870
      832      788      789     1871
      833      789      790     1872
      834      790      791     1873
      835      791      296     1874
      836      286      792     1875
      837      792      793     1876
      838      793      794     1877
      839      794      795     1878
      840      795      796     1879
      841      796      797     1880
      842      797      798     1881
      843      798      799     1882
      844      799      800     1883
      845      800      801     1884
      846      801       80     1885
      847      275      802     1886
      848      802      803     1887
      849      803      804     1888
      850      804      805     1889
      851      805      806     1890
      852      806      807     1891
      853      807      808     1892
      854      808      809     1893
      855      809      810     1894
      856      810      811     1895
      857      811       80     1896
      858      264      812     1897
      859      812      813     1898
      860      813      814     1899
      861      814      815     1900
      862      815      816     1901
      863      816      817     1902
      864      817      818     1903
      865      818      819     1904
      866      819      820     1905
      867      820      821     1906
      868      821      101     1907
      869      253      822     1908
      870      822      823     1909
      871      823      824     1910
      872      824      825     1911
      873      825      826     1912
      874      826      827     1913
      875      827      828     1914
      876      828      829     1915
      877      829      830     1916
      878      830      831     1917
      879      831      101     1918
      880      253      832     1919
      881      832      833     1920
      882      833      834     1921
      883      834      835     1922
      884      835      836     1923
      885      836      837     1924
      886      837      838     1925
      887      838      839     1926
      888      839      840     1927
      889      840      841     1928
      890      841      224     1929
      891      224      842     1930
      892      842      843     1931
      893      843      844     1932
      894      844      845     1933
      895      845      264     1934
      896      264      846     1935
      897      846      847     1936
      898      847      848     1937
      899      848      849     1938
      900      849      850     1939
      901      850      851     1940
      902      851      852     1941
      903      852      853     1942
      904      853      854     1943
      905      854      855     1944
      906      855       95     1945
      907      275      856     1946
      908      856      857     1947
      909      857      858     1948
      910      858      859     1949
      911      859      860     1950
      912      860      861     1951
      913      861      862     1952
      914      862      863     1953
      915      863      864     1954
      916      864      865     1955
      917      865      866     1956
      918      866       95     1957
      919      275      867     1958
      920      867      868     1959
      921      868      869     1960
      922      869      870     1961
      923      870      871     1962
      924      871      872     1963
      925      872      873     1964
      926      873      874     1965
      927      874      875     1966
      928      875      876     1967
      929      876      877     1968
      930      877      878     1969
      931      878      204     1970
      932      204      879     1971
      933      879      880     1972
      934      880      881     1973
      935      881      882     1974
      936      882      883     1975
      937      883      884     1976
      938      884      885     1977
      939      885      286     1978
      940      286      886     1979
      941      886      887     1980
      942      887      888     1981
      943      888      889     1982
      944      889      890     1983
      945      890      891     1984
      946      891      892     1985
      947      892      893     1986
      948      893      894     1987
      949      894      895     1988
      950      895       70     1989
      951      296      896     1990
      952      896      897     1991
      953      897      898     1992
      954      898      899     1993
      955      899      900     1994
      956      900      901     1995
      957      901      902     1996
      958      902      903     1997
      959      903      904     1998
      960      904      905     1999
      961      905       70     2000
      962      296      906     2001
      963      906      907     2002
      964      907      908     2003
      965      908      909     2004
      966      909      910     2005
      967      910      911     2006
      968      911      912     2007
      969      912      913     2008
      970      913      914     2009
      971      914      915     2010
      972      915      916     2011
      973      916      917     2012
      974      917      184     2013
      975      184      918     2014
      976      918      919     2015
      977      919      920     2016
      978      920      921     2017
      979      921      922     2018
      980      922      923     2019
      981      923      924     2020
      982      924      306     2021
      983      306      925     2022
      984      925      926     2023
      985      926      927     2024
      986      927      928     2025
      987      928      929     2026
      988      929      930     2027
      989      930      931     2028
      990      931      932     2029
      991      932      933     2030
      992      933      934     2031
      993      934       50     2032
      994      316      935     2033
      995      935      936     2034
      996      936      937     2035
      997      937      938     2036
      998      938      939     2037
      999      939      940     2038
     1000      940      941     2039
     1001      941      942     2040
     1002      942      943     2041
     1003      943      944     2042
     1004      944       50     2043
     1005      316      945     2044
     1006      945      946     2045
     1007      946      947     2046
     1008      947      948     2047
     1009      948      949     2048
     1010      949      950     2049
     1011      950      951     2050
     1012      951      952     2051
     1013      952      953     2052
     1014      953      954     2053
     1015      954      955     2054
     1016      955      956     2055
     1017      956      164     2056
     1018      164      957     2057
     1019      957      958     2058
     1020      958      959     2059
     1021      959      960     2060
     1022      960      961     2061
     1023      961      962     2062
     1024      962      963     2063
     1025      963      326     2064
     1026      326      964     2065
     1027      964      965     2066
     1028      965      966     2067
     1029      966      967     2068
     1030      967      968     2069
     1031      968      969     2070
     1032      969      970     2071
     1033      970      971     2072
     1034      971      972     2073
     1035      972      973     2074
     1036      973       30     2075
     1037      336      974     2076
     1038      974      975     2077
     1039      975      976     2078
     1040      976      977     2079
     1041      977      978     2080
     1042      978      979     2081
     1043      979      980     2082
     1044      980      981     2083
     1045      981      982     2084
     1046      982      983     2085
     1047      983       30     2086
     1048      336      984     2087
     1049      984      985     2088
     1050      985      986     2089
     1051      986      987     2090
     1052      987      988     2091
     1053      988      989     2092
     1054      989      990     2093
     1055      990      991     2094
     1056      991      992     2095
     1057      992      993     2096
     1058      993      994     2097
     1059      994      995     2098
     1060      995      144     2099
     1061      144      996     2100
     1062      996      997     2101
     1063      997      998     2102
     1064      998      999     2103
     1065      999     1000     2104
     1066     1000     1001     2105
     1067     1001     1002     2106
     1068     1002      346     2107
     1069      346     1003     2108
     1070     1003     1004     2109
     1071     1004     1005     2110
     1072     1005     1006     2111
     1073     1006     1007     2112
     1074     1007     1008     2113
     1075     1008     1009     2114
     1076     1009     1010     2115
     1077     1010     1011     2116
     1078     1011        8     2117
     1079      356     1012     2118
     1080     1012     1013     2119
     1081     1013     1014     2120
     1082     1014     1015     2121
     1083     1015     1016     2122
     1084     1016     1017     2123
     1085     1017     1018     2124
     1086     1018     1019     2125
     1087     1019     1020     2126
     1088     1020        8     2127
     1089      356     1021     2128
     1090     1021     1022     2129
     1091     1022     1023     2130
     1092     1023     1024     2131
     1093     1024     1025     2132
     1094     1025     1026     2133
     1095     1026     1027     2134
     1096     1027     1028     2135
     1097     1028     1029     2136
     1098     1029     1030     2137
     1099     1030     1031     2138
     1100     1031     1032     2139
     1101     1032      134     2140
     1102      134     1033     2141
     1103     1033     1034     2142
     1104     1034     1035     2143
     1105     1035     1036     2144
     1106     1036     1037     2145
     1107     1037     1038     2146
     1108     1038     1039     2147
     1109     1039      366     2148
-1
secnum,1    ! reset the section ID to default
!Material Id = {4CF64EF0-901A-4D39-B0E1-DD9C8F23498E}
/wb,elem,end               !  done creating elements
toffst,273.15,      ! Temperature offset from absolute zero
/com,*********** Set Reference Temperature ***********
tref,22.
/wb,mat,start              !  starting to send materials
/com,*********** Send Materials ***********
Temperature = 'TEMP' ! Temperature
MP,DENS,1,7850,	! kg m^-3
MP,ALPX,1,1.2e-05,	! C^-1
MP,C,1,434,	! J kg^-1 C^-1
MP,KXX,1,60.5,	! W m^-1 C^-1
MP,RSVX,1,1.7e-07,	! kg m^3 A^-2 s^-3
MP,EX,1,200000000000,	! Pa
MP,NUXY,1,0.3,
MP,MURX,1,10000,
MP,UVID,1,26803493-86df-4ddd-bec2-587af12a6f2c
MP,UMID,1,59002a79-71c2-428e-906b-55d7dbee100e

Temperature = 'TEMP' ! Temperature
MP,DENS,2,7850,	! kg m^-3
MP,ALPX,2,1.2e-05,	! C^-1
MP,C,2,434,	! J kg^-1 C^-1
MP,KXX,2,60.5,	! W m^-1 C^-1
MP,RSVX,2,1.7e-07,	! kg m^3 A^-2 s^-3
MP,EX,2,200000000000,	! Pa
MP,NUXY,2,0.3,
MP,MURX,2,10000,
MP,UVID,2,26803493-86df-4ddd-bec2-587af12a6f2c
MP,UMID,2,59002a79-71c2-428e-906b-55d7dbee100e

/wb,mat,end                !  done sending materials
/com,*********** Send Beam Properties ***********
SECTYPE,1,BEAM,CTUB
SECDATA,1.75,1.8
secoffset,cent

SECTYPE,2,BEAM,CTUB
SECDATA,1.6e-002,0.8
secoffset,cent

!************************* Model Summary ********************
!Line Body,	Structural Steel,	matid,	1
!Line Body,	Structural Steel,	matid,	2
!************************* End Model Summary ********************
! get the diagonal of the bounding box. Needed later for other things
*get,_xmin,node,,mnloc,x
*get,_ymin,node,,mnloc,y
*get,_zmin,node,,mnloc,z
*get,_xmax,node,,mxloc,x
*get,_ymax,node,,mxloc,y
*get,_zmax,node,,mxloc,z
_ASMDIAG=(_xmax-_xmin)*(_xmax-_xmin)+(_ymax-_ymin)*(_ymax-_ymin)+(_zmax-_zmin)*(_zmax-_zmin)
_ASMDIAG=SQRT(_ASMDIAG)
/wb,contact,start          !  starting to send contact
/wb,contact,end            !  done creating contacts
/golist
/wb,load,start             !  starting to send loads
/com,******* Constant Zero Displacement X *******
CMBLOCK,_DISPZEROUX,NODE,        5
(8i10)
       123       134       366      1033     -1039
cmsel,s,_DISPZEROUX
d,all,ux,0
nsel,all
/com,******* Constant Zero Displacement Y *******
CMBLOCK,_DISPZEROUY,NODE,        5
(8i10)
       123       134       366      1033     -1039
cmsel,s,_DISPZEROUY
d,all,uy,0
nsel,all
/com,******* Constant Zero Displacement Z *******
CMBLOCK,_DISPZEROUZ,NODE,        5
(8i10)
       123       134       366      1033     -1039
cmsel,s,_DISPZEROUZ
d,all,uz,0
nsel,all
/gst,on,on
fini
*get,_numnode,node,0,count
*get,_numelem,elem,0,count
*get, _MAXELEMNUM, elem, 0, NUM, MAX
*get, _MAXNODENUM, node, 0, NUM, MAX
*get, _MAXELEMTYPE, etyp, 0, NUM, MAX
*get, _MAXREALCONST, rcon, 0, NUM, MAX
/go
/wb,load,end               !  done creating loads
/com,--- Number of total nodes = %_numnode%
/com,--- Number of contact elements = 0
/com,--- Number of spring elements = 0
/com,--- Number of bearing elements = 0
/com,--- Number of solid elements = 1109
/com,--- Number of condensed parts = 0
/com,--- Number of total elements = %_numelem%
*get,_wallbsol,active,,time,wall
/solu
antype,2                   ! modal analysis
_thickRatio=  0     ! Ratio of thick parts in the model
thexpand,off     ! ignore thermal strains
modopt,lanb,10
outres,erase
outres,all,none
outres,nsol,all
outres,nload,all,
/nopr
esel,s,type,,1
esel,a,type,,2
cm,_elmisc,elem
esel,all
/gopr
outres,misc,all,_elmisc
mxpand,,,,yes,,no             ! expand requested element results, but not write them to file.mode
dmpopt,esav,no
dmpopt,emat,no
dmpopt,full,no
! *********** WB SOLVE COMMAND ***********
! check interactive state
*get,ANSINTER_,active,,int
*if,ANSINTER_,ne,0,then
/eof
*endif
solve
/com *************** Write FE CONNECTORS ********* 
CEWRITE,file,ce,,INTE
*get,_nmodalsolproc,active,0,numcpu
fini
/nopr
*get,_numnode,node,0,count
*get,_numelem,elem,0,count
*get, _MAXELEMNUM, elem, 0, NUM, MAX
*get, _MAXNODENUM, node, 0, NUM, MAX,,,INTERNAL
*get, _MAXELEMTYPE, etyp, 0, NUM, MAX
*get, _MAXREALCONST, rcon, 0, NUM, MAX
*get,_NSOLTHREADS,active,0,ntfs
*get,_NSOLPROCESSES,active,0,npfs
/gopr
*get,_wallasol,active,,time,wall
/post1
/nopr
*dim,_direction,CHAR,6,1
_direction(1) = 'X'
_direction(2) = 'Y'
_direction(3) = 'Z'
_direction(4) = 'ROTX'
_direction(5) = 'ROTY'
_direction(6) = 'ROTZ'
*get,_lastLS,active,0,set,LSTP
*get,_beginset,active,0,set,nset,first,_lastLS
*get,_endset,active,0,set,nset,last,_lastLS
_nummodes = 0
*if,_endset,gt,0,then
_nummodes = _endset - _beginset + 1
*endif
*do,i_mode,1,_nummodes
   *do,j_component,1,6
			*get,PFACT_%i_mode%_%j_component%,MODE,%i_mode%,PFACT,,DIREC,_direction(%j_component%)
   *enddo
*enddo
*dim,_tmdirection,CHAR,6,1
_tmdirection(1) = 'X'
_tmdirection(2) = 'Y'
_tmdirection(3) = 'Z'
_tmdirection(4) = 'X'
_tmdirection(5) = 'Y'
_tmdirection(6) = 'Z'
*do,j_component,1,6
    *if,j_component,gt,3,then
        *get,TOTALMASS_%j_component%,ELEM,0,IOR,_tmdirection(%j_component%)
    *else
        *get,TOTALMASS_%j_component%,ELEM,0,MTOT,_tmdirection(%j_component%)
    *endif
*enddo
/gopr
xmlo,ENCODING,ISO-8859-1
xmlo,parm
/xml,parm,xml
fini
/gopr
*get,_walldone,active,,time,wall
_preptime=(_wallbsol-_wallstrt)*3600
_solvtime=(_wallasol-_wallbsol)*3600
_posttime=(_walldone-_wallasol)*3600
_totaltim=(_walldone-_wallstrt)*3600
*get,_dlbratio,active,0,solu,dlbr
*get,_combtime,active,0,solu,comb
*get,_ssmode,active,0,solu,ssmm
*get,_ndofs,active,0,solu,ndof
/fclean				!clean distributed files
/com,--- Total number of nodes = %_numnode%
/com,--- Total number of elements = %_numelem%
/com,--- Element load balance ratio = %_dlbratio%
/com,--- Time to combine distributed files = %_combtime%
/com,--- Sparse memory mode = %_ssmode%
/com,--- Number of DOF = %_ndofs%
/wb,file,end               ! done with WB generated input
