/batch
/config,noeldb,1     ! force off writing results to database
*get,_wallstrt,active,,time,wall
! ANSYS input file written by Workbench version 2025 R2
! File used for geometry attach: C:\Users\alami\Documents\Msc Civil Engineering\Year 2\Master Thesis\MSc-thesis---Minimal-model-of-the-Maeslantkering\ANSYS_FEM_truss\connecting_truss_files\dp0\SYS\DM\SYS.agdb
/title,connecting_truss--Modal (A5)
! ****** Begin Custom Load Command Snippet ******
/COM, ACT Extensions:
/COM,     LSDYNA, 2025.2
/COM,     5f463412-bd3e-484b-87e7-cbc0a665e474, wbex
/COM,/COM,     ANSYSMotion, 2025.2
/COM,     20180725-3f81-49eb-9f31-41364844c769, wbex
/COM,
! ****** End   Custom Load Command Snippet ******
*DIM,_wb_ProjectScratch_dir,string,248
_wb_ProjectScratch_dir(1) = 'C:\Users\alami\Documents\Msc Civil Engineering\Year 2\Master Thesis\MSc-thesis---Minimal-model-of-the-Maeslantkering\ANSYS_FEM_truss\_ProjectScratch\ScrC507\'
*DIM,_wb_SolverFiles_dir,string,248
_wb_SolverFiles_dir(1) = 'C:\Users\alami\Documents\Msc Civil Engineering\Year 2\Master Thesis\MSc-thesis---Minimal-model-of-the-Maeslantkering\ANSYS_FEM_truss\connecting_truss_files\dp0\SYS\MECH\'
*DIM,_wb_userfiles_dir,string,248
_wb_userfiles_dir(1) = 'C:\Users\alami\Documents\Msc Civil Engineering\Year 2\Master Thesis\MSc-thesis---Minimal-model-of-the-Maeslantkering\ANSYS_FEM_truss\connecting_truss_files\user_files\'
/com,--- Data in consistent MKS units. See Solving Units in the help system for more information.
/units,MKS
/nopr
/wb,file,start              !  signify a WB generated input file
/prep7
! Turn off shape checking because checks already performed inside WB mesher.
! See help system for more information.
SHPP,OFF,,NOWARN
/nolist
etcon,set             ! allow ANSYS to choose best KEYOP's for 180x elements, resets any applicable keyopt to MAPDL defaults
/com,*********** Send User Defined Coordinate System(s) ***********
csys,0
/com,*********** Nodes for the whole assembly ***********
nblock,3,,1757
(1i9,3e20.9e3)
        1     4.500000000E+01     1.400000000E-14     9.000000000E-15
        2     6.000000000E+01     0.000000000E+00     0.000000000E+00
        3     4.600000000E+01     1.306666667E-14     8.400000000E-15
        4     4.700000000E+01     1.213333333E-14     7.800000000E-15
        5     4.800000000E+01     1.120000000E-14     7.200000000E-15
        6     4.900000000E+01     1.026666667E-14     6.600000000E-15
        7     5.000000000E+01     9.333333333E-15     6.000000000E-15
        8     5.100000000E+01     8.400000000E-15     5.400000000E-15
        9     5.200000000E+01     7.466666667E-15     4.800000000E-15
       10     5.300000000E+01     6.533333333E-15     4.200000000E-15
       11     5.400000000E+01     5.600000000E-15     3.600000000E-15
       12     5.500000000E+01     4.666666667E-15     3.000000000E-15
       13     5.600000000E+01     3.733333333E-15     2.400000000E-15
       14     5.700000000E+01     2.800000000E-15     1.800000000E-15
       15     5.800000000E+01     1.866666667E-15     1.200000000E-15
       16     5.900000000E+01     9.333333333E-16     6.000000000E-16
       17     3.000000000E+01     2.800000000E-14     1.400000000E-14
       18     3.100000000E+01     2.706666667E-14     1.366666667E-14
       19     3.200000000E+01     2.613333333E-14     1.333333333E-14
       20     3.300000000E+01     2.520000000E-14     1.300000000E-14
       21     3.400000000E+01     2.426666667E-14     1.266666667E-14
       22     3.500000000E+01     2.333333333E-14     1.233333333E-14
       23     3.600000000E+01     2.240000000E-14     1.200000000E-14
       24     3.700000000E+01     2.146666667E-14     1.166666667E-14
       25     3.800000000E+01     2.053333333E-14     1.133333333E-14
       26     3.900000000E+01     1.960000000E-14     1.100000000E-14
       27     4.000000000E+01     1.866666667E-14     1.066666667E-14
       28     4.100000000E+01     1.773333333E-14     1.033333333E-14
       29     4.200000000E+01     1.680000000E-14     1.000000000E-14
       30     4.300000000E+01     1.586666667E-14     9.666666667E-15
       31     4.400000000E+01     1.493333333E-14     9.333333333E-15
       32     1.500000000E+01     4.600000000E-14     2.300000000E-14
       33     1.600000000E+01     4.480000000E-14     2.240000000E-14
       34     1.700000000E+01     4.360000000E-14     2.180000000E-14
       35     1.800000000E+01     4.240000000E-14     2.120000000E-14
       36     1.900000000E+01     4.120000000E-14     2.060000000E-14
       37     2.000000000E+01     4.000000000E-14     2.000000000E-14
       38     2.100000000E+01     3.880000000E-14     1.940000000E-14
       39     2.200000000E+01     3.760000000E-14     1.880000000E-14
       40     2.300000000E+01     3.640000000E-14     1.820000000E-14
       41     2.400000000E+01     3.520000000E-14     1.760000000E-14
       42     2.500000000E+01     3.400000000E-14     1.700000000E-14
       43     2.600000000E+01     3.280000000E-14     1.640000000E-14
       44     2.700000000E+01     3.160000000E-14     1.580000000E-14
       45     2.800000000E+01     3.040000000E-14     1.520000000E-14
       46     2.900000000E+01     2.920000000E-14     1.460000000E-14
       47     0.000000000E+00     0.000000000E+00     0.000000000E+00
       48     1.000000000E+00     3.066666667E-15     1.533333333E-15
       49     2.000000000E+00     6.133333333E-15     3.066666667E-15
       50     3.000000000E+00     9.200000000E-15     4.600000000E-15
       51     4.000000000E+00     1.226666667E-14     6.133333333E-15
       52     5.000000000E+00     1.533333333E-14     7.666666667E-15
       53     6.000000000E+00     1.840000000E-14     9.200000000E-15
       54     7.000000000E+00     2.146666667E-14     1.073333333E-14
       55     8.000000000E+00     2.453333333E-14     1.226666667E-14
       56     9.000000000E+00     2.760000000E-14     1.380000000E-14
       57     1.000000000E+01     3.066666667E-14     1.533333333E-14
       58     1.100000000E+01     3.373333333E-14     1.686666667E-14
       59     1.200000000E+01     3.680000000E-14     1.840000000E-14
       60     1.300000000E+01     3.986666667E-14     1.993333333E-14
       61     1.400000000E+01     4.293333333E-14     2.146666667E-14
       62     6.000000000E+01     0.000000000E+00     1.900000000E+01
       63     4.500000000E+01     1.000000000E-14     1.900000000E+01
       64     5.900000000E+01     6.666666667E-16     1.900000000E+01
       65     5.800000000E+01     1.333333333E-15     1.900000000E+01
       66     5.700000000E+01     2.000000000E-15     1.900000000E+01
       67     5.600000000E+01     2.666666667E-15     1.900000000E+01
       68     5.500000000E+01     3.333333333E-15     1.900000000E+01
       69     5.400000000E+01     4.000000000E-15     1.900000000E+01
       70     5.300000000E+01     4.666666667E-15     1.900000000E+01
       71     5.200000000E+01     5.333333333E-15     1.900000000E+01
       72     5.100000000E+01     6.000000000E-15     1.900000000E+01
       73     5.000000000E+01     6.666666667E-15     1.900000000E+01
       74     4.900000000E+01     7.333333333E-15     1.900000000E+01
       75     4.800000000E+01     8.000000000E-15     1.900000000E+01
       76     4.700000000E+01     8.666666667E-15     1.900000000E+01
       77     4.600000000E+01     9.333333333E-15     1.900000000E+01
       78     3.000000000E+01     5.000000000E-15     1.900000000E+01
       79     3.100000000E+01     5.333333333E-15     1.900000000E+01
       80     3.200000000E+01     5.666666667E-15     1.900000000E+01
       81     3.300000000E+01     6.000000000E-15     1.900000000E+01
       82     3.400000000E+01     6.333333333E-15     1.900000000E+01
       83     3.500000000E+01     6.666666667E-15     1.900000000E+01
       84     3.600000000E+01     7.000000000E-15     1.900000000E+01
       85     3.700000000E+01     7.333333333E-15     1.900000000E+01
       86     3.800000000E+01     7.666666667E-15     1.900000000E+01
       87     3.900000000E+01     8.000000000E-15     1.900000000E+01
       88     4.000000000E+01     8.333333333E-15     1.900000000E+01
       89     4.100000000E+01     8.666666667E-15     1.900000000E+01
       90     4.200000000E+01     9.000000000E-15     1.900000000E+01
       91     4.300000000E+01     9.333333333E-15     1.900000000E+01
       92     4.400000000E+01     9.666666667E-15     1.900000000E+01
       93     1.500000000E+01     2.000000000E-15     1.900000000E+01
       94     2.900000000E+01     4.800000000E-15     1.900000000E+01
       95     2.800000000E+01     4.600000000E-15     1.900000000E+01
       96     2.700000000E+01     4.400000000E-15     1.900000000E+01
       97     2.600000000E+01     4.200000000E-15     1.900000000E+01
       98     2.500000000E+01     4.000000000E-15     1.900000000E+01
       99     2.400000000E+01     3.800000000E-15     1.900000000E+01
      100     2.300000000E+01     3.600000000E-15     1.900000000E+01
      101     2.200000000E+01     3.400000000E-15     1.900000000E+01
      102     2.100000000E+01     3.200000000E-15     1.900000000E+01
      103     2.000000000E+01     3.000000000E-15     1.900000000E+01
      104     1.900000000E+01     2.800000000E-15     1.900000000E+01
      105     1.800000000E+01     2.600000000E-15     1.900000000E+01
      106     1.700000000E+01     2.400000000E-15     1.900000000E+01
      107     1.600000000E+01     2.200000000E-15     1.900000000E+01
      108     0.000000000E+00     0.000000000E+00     1.900000000E+01
      109     1.000000000E+00     1.333333333E-16     1.900000000E+01
      110     2.000000000E+00     2.666666667E-16     1.900000000E+01
      111     3.000000000E+00     4.000000000E-16     1.900000000E+01
      112     4.000000000E+00     5.333333333E-16     1.900000000E+01
      113     5.000000000E+00     6.666666667E-16     1.900000000E+01
      114     6.000000000E+00     8.000000000E-16     1.900000000E+01
      115     7.000000000E+00     9.333333333E-16     1.900000000E+01
      116     8.000000000E+00     1.066666667E-15     1.900000000E+01
      117     9.000000000E+00     1.200000000E-15     1.900000000E+01
      118     1.000000000E+01     1.333333333E-15     1.900000000E+01
      119     1.100000000E+01     1.466666667E-15     1.900000000E+01
      120     1.200000000E+01     1.600000000E-15     1.900000000E+01
      121     1.300000000E+01     1.733333333E-15     1.900000000E+01
      122     1.400000000E+01     1.866666667E-15     1.900000000E+01
      123     3.000000000E+01     6.210526316E-15     1.800000000E+01
      124     3.000000000E+01     7.421052632E-15     1.700000000E+01
      125     3.000000000E+01     8.631578947E-15     1.600000000E+01
      126     3.000000000E+01     9.842105263E-15     1.500000000E+01
      127     3.000000000E+01     1.105263158E-14     1.400000000E+01
      128     3.000000000E+01     1.226315789E-14     1.300000000E+01
      129     3.000000000E+01     1.347368421E-14     1.200000000E+01
      130     3.000000000E+01     1.468421053E-14     1.100000000E+01
      131     3.000000000E+01     1.589473684E-14     1.000000000E+01
      132     3.000000000E+01     1.710526316E-14     9.000000000E+00
      133     3.000000000E+01     1.831578947E-14     8.000000000E+00
      134     3.000000000E+01     1.952631579E-14     7.000000000E+00
      135     3.000000000E+01     2.073684211E-14     6.000000000E+00
      136     3.000000000E+01     2.194736842E-14     5.000000000E+00
      137     3.000000000E+01     2.315789474E-14     4.000000000E+00
      138     3.000000000E+01     2.436842105E-14     3.000000000E+00
      139     3.000000000E+01     2.557894737E-14     2.000000000E+00
      140     3.000000000E+01     2.678947368E-14     1.000000000E+00
      141     5.940000000E+01     5.600000000E-16     1.824000000E+01
      142     5.880000000E+01     1.120000000E-15     1.748000000E+01
      143     5.820000000E+01     1.680000000E-15     1.672000000E+01
      144     5.760000000E+01     2.240000000E-15     1.596000000E+01
      145     5.700000000E+01     2.800000000E-15     1.520000000E+01
      146     5.640000000E+01     3.360000000E-15     1.444000000E+01
      147     5.580000000E+01     3.920000000E-15     1.368000000E+01
      148     5.520000000E+01     4.480000000E-15     1.292000000E+01
      149     5.460000000E+01     5.040000000E-15     1.216000000E+01
      150     5.400000000E+01     5.600000000E-15     1.140000000E+01
      151     5.340000000E+01     6.160000000E-15     1.064000000E+01
      152     5.280000000E+01     6.720000000E-15     9.880000000E+00
      153     5.220000000E+01     7.280000000E-15     9.120000000E+00
      154     5.160000000E+01     7.840000000E-15     8.360000000E+00
      155     5.100000000E+01     8.400000000E-15     7.600000000E+00
      156     5.040000000E+01     8.960000000E-15     6.840000000E+00
      157     4.980000000E+01     9.520000000E-15     6.080000000E+00
      158     4.920000000E+01     1.008000000E-14     5.320000000E+00
      159     4.860000000E+01     1.064000000E-14     4.560000000E+00
      160     4.800000000E+01     1.120000000E-14     3.800000000E+00
      161     4.740000000E+01     1.176000000E-14     3.040000000E+00
      162     4.680000000E+01     1.232000000E-14     2.280000000E+00
      163     4.620000000E+01     1.288000000E-14     1.520000000E+00
      164     4.560000000E+01     1.344000000E-14     7.600000000E-01
      165     4.500000000E+01     1.021052632E-14     1.800000000E+01
      166     4.500000000E+01     1.042105263E-14     1.700000000E+01
      167     4.500000000E+01     1.063157895E-14     1.600000000E+01
      168     4.500000000E+01     1.084210526E-14     1.500000000E+01
      169     4.500000000E+01     1.105263158E-14     1.400000000E+01
      170     4.500000000E+01     1.126315789E-14     1.300000000E+01
      171     4.500000000E+01     1.147368421E-14     1.200000000E+01
      172     4.500000000E+01     1.168421053E-14     1.100000000E+01
      173     4.500000000E+01     1.189473684E-14     1.000000000E+01
      174     4.500000000E+01     1.210526316E-14     9.000000000E+00
      175     4.500000000E+01     1.231578947E-14     8.000000000E+00
      176     4.500000000E+01     1.252631579E-14     7.000000000E+00
      177     4.500000000E+01     1.273684211E-14     6.000000000E+00
      178     4.500000000E+01     1.294736842E-14     5.000000000E+00
      179     4.500000000E+01     1.315789474E-14     4.000000000E+00
      180     4.500000000E+01     1.336842105E-14     3.000000000E+00
      181     4.500000000E+01     1.357894737E-14     2.000000000E+00
      182     4.500000000E+01     1.378947368E-14     1.000000000E+00
      183     4.440000000E+01     1.072000000E-14     1.824000000E+01
      184     4.380000000E+01     1.144000000E-14     1.748000000E+01
      185     4.320000000E+01     1.216000000E-14     1.672000000E+01
      186     4.260000000E+01     1.288000000E-14     1.596000000E+01
      187     4.200000000E+01     1.360000000E-14     1.520000000E+01
      188     4.140000000E+01     1.432000000E-14     1.444000000E+01
      189     4.080000000E+01     1.504000000E-14     1.368000000E+01
      190     4.020000000E+01     1.576000000E-14     1.292000000E+01
      191     3.960000000E+01     1.648000000E-14     1.216000000E+01
      192     3.900000000E+01     1.720000000E-14     1.140000000E+01
      193     3.840000000E+01     1.792000000E-14     1.064000000E+01
      194     3.780000000E+01     1.864000000E-14     9.880000000E+00
      195     3.720000000E+01     1.936000000E-14     9.120000000E+00
      196     3.660000000E+01     2.008000000E-14     8.360000000E+00
      197     3.600000000E+01     2.080000000E-14     7.600000000E+00
      198     3.540000000E+01     2.152000000E-14     6.840000000E+00
      199     3.480000000E+01     2.224000000E-14     6.080000000E+00
      200     3.420000000E+01     2.296000000E-14     5.320000000E+00
      201     3.360000000E+01     2.368000000E-14     4.560000000E+00
      202     3.300000000E+01     2.440000000E-14     3.800000000E+00
      203     3.240000000E+01     2.512000000E-14     3.040000000E+00
      204     3.180000000E+01     2.584000000E-14     2.280000000E+00
      205     3.120000000E+01     2.656000000E-14     1.520000000E+00
      206     3.060000000E+01     2.728000000E-14     7.600000000E-01
      207     1.560000000E+01     3.040000000E-15     1.824000000E+01
      208     1.620000000E+01     4.080000000E-15     1.748000000E+01
      209     1.680000000E+01     5.120000000E-15     1.672000000E+01
      210     1.740000000E+01     6.160000000E-15     1.596000000E+01
      211     1.800000000E+01     7.200000000E-15     1.520000000E+01
      212     1.860000000E+01     8.240000000E-15     1.444000000E+01
      213     1.920000000E+01     9.280000000E-15     1.368000000E+01
      214     1.980000000E+01     1.032000000E-14     1.292000000E+01
      215     2.040000000E+01     1.136000000E-14     1.216000000E+01
      216     2.100000000E+01     1.240000000E-14     1.140000000E+01
      217     2.160000000E+01     1.344000000E-14     1.064000000E+01
      218     2.220000000E+01     1.448000000E-14     9.880000000E+00
      219     2.280000000E+01     1.552000000E-14     9.120000000E+00
      220     2.340000000E+01     1.656000000E-14     8.360000000E+00
      221     2.400000000E+01     1.760000000E-14     7.600000000E+00
      222     2.460000000E+01     1.864000000E-14     6.840000000E+00
      223     2.520000000E+01     1.968000000E-14     6.080000000E+00
      224     2.580000000E+01     2.072000000E-14     5.320000000E+00
      225     2.640000000E+01     2.176000000E-14     4.560000000E+00
      226     2.700000000E+01     2.280000000E-14     3.800000000E+00
      227     2.760000000E+01     2.384000000E-14     3.040000000E+00
      228     2.820000000E+01     2.488000000E-14     2.280000000E+00
      229     2.880000000E+01     2.592000000E-14     1.520000000E+00
      230     2.940000000E+01     2.696000000E-14     7.600000000E-01
      231     1.500000000E+01     4.315789474E-15     1.800000000E+01
      232     1.500000000E+01     6.631578947E-15     1.700000000E+01
      233     1.500000000E+01     8.947368421E-15     1.600000000E+01
      234     1.500000000E+01     1.126315789E-14     1.500000000E+01
      235     1.500000000E+01     1.357894737E-14     1.400000000E+01
      236     1.500000000E+01     1.589473684E-14     1.300000000E+01
      237     1.500000000E+01     1.821052632E-14     1.200000000E+01
      238     1.500000000E+01     2.052631579E-14     1.100000000E+01
      239     1.500000000E+01     2.284210526E-14     1.000000000E+01
      240     1.500000000E+01     2.515789474E-14     9.000000000E+00
      241     1.500000000E+01     2.747368421E-14     8.000000000E+00
      242     1.500000000E+01     2.978947368E-14     7.000000000E+00
      243     1.500000000E+01     3.210526316E-14     6.000000000E+00
      244     1.500000000E+01     3.442105263E-14     5.000000000E+00
      245     1.500000000E+01     3.673684211E-14     4.000000000E+00
      246     1.500000000E+01     3.905263158E-14     3.000000000E+00
      247     1.500000000E+01     4.136842105E-14     2.000000000E+00
      248     1.500000000E+01     4.368421053E-14     1.000000000E+00
      249     6.000000000E-01     1.840000000E-15     1.824000000E+01
      250     1.200000000E+00     3.680000000E-15     1.748000000E+01
      251     1.800000000E+00     5.520000000E-15     1.672000000E+01
      252     2.400000000E+00     7.360000000E-15     1.596000000E+01
      253     3.000000000E+00     9.200000000E-15     1.520000000E+01
      254     3.600000000E+00     1.104000000E-14     1.444000000E+01
      255     4.200000000E+00     1.288000000E-14     1.368000000E+01
      256     4.800000000E+00     1.472000000E-14     1.292000000E+01
      257     5.400000000E+00     1.656000000E-14     1.216000000E+01
      258     6.000000000E+00     1.840000000E-14     1.140000000E+01
      259     6.600000000E+00     2.024000000E-14     1.064000000E+01
      260     7.200000000E+00     2.208000000E-14     9.880000000E+00
      261     7.800000000E+00     2.392000000E-14     9.120000000E+00
      262     8.400000000E+00     2.576000000E-14     8.360000000E+00
      263     9.000000000E+00     2.760000000E-14     7.600000000E+00
      264     9.600000000E+00     2.944000000E-14     6.840000000E+00
      265     1.020000000E+01     3.128000000E-14     6.080000000E+00
      266     1.080000000E+01     3.312000000E-14     5.320000000E+00
      267     1.140000000E+01     3.496000000E-14     4.560000000E+00
      268     1.200000000E+01     3.680000000E-14     3.800000000E+00
      269     1.260000000E+01     3.864000000E-14     3.040000000E+00
      270     1.320000000E+01     4.048000000E-14     2.280000000E+00
      271     1.380000000E+01     4.232000000E-14     1.520000000E+00
      272     1.440000000E+01     4.416000000E-14     7.600000000E-01
      273     5.250000000E+01     1.800000000E+01     9.500000000E+00
      274     6.000000000E+01     1.800000000E+01     9.500000000E+00
      275     5.343750000E+01     1.800000000E+01     9.500000000E+00
      276     5.437500000E+01     1.800000000E+01     9.500000000E+00
      277     5.531250000E+01     1.800000000E+01     9.500000000E+00
      278     5.625000000E+01     1.800000000E+01     9.500000000E+00
      279     5.718750000E+01     1.800000000E+01     9.500000000E+00
      280     5.812500000E+01     1.800000000E+01     9.500000000E+00
      281     5.906250000E+01     1.800000000E+01     9.500000000E+00
      282     3.750000000E+01     1.800000000E+01     9.500000000E+00
      283     3.850000000E+01     1.800000000E+01     9.500000000E+00
      284     3.950000000E+01     1.800000000E+01     9.500000000E+00
      285     4.050000000E+01     1.800000000E+01     9.500000000E+00
      286     4.150000000E+01     1.800000000E+01     9.500000000E+00
      287     4.250000000E+01     1.800000000E+01     9.500000000E+00
      288     4.350000000E+01     1.800000000E+01     9.500000000E+00
      289     4.450000000E+01     1.800000000E+01     9.500000000E+00
      290     4.550000000E+01     1.800000000E+01     9.500000000E+00
      291     4.650000000E+01     1.800000000E+01     9.500000000E+00
      292     4.750000000E+01     1.800000000E+01     9.500000000E+00
      293     4.850000000E+01     1.800000000E+01     9.500000000E+00
      294     4.950000000E+01     1.800000000E+01     9.500000000E+00
      295     5.050000000E+01     1.800000000E+01     9.500000000E+00
      296     5.150000000E+01     1.800000000E+01     9.500000000E+00
      297     2.250000000E+01     1.800000000E+01     9.500000000E+00
      298     2.350000000E+01     1.800000000E+01     9.500000000E+00
      299     2.450000000E+01     1.800000000E+01     9.500000000E+00
      300     2.550000000E+01     1.800000000E+01     9.500000000E+00
      301     2.650000000E+01     1.800000000E+01     9.500000000E+00
      302     2.750000000E+01     1.800000000E+01     9.500000000E+00
      303     2.850000000E+01     1.800000000E+01     9.500000000E+00
      304     2.950000000E+01     1.800000000E+01     9.500000000E+00
      305     3.050000000E+01     1.800000000E+01     9.500000000E+00
      306     3.150000000E+01     1.800000000E+01     9.500000000E+00
      307     3.250000000E+01     1.800000000E+01     9.500000000E+00
      308     3.350000000E+01     1.800000000E+01     9.500000000E+00
      309     3.450000000E+01     1.800000000E+01     9.500000000E+00
      310     3.550000000E+01     1.800000000E+01     9.500000000E+00
      311     3.650000000E+01     1.800000000E+01     9.500000000E+00
      312     7.500000000E+00     1.800000000E+01     9.500000000E+00
      313     8.500000000E+00     1.800000000E+01     9.500000000E+00
      314     9.500000000E+00     1.800000000E+01     9.500000000E+00
      315     1.050000000E+01     1.800000000E+01     9.500000000E+00
      316     1.150000000E+01     1.800000000E+01     9.500000000E+00
      317     1.250000000E+01     1.800000000E+01     9.500000000E+00
      318     1.350000000E+01     1.800000000E+01     9.500000000E+00
      319     1.450000000E+01     1.800000000E+01     9.500000000E+00
      320     1.550000000E+01     1.800000000E+01     9.500000000E+00
      321     1.650000000E+01     1.800000000E+01     9.500000000E+00
      322     1.750000000E+01     1.800000000E+01     9.500000000E+00
      323     1.850000000E+01     1.800000000E+01     9.500000000E+00
      324     1.950000000E+01     1.800000000E+01     9.500000000E+00
      325     2.050000000E+01     1.800000000E+01     9.500000000E+00
      326     2.150000000E+01     1.800000000E+01     9.500000000E+00
      327     0.000000000E+00     1.800000000E+01     9.500000000E+00
      328     9.375000000E-01     1.800000000E+01     9.500000000E+00
      329     1.875000000E+00     1.800000000E+01     9.500000000E+00
      330     2.812500000E+00     1.800000000E+01     9.500000000E+00
      331     3.750000000E+00     1.800000000E+01     9.500000000E+00
      332     4.687500000E+00     1.800000000E+01     9.500000000E+00
      333     5.625000000E+00     1.800000000E+01     9.500000000E+00
      334     6.562500000E+00     1.800000000E+01     9.500000000E+00
      335     7.840909091E+00     1.718181818E+01     9.931818182E+00
      336     8.181818182E+00     1.636363636E+01     1.036363636E+01
      337     8.522727273E+00     1.554545455E+01     1.079545455E+01
      338     8.863636364E+00     1.472727273E+01     1.122727273E+01
      339     9.204545455E+00     1.390909091E+01     1.165909091E+01
      340     9.545454545E+00     1.309090909E+01     1.209090909E+01
      341     9.886363636E+00     1.227272727E+01     1.252272727E+01
      342     1.022727273E+01     1.145454545E+01     1.295454545E+01
      343     1.056818182E+01     1.063636364E+01     1.338636364E+01
      344     1.090909091E+01     9.818181818E+00     1.381818182E+01
      345     1.125000000E+01     9.000000000E+00     1.425000000E+01
      346     1.159090909E+01     8.181818182E+00     1.468181818E+01
      347     1.193181818E+01     7.363636364E+00     1.511363636E+01
      348     1.227272727E+01     6.545454545E+00     1.554545455E+01
      349     1.261363636E+01     5.727272727E+00     1.597727273E+01
      350     1.295454545E+01     4.909090909E+00     1.640909091E+01
      351     1.329545455E+01     4.090909091E+00     1.684090909E+01
      352     1.363636364E+01     3.272727273E+00     1.727272727E+01
      353     1.397727273E+01     2.454545455E+00     1.770454545E+01
      354     1.431818182E+01     1.636363636E+00     1.813636364E+01
      355     1.465909091E+01     8.181818182E-01     1.856818182E+01
      356     7.159090909E+00     1.718181818E+01     9.068181818E+00
      357     6.818181818E+00     1.636363636E+01     8.636363636E+00
      358     6.477272727E+00     1.554545455E+01     8.204545455E+00
      359     6.136363636E+00     1.472727273E+01     7.772727273E+00
      360     5.795454545E+00     1.390909091E+01     7.340909091E+00
      361     5.454545455E+00     1.309090909E+01     6.909090909E+00
      362     5.113636364E+00     1.227272727E+01     6.477272727E+00
      363     4.772727273E+00     1.145454545E+01     6.045454545E+00
      364     4.431818182E+00     1.063636364E+01     5.613636364E+00
      365     4.090909091E+00     9.818181818E+00     5.181818182E+00
      366     3.750000000E+00     9.000000000E+00     4.750000000E+00
      367     3.409090909E+00     8.181818182E+00     4.318181818E+00
      368     3.068181818E+00     7.363636364E+00     3.886363636E+00
      369     2.727272727E+00     6.545454545E+00     3.454545455E+00
      370     2.386363636E+00     5.727272727E+00     3.022727273E+00
      371     2.045454545E+00     4.909090909E+00     2.590909091E+00
      372     1.704545455E+00     4.090909091E+00     2.159090909E+00
      373     1.363636364E+00     3.272727273E+00     1.727272727E+00
      374     1.022727273E+00     2.454545455E+00     1.295454545E+00
      375     6.818181818E-01     1.636363636E+00     8.636363636E-01
      376     3.409090909E-01     8.181818182E-01     4.318181818E-01
      377     2.284090909E+01     1.718181818E+01     9.931818182E+00
      378     2.318181818E+01     1.636363636E+01     1.036363636E+01
      379     2.352272727E+01     1.554545455E+01     1.079545455E+01
      380     2.386363636E+01     1.472727273E+01     1.122727273E+01
      381     2.420454545E+01     1.390909091E+01     1.165909091E+01
      382     2.454545455E+01     1.309090909E+01     1.209090909E+01
      383     2.488636364E+01     1.227272727E+01     1.252272727E+01
      384     2.522727273E+01     1.145454545E+01     1.295454545E+01
      385     2.556818182E+01     1.063636364E+01     1.338636364E+01
      386     2.590909091E+01     9.818181818E+00     1.381818182E+01
      387     2.625000000E+01     9.000000000E+00     1.425000000E+01
      388     2.659090909E+01     8.181818182E+00     1.468181818E+01
      389     2.693181818E+01     7.363636364E+00     1.511363636E+01
      390     2.727272727E+01     6.545454545E+00     1.554545455E+01
      391     2.761363636E+01     5.727272727E+00     1.597727273E+01
      392     2.795454545E+01     4.909090909E+00     1.640909091E+01
      393     2.829545455E+01     4.090909091E+00     1.684090909E+01
      394     2.863636364E+01     3.272727273E+00     1.727272727E+01
      395     2.897727273E+01     2.454545455E+00     1.770454545E+01
      396     2.931818182E+01     1.636363636E+00     1.813636364E+01
      397     2.965909091E+01     8.181818182E-01     1.856818182E+01
      398     3.034090909E+01     8.181818182E-01     1.856818182E+01
      399     3.068181818E+01     1.636363636E+00     1.813636364E+01
      400     3.102272727E+01     2.454545455E+00     1.770454545E+01
      401     3.136363636E+01     3.272727273E+00     1.727272727E+01
      402     3.170454545E+01     4.090909091E+00     1.684090909E+01
      403     3.204545455E+01     4.909090909E+00     1.640909091E+01
      404     3.238636364E+01     5.727272727E+00     1.597727273E+01
      405     3.272727273E+01     6.545454545E+00     1.554545455E+01
      406     3.306818182E+01     7.363636364E+00     1.511363636E+01
      407     3.340909091E+01     8.181818182E+00     1.468181818E+01
      408     3.375000000E+01     9.000000000E+00     1.425000000E+01
      409     3.409090909E+01     9.818181818E+00     1.381818182E+01
      410     3.443181818E+01     1.063636364E+01     1.338636364E+01
      411     3.477272727E+01     1.145454545E+01     1.295454545E+01
      412     3.511363636E+01     1.227272727E+01     1.252272727E+01
      413     3.545454545E+01     1.309090909E+01     1.209090909E+01
      414     3.579545455E+01     1.390909091E+01     1.165909091E+01
      415     3.613636364E+01     1.472727273E+01     1.122727273E+01
      416     3.647727273E+01     1.554545455E+01     1.079545455E+01
      417     3.681818182E+01     1.636363636E+01     1.036363636E+01
      418     3.715909091E+01     1.718181818E+01     9.931818182E+00
      419     3.784090909E+01     1.718181818E+01     9.931818182E+00
      420     3.818181818E+01     1.636363636E+01     1.036363636E+01
      421     3.852272727E+01     1.554545455E+01     1.079545455E+01
      422     3.886363636E+01     1.472727273E+01     1.122727273E+01
      423     3.920454545E+01     1.390909091E+01     1.165909091E+01
      424     3.954545455E+01     1.309090909E+01     1.209090909E+01
      425     3.988636364E+01     1.227272727E+01     1.252272727E+01
      426     4.022727273E+01     1.145454545E+01     1.295454545E+01
      427     4.056818182E+01     1.063636364E+01     1.338636364E+01
      428     4.090909091E+01     9.818181818E+00     1.381818182E+01
      429     4.125000000E+01     9.000000000E+00     1.425000000E+01
      430     4.159090909E+01     8.181818182E+00     1.468181818E+01
      431     4.193181818E+01     7.363636364E+00     1.511363636E+01
      432     4.227272727E+01     6.545454545E+00     1.554545455E+01
      433     4.261363636E+01     5.727272727E+00     1.597727273E+01
      434     4.295454545E+01     4.909090909E+00     1.640909091E+01
      435     4.329545455E+01     4.090909091E+00     1.684090909E+01
      436     4.363636364E+01     3.272727273E+00     1.727272727E+01
      437     4.397727273E+01     2.454545455E+00     1.770454545E+01
      438     4.431818182E+01     1.636363636E+00     1.813636364E+01
      439     4.465909091E+01     8.181818182E-01     1.856818182E+01
      440     4.534090909E+01     8.181818182E-01     1.856818182E+01
      441     4.568181818E+01     1.636363636E+00     1.813636364E+01
      442     4.602272727E+01     2.454545455E+00     1.770454545E+01
      443     4.636363636E+01     3.272727273E+00     1.727272727E+01
      444     4.670454545E+01     4.090909091E+00     1.684090909E+01
      445     4.704545455E+01     4.909090909E+00     1.640909091E+01
      446     4.738636364E+01     5.727272727E+00     1.597727273E+01
      447     4.772727273E+01     6.545454545E+00     1.554545455E+01
      448     4.806818182E+01     7.363636364E+00     1.511363636E+01
      449     4.840909091E+01     8.181818182E+00     1.468181818E+01
      450     4.875000000E+01     9.000000000E+00     1.425000000E+01
      451     4.909090909E+01     9.818181818E+00     1.381818182E+01
      452     4.943181818E+01     1.063636364E+01     1.338636364E+01
      453     4.977272727E+01     1.145454545E+01     1.295454545E+01
      454     5.011363636E+01     1.227272727E+01     1.252272727E+01
      455     5.045454545E+01     1.309090909E+01     1.209090909E+01
      456     5.079545455E+01     1.390909091E+01     1.165909091E+01
      457     5.113636364E+01     1.472727273E+01     1.122727273E+01
      458     5.147727273E+01     1.554545455E+01     1.079545455E+01
      459     5.181818182E+01     1.636363636E+01     1.036363636E+01
      460     5.215909091E+01     1.718181818E+01     9.931818182E+00
      461     5.284090909E+01     1.718181818E+01     9.931818182E+00
      462     5.318181818E+01     1.636363636E+01     1.036363636E+01
      463     5.352272727E+01     1.554545455E+01     1.079545455E+01
      464     5.386363636E+01     1.472727273E+01     1.122727273E+01
      465     5.420454545E+01     1.390909091E+01     1.165909091E+01
      466     5.454545455E+01     1.309090909E+01     1.209090909E+01
      467     5.488636364E+01     1.227272727E+01     1.252272727E+01
      468     5.522727273E+01     1.145454545E+01     1.295454545E+01
      469     5.556818182E+01     1.063636364E+01     1.338636364E+01
      470     5.590909091E+01     9.818181818E+00     1.381818182E+01
      471     5.625000000E+01     9.000000000E+00     1.425000000E+01
      472     5.659090909E+01     8.181818182E+00     1.468181818E+01
      473     5.693181818E+01     7.363636364E+00     1.511363636E+01
      474     5.727272727E+01     6.545454545E+00     1.554545455E+01
      475     5.761363636E+01     5.727272727E+00     1.597727273E+01
      476     5.795454545E+01     4.909090909E+00     1.640909091E+01
      477     5.829545455E+01     4.090909091E+00     1.684090909E+01
      478     5.863636364E+01     3.272727273E+00     1.727272727E+01
      479     5.897727273E+01     2.454545455E+00     1.770454545E+01
      480     5.931818182E+01     1.636363636E+00     1.813636364E+01
      481     5.965909091E+01     8.181818182E-01     1.856818182E+01
      482     5.284090909E+01     1.718181818E+01     9.068181818E+00
      483     5.318181818E+01     1.636363636E+01     8.636363636E+00
      484     5.352272727E+01     1.554545455E+01     8.204545455E+00
      485     5.386363636E+01     1.472727273E+01     7.772727273E+00
      486     5.420454545E+01     1.390909091E+01     7.340909091E+00
      487     5.454545455E+01     1.309090909E+01     6.909090909E+00
      488     5.488636364E+01     1.227272727E+01     6.477272727E+00
      489     5.522727273E+01     1.145454545E+01     6.045454545E+00
      490     5.556818182E+01     1.063636364E+01     5.613636364E+00
      491     5.590909091E+01     9.818181818E+00     5.181818182E+00
      492     5.625000000E+01     9.000000000E+00     4.750000000E+00
      493     5.659090909E+01     8.181818182E+00     4.318181818E+00
      494     5.693181818E+01     7.363636364E+00     3.886363636E+00
      495     5.727272727E+01     6.545454545E+00     3.454545455E+00
      496     5.761363636E+01     5.727272727E+00     3.022727273E+00
      497     5.795454545E+01     4.909090909E+00     2.590909091E+00
      498     5.829545455E+01     4.090909091E+00     2.159090909E+00
      499     5.863636364E+01     3.272727273E+00     1.727272727E+00
      500     5.897727273E+01     2.454545455E+00     1.295454545E+00
      501     5.931818182E+01     1.636363636E+00     8.636363636E-01
      502     5.965909091E+01     8.181818182E-01     4.318181818E-01
      503     5.215909091E+01     1.718181818E+01     9.068181818E+00
      504     5.181818182E+01     1.636363636E+01     8.636363636E+00
      505     5.147727273E+01     1.554545455E+01     8.204545455E+00
      506     5.113636364E+01     1.472727273E+01     7.772727273E+00
      507     5.079545455E+01     1.390909091E+01     7.340909091E+00
      508     5.045454545E+01     1.309090909E+01     6.909090909E+00
      509     5.011363636E+01     1.227272727E+01     6.477272727E+00
      510     4.977272727E+01     1.145454545E+01     6.045454545E+00
      511     4.943181818E+01     1.063636364E+01     5.613636364E+00
      512     4.909090909E+01     9.818181818E+00     5.181818182E+00
      513     4.875000000E+01     9.000000000E+00     4.750000000E+00
      514     4.840909091E+01     8.181818182E+00     4.318181818E+00
      515     4.806818182E+01     7.363636364E+00     3.886363636E+00
      516     4.772727273E+01     6.545454545E+00     3.454545455E+00
      517     4.738636364E+01     5.727272727E+00     3.022727273E+00
      518     4.704545455E+01     4.909090909E+00     2.590909091E+00
      519     4.670454545E+01     4.090909091E+00     2.159090909E+00
      520     4.636363636E+01     3.272727273E+00     1.727272727E+00
      521     4.602272727E+01     2.454545455E+00     1.295454545E+00
      522     4.568181818E+01     1.636363636E+00     8.636363636E-01
      523     4.534090909E+01     8.181818182E-01     4.318181818E-01
      524     3.784090909E+01     1.718181818E+01     9.068181818E+00
      525     3.818181818E+01     1.636363636E+01     8.636363636E+00
      526     3.852272727E+01     1.554545455E+01     8.204545455E+00
      527     3.886363636E+01     1.472727273E+01     7.772727273E+00
      528     3.920454545E+01     1.390909091E+01     7.340909091E+00
      529     3.954545455E+01     1.309090909E+01     6.909090909E+00
      530     3.988636364E+01     1.227272727E+01     6.477272727E+00
      531     4.022727273E+01     1.145454545E+01     6.045454545E+00
      532     4.056818182E+01     1.063636364E+01     5.613636364E+00
      533     4.090909091E+01     9.818181818E+00     5.181818182E+00
      534     4.125000000E+01     9.000000000E+00     4.750000000E+00
      535     4.159090909E+01     8.181818182E+00     4.318181818E+00
      536     4.193181818E+01     7.363636364E+00     3.886363636E+00
      537     4.227272727E+01     6.545454545E+00     3.454545455E+00
      538     4.261363636E+01     5.727272727E+00     3.022727273E+00
      539     4.295454545E+01     4.909090909E+00     2.590909091E+00
      540     4.329545455E+01     4.090909091E+00     2.159090909E+00
      541     4.363636364E+01     3.272727273E+00     1.727272727E+00
      542     4.397727273E+01     2.454545455E+00     1.295454545E+00
      543     4.431818182E+01     1.636363636E+00     8.636363636E-01
      544     4.465909091E+01     8.181818182E-01     4.318181818E-01
      545     3.715909091E+01     1.718181818E+01     9.068181818E+00
      546     3.681818182E+01     1.636363636E+01     8.636363636E+00
      547     3.647727273E+01     1.554545455E+01     8.204545455E+00
      548     3.613636364E+01     1.472727273E+01     7.772727273E+00
      549     3.579545455E+01     1.390909091E+01     7.340909091E+00
      550     3.545454545E+01     1.309090909E+01     6.909090909E+00
      551     3.511363636E+01     1.227272727E+01     6.477272727E+00
      552     3.477272727E+01     1.145454545E+01     6.045454545E+00
      553     3.443181818E+01     1.063636364E+01     5.613636364E+00
      554     3.409090909E+01     9.818181818E+00     5.181818182E+00
      555     3.375000000E+01     9.000000000E+00     4.750000000E+00
      556     3.340909091E+01     8.181818182E+00     4.318181818E+00
      557     3.306818182E+01     7.363636364E+00     3.886363636E+00
      558     3.272727273E+01     6.545454545E+00     3.454545455E+00
      559     3.238636364E+01     5.727272727E+00     3.022727273E+00
      560     3.204545455E+01     4.909090909E+00     2.590909091E+00
      561     3.170454545E+01     4.090909091E+00     2.159090909E+00
      562     3.136363636E+01     3.272727273E+00     1.727272727E+00
      563     3.102272727E+01     2.454545455E+00     1.295454545E+00
      564     3.068181818E+01     1.636363636E+00     8.636363636E-01
      565     3.034090909E+01     8.181818182E-01     4.318181818E-01
      566     2.284090909E+01     1.718181818E+01     9.068181818E+00
      567     2.318181818E+01     1.636363636E+01     8.636363636E+00
      568     2.352272727E+01     1.554545455E+01     8.204545455E+00
      569     2.386363636E+01     1.472727273E+01     7.772727273E+00
      570     2.420454545E+01     1.390909091E+01     7.340909091E+00
      571     2.454545455E+01     1.309090909E+01     6.909090909E+00
      572     2.488636364E+01     1.227272727E+01     6.477272727E+00
      573     2.522727273E+01     1.145454545E+01     6.045454545E+00
      574     2.556818182E+01     1.063636364E+01     5.613636364E+00
      575     2.590909091E+01     9.818181818E+00     5.181818182E+00
      576     2.625000000E+01     9.000000000E+00     4.750000000E+00
      577     2.659090909E+01     8.181818182E+00     4.318181818E+00
      578     2.693181818E+01     7.363636364E+00     3.886363636E+00
      579     2.727272727E+01     6.545454545E+00     3.454545455E+00
      580     2.761363636E+01     5.727272727E+00     3.022727273E+00
      581     2.795454545E+01     4.909090909E+00     2.590909091E+00
      582     2.829545455E+01     4.090909091E+00     2.159090909E+00
      583     2.863636364E+01     3.272727273E+00     1.727272727E+00
      584     2.897727273E+01     2.454545455E+00     1.295454545E+00
      585     2.931818182E+01     1.636363636E+00     8.636363636E-01
      586     2.965909091E+01     8.181818182E-01     4.318181818E-01
      587     1.534090909E+01     8.181818182E-01     1.856818182E+01
      588     1.568181818E+01     1.636363636E+00     1.813636364E+01
      589     1.602272727E+01     2.454545455E+00     1.770454545E+01
      590     1.636363636E+01     3.272727273E+00     1.727272727E+01
      591     1.670454545E+01     4.090909091E+00     1.684090909E+01
      592     1.704545455E+01     4.909090909E+00     1.640909091E+01
      593     1.738636364E+01     5.727272727E+00     1.597727273E+01
      594     1.772727273E+01     6.545454545E+00     1.554545455E+01
      595     1.806818182E+01     7.363636364E+00     1.511363636E+01
      596     1.840909091E+01     8.181818182E+00     1.468181818E+01
      597     1.875000000E+01     9.000000000E+00     1.425000000E+01
      598     1.909090909E+01     9.818181818E+00     1.381818182E+01
      599     1.943181818E+01     1.063636364E+01     1.338636364E+01
      600     1.977272727E+01     1.145454545E+01     1.295454545E+01
      601     2.011363636E+01     1.227272727E+01     1.252272727E+01
      602     2.045454545E+01     1.309090909E+01     1.209090909E+01
      603     2.079545455E+01     1.390909091E+01     1.165909091E+01
      604     2.113636364E+01     1.472727273E+01     1.122727273E+01
      605     2.147727273E+01     1.554545455E+01     1.079545455E+01
      606     2.181818182E+01     1.636363636E+01     1.036363636E+01
      607     2.215909091E+01     1.718181818E+01     9.931818182E+00
      608     2.215909091E+01     1.718181818E+01     9.068181818E+00
      609     2.181818182E+01     1.636363636E+01     8.636363636E+00
      610     2.147727273E+01     1.554545455E+01     8.204545455E+00
      611     2.113636364E+01     1.472727273E+01     7.772727273E+00
      612     2.079545455E+01     1.390909091E+01     7.340909091E+00
      613     2.045454545E+01     1.309090909E+01     6.909090909E+00
      614     2.011363636E+01     1.227272727E+01     6.477272727E+00
      615     1.977272727E+01     1.145454545E+01     6.045454545E+00
      616     1.943181818E+01     1.063636364E+01     5.613636364E+00
      617     1.909090909E+01     9.818181818E+00     5.181818182E+00
      618     1.875000000E+01     9.000000000E+00     4.750000000E+00
      619     1.840909091E+01     8.181818182E+00     4.318181818E+00
      620     1.806818182E+01     7.363636364E+00     3.886363636E+00
      621     1.772727273E+01     6.545454545E+00     3.454545455E+00
      622     1.738636364E+01     5.727272727E+00     3.022727273E+00
      623     1.704545455E+01     4.909090909E+00     2.590909091E+00
      624     1.670454545E+01     4.090909091E+00     2.159090909E+00
      625     1.636363636E+01     3.272727273E+00     1.727272727E+00
      626     1.602272727E+01     2.454545455E+00     1.295454545E+00
      627     1.568181818E+01     1.636363636E+00     8.636363636E-01
      628     1.534090909E+01     8.181818182E-01     4.318181818E-01
      629     7.840909091E+00     1.718181818E+01     9.068181818E+00
      630     8.181818182E+00     1.636363636E+01     8.636363636E+00
      631     8.522727273E+00     1.554545455E+01     8.204545455E+00
      632     8.863636364E+00     1.472727273E+01     7.772727273E+00
      633     9.204545455E+00     1.390909091E+01     7.340909091E+00
      634     9.545454545E+00     1.309090909E+01     6.909090909E+00
      635     9.886363636E+00     1.227272727E+01     6.477272727E+00
      636     1.022727273E+01     1.145454545E+01     6.045454545E+00
      637     1.056818182E+01     1.063636364E+01     5.613636364E+00
      638     1.090909091E+01     9.818181818E+00     5.181818182E+00
      639     1.125000000E+01     9.000000000E+00     4.750000000E+00
      640     1.159090909E+01     8.181818182E+00     4.318181818E+00
      641     1.193181818E+01     7.363636364E+00     3.886363636E+00
      642     1.227272727E+01     6.545454545E+00     3.454545455E+00
      643     1.261363636E+01     5.727272727E+00     3.022727273E+00
      644     1.295454545E+01     4.909090909E+00     2.590909091E+00
      645     1.329545455E+01     4.090909091E+00     2.159090909E+00
      646     1.363636364E+01     3.272727273E+00     1.727272727E+00
      647     1.397727273E+01     2.454545455E+00     1.295454545E+00
      648     1.431818182E+01     1.636363636E+00     8.636363636E-01
      649     1.465909091E+01     8.181818182E-01     4.318181818E-01
      650     3.409090909E-01     8.181818182E-01     1.856818182E+01
      651     6.818181818E-01     1.636363636E+00     1.813636364E+01
      652     1.022727273E+00     2.454545455E+00     1.770454545E+01
      653     1.363636364E+00     3.272727273E+00     1.727272727E+01
      654     1.704545455E+00     4.090909091E+00     1.684090909E+01
      655     2.045454545E+00     4.909090909E+00     1.640909091E+01
      656     2.386363636E+00     5.727272727E+00     1.597727273E+01
      657     2.727272727E+00     6.545454545E+00     1.554545455E+01
      658     3.068181818E+00     7.363636364E+00     1.511363636E+01
      659     3.409090909E+00     8.181818182E+00     1.468181818E+01
      660     3.750000000E+00     9.000000000E+00     1.425000000E+01
      661     4.090909091E+00     9.818181818E+00     1.381818182E+01
      662     4.431818182E+00     1.063636364E+01     1.338636364E+01
      663     4.772727273E+00     1.145454545E+01     1.295454545E+01
      664     5.113636364E+00     1.227272727E+01     1.252272727E+01
      665     5.454545455E+00     1.309090909E+01     1.209090909E+01
      666     5.795454545E+00     1.390909091E+01     1.165909091E+01
      667     6.136363636E+00     1.472727273E+01     1.122727273E+01
      668     6.477272727E+00     1.554545455E+01     1.079545455E+01
      669     6.818181818E+00     1.636363636E+01     1.036363636E+01
      670     7.159090909E+00     1.718181818E+01     9.931818182E+00
      671     0.000000000E+00     0.000000000E+00     1.800000000E+01
      672     0.000000000E+00     0.000000000E+00     1.700000000E+01
      673     0.000000000E+00     0.000000000E+00     1.600000000E+01
      674     0.000000000E+00     0.000000000E+00     1.500000000E+01
      675     0.000000000E+00     0.000000000E+00     1.400000000E+01
      676     0.000000000E+00     0.000000000E+00     1.300000000E+01
      677     0.000000000E+00     0.000000000E+00     1.200000000E+01
      678     0.000000000E+00     0.000000000E+00     1.100000000E+01
      679     0.000000000E+00     0.000000000E+00     1.000000000E+01
      680     0.000000000E+00     0.000000000E+00     9.000000000E+00
      681     0.000000000E+00     0.000000000E+00     8.000000000E+00
      682     0.000000000E+00     0.000000000E+00     7.000000000E+00
      683     0.000000000E+00     0.000000000E+00     6.000000000E+00
      684     0.000000000E+00     0.000000000E+00     5.000000000E+00
      685     0.000000000E+00     0.000000000E+00     4.000000000E+00
      686     0.000000000E+00     0.000000000E+00     3.000000000E+00
      687     0.000000000E+00     0.000000000E+00     2.000000000E+00
      688     0.000000000E+00     0.000000000E+00     1.000000000E+00
      689     0.000000000E+00     8.571428571E-01     4.523809524E-01
      690     0.000000000E+00     1.714285714E+00     9.047619048E-01
      691     0.000000000E+00     2.571428571E+00     1.357142857E+00
      692     0.000000000E+00     3.428571429E+00     1.809523810E+00
      693     0.000000000E+00     4.285714286E+00     2.261904762E+00
      694     0.000000000E+00     5.142857143E+00     2.714285714E+00
      695     0.000000000E+00     6.000000000E+00     3.166666667E+00
      696     0.000000000E+00     6.857142857E+00     3.619047619E+00
      697     0.000000000E+00     7.714285714E+00     4.071428571E+00
      698     0.000000000E+00     8.571428571E+00     4.523809524E+00
      699     0.000000000E+00     9.428571429E+00     4.976190476E+00
      700     0.000000000E+00     1.028571429E+01     5.428571429E+00
      701     0.000000000E+00     1.114285714E+01     5.880952381E+00
      702     0.000000000E+00     1.200000000E+01     6.333333333E+00
      703     0.000000000E+00     1.285714286E+01     6.785714286E+00
      704     0.000000000E+00     1.371428571E+01     7.238095238E+00
      705     0.000000000E+00     1.457142857E+01     7.690476190E+00
      706     0.000000000E+00     1.542857143E+01     8.142857143E+00
      707     0.000000000E+00     1.628571429E+01     8.595238095E+00
      708     0.000000000E+00     1.714285714E+01     9.047619048E+00
      709     0.000000000E+00     1.714285714E+01     9.952380952E+00
      710     0.000000000E+00     1.628571429E+01     1.040476190E+01
      711     0.000000000E+00     1.542857143E+01     1.085714286E+01
      712     0.000000000E+00     1.457142857E+01     1.130952381E+01
      713     0.000000000E+00     1.371428571E+01     1.176190476E+01
      714     0.000000000E+00     1.285714286E+01     1.221428571E+01
      715     0.000000000E+00     1.200000000E+01     1.266666667E+01
      716     0.000000000E+00     1.114285714E+01     1.311904762E+01
      717     0.000000000E+00     1.028571429E+01     1.357142857E+01
      718     0.000000000E+00     9.428571429E+00     1.402380952E+01
      719     0.000000000E+00     8.571428571E+00     1.447619048E+01
      720     0.000000000E+00     7.714285714E+00     1.492857143E+01
      721     0.000000000E+00     6.857142857E+00     1.538095238E+01
      722     0.000000000E+00     6.000000000E+00     1.583333333E+01
      723     0.000000000E+00     5.142857143E+00     1.628571429E+01
      724     0.000000000E+00     4.285714286E+00     1.673809524E+01
      725     0.000000000E+00     3.428571429E+00     1.719047619E+01
      726     0.000000000E+00     2.571428571E+00     1.764285714E+01
      727     0.000000000E+00     1.714285714E+00     1.809523810E+01
      728     0.000000000E+00     8.571428571E-01     1.854761905E+01
      729     6.000000000E+01     0.000000000E+00     1.000000000E+00
      730     6.000000000E+01     0.000000000E+00     2.000000000E+00
      731     6.000000000E+01     0.000000000E+00     3.000000000E+00
      732     6.000000000E+01     0.000000000E+00     4.000000000E+00
      733     6.000000000E+01     0.000000000E+00     5.000000000E+00
      734     6.000000000E+01     0.000000000E+00     6.000000000E+00
      735     6.000000000E+01     0.000000000E+00     7.000000000E+00
      736     6.000000000E+01     0.000000000E+00     8.000000000E+00
      737     6.000000000E+01     0.000000000E+00     9.000000000E+00
      738     6.000000000E+01     0.000000000E+00     1.000000000E+01
      739     6.000000000E+01     0.000000000E+00     1.100000000E+01
      740     6.000000000E+01     0.000000000E+00     1.200000000E+01
      741     6.000000000E+01     0.000000000E+00     1.300000000E+01
      742     6.000000000E+01     0.000000000E+00     1.400000000E+01
      743     6.000000000E+01     0.000000000E+00     1.500000000E+01
      744     6.000000000E+01     0.000000000E+00     1.600000000E+01
      745     6.000000000E+01     0.000000000E+00     1.700000000E+01
      746     6.000000000E+01     0.000000000E+00     1.800000000E+01
      747     6.000000000E+01     1.714285714E+01     9.952380952E+00
      748     6.000000000E+01     1.628571429E+01     1.040476190E+01
      749     6.000000000E+01     1.542857143E+01     1.085714286E+01
      750     6.000000000E+01     1.457142857E+01     1.130952381E+01
      751     6.000000000E+01     1.371428571E+01     1.176190476E+01
      752     6.000000000E+01     1.285714286E+01     1.221428571E+01
      753     6.000000000E+01     1.200000000E+01     1.266666667E+01
      754     6.000000000E+01     1.114285714E+01     1.311904762E+01
      755     6.000000000E+01     1.028571429E+01     1.357142857E+01
      756     6.000000000E+01     9.428571429E+00     1.402380952E+01
      757     6.000000000E+01     8.571428571E+00     1.447619048E+01
      758     6.000000000E+01     7.714285714E+00     1.492857143E+01
      759     6.000000000E+01     6.857142857E+00     1.538095238E+01
      760     6.000000000E+01     6.000000000E+00     1.583333333E+01
      761     6.000000000E+01     5.142857143E+00     1.628571429E+01
      762     6.000000000E+01     4.285714286E+00     1.673809524E+01
      763     6.000000000E+01     3.428571429E+00     1.719047619E+01
      764     6.000000000E+01     2.571428571E+00     1.764285714E+01
      765     6.000000000E+01     1.714285714E+00     1.809523810E+01
      766     6.000000000E+01     8.571428571E-01     1.854761905E+01
      767     6.000000000E+01     1.714285714E+01     9.047619048E+00
      768     6.000000000E+01     1.628571429E+01     8.595238095E+00
      769     6.000000000E+01     1.542857143E+01     8.142857143E+00
      770     6.000000000E+01     1.457142857E+01     7.690476190E+00
      771     6.000000000E+01     1.371428571E+01     7.238095238E+00
      772     6.000000000E+01     1.285714286E+01     6.785714286E+00
      773     6.000000000E+01     1.200000000E+01     6.333333333E+00
      774     6.000000000E+01     1.114285714E+01     5.880952381E+00
      775     6.000000000E+01     1.028571429E+01     5.428571429E+00
      776     6.000000000E+01     9.428571429E+00     4.976190476E+00
      777     6.000000000E+01     8.571428571E+00     4.523809524E+00
      778     6.000000000E+01     7.714285714E+00     4.071428571E+00
      779     6.000000000E+01     6.857142857E+00     3.619047619E+00
      780     6.000000000E+01     6.000000000E+00     3.166666667E+00
      781     6.000000000E+01     5.142857143E+00     2.714285714E+00
      782     6.000000000E+01     4.285714286E+00     2.261904762E+00
      783     6.000000000E+01     3.428571429E+00     1.809523810E+00
      784     6.000000000E+01     2.571428571E+00     1.357142857E+00
      785     6.000000000E+01     1.714285714E+00     9.047619048E-01
      786     6.000000000E+01     8.571428571E-01     4.523809524E-01
      787     4.550000000E+01     1.353333333E-14     1.000000000E+00
      788     4.650000000E+01     1.260000000E-14     1.000000000E+00
      789     4.750000000E+01     1.166666667E-14     1.000000000E+00
      790     4.850000000E+01     1.073333333E-14     1.000000000E+00
      791     4.950000000E+01     9.800000000E-15     1.000000000E+00
      792     5.050000000E+01     8.866666667E-15     1.000000000E+00
      793     5.150000000E+01     7.933333333E-15     1.000000000E+00
      794     5.250000000E+01     7.000000000E-15     1.000000000E+00
      795     5.350000000E+01     6.066666667E-15     1.000000000E+00
      796     5.450000000E+01     5.133333333E-15     1.000000000E+00
      797     5.550000000E+01     4.200000000E-15     1.000000000E+00
      798     5.650000000E+01     3.266666667E-15     1.000000000E+00
      799     5.750000000E+01     2.333333333E-15     1.000000000E+00
      800     5.850000000E+01     1.400000000E-15     1.000000000E+00
      801     5.950000000E+01     4.666666667E-16     1.000000000E+00
      802     3.050000000E+01     2.753333333E-14     1.000000000E+00
      803     3.150000000E+01     2.660000000E-14     1.000000000E+00
      804     3.250000000E+01     2.566666667E-14     1.000000000E+00
      805     3.350000000E+01     2.473333333E-14     1.000000000E+00
      806     3.450000000E+01     2.380000000E-14     1.000000000E+00
      807     3.550000000E+01     2.286666667E-14     1.000000000E+00
      808     3.650000000E+01     2.193333333E-14     1.000000000E+00
      809     3.750000000E+01     2.100000000E-14     1.000000000E+00
      810     3.850000000E+01     2.006666667E-14     1.000000000E+00
      811     3.950000000E+01     1.913333333E-14     1.000000000E+00
      812     4.050000000E+01     1.820000000E-14     1.000000000E+00
      813     4.150000000E+01     1.726666667E-14     1.000000000E+00
      814     4.250000000E+01     1.633333333E-14     1.000000000E+00
      815     4.350000000E+01     1.540000000E-14     1.000000000E+00
      816     4.450000000E+01     1.446666667E-14     1.000000000E+00
      817     1.550000000E+01     4.540000000E-14     1.000000000E+00
      818     1.650000000E+01     4.420000000E-14     1.000000000E+00
      819     1.750000000E+01     4.300000000E-14     1.000000000E+00
      820     1.850000000E+01     4.180000000E-14     1.000000000E+00
      821     1.950000000E+01     4.060000000E-14     1.000000000E+00
      822     2.050000000E+01     3.940000000E-14     1.000000000E+00
      823     2.150000000E+01     3.820000000E-14     1.000000000E+00
      824     2.250000000E+01     3.700000000E-14     1.000000000E+00
      825     2.350000000E+01     3.580000000E-14     1.000000000E+00
      826     2.450000000E+01     3.460000000E-14     1.000000000E+00
      827     2.550000000E+01     3.340000000E-14     1.000000000E+00
      828     2.650000000E+01     3.220000000E-14     1.000000000E+00
      829     2.750000000E+01     3.100000000E-14     1.000000000E+00
      830     2.850000000E+01     2.980000000E-14     1.000000000E+00
      831     2.950000000E+01     2.860000000E-14     1.000000000E+00
      832     5.000000000E-01     1.533333333E-15     1.000000000E+00
      833     1.500000000E+00     4.600000000E-15     1.000000000E+00
      834     2.500000000E+00     7.666666667E-15     1.000000000E+00
      835     3.500000000E+00     1.073333333E-14     1.000000000E+00
      836     4.500000000E+00     1.380000000E-14     1.000000000E+00
      837     5.500000000E+00     1.686666667E-14     1.000000000E+00
      838     6.500000000E+00     1.993333333E-14     1.000000000E+00
      839     7.500000000E+00     2.300000000E-14     1.000000000E+00
      840     8.500000000E+00     2.606666667E-14     1.000000000E+00
      841     9.500000000E+00     2.913333333E-14     1.000000000E+00
      842     1.050000000E+01     3.220000000E-14     1.000000000E+00
      843     1.150000000E+01     3.526666667E-14     1.000000000E+00
      844     1.250000000E+01     3.833333333E-14     1.000000000E+00
      845     1.350000000E+01     4.140000000E-14     1.000000000E+00
      846     1.450000000E+01     4.446666667E-14     1.000000000E+00
      847     5.950000000E+01     3.333333333E-16     2.000000000E+01
      848     5.850000000E+01     1.000000000E-15     2.000000000E+01
      849     5.750000000E+01     1.666666667E-15     2.000000000E+01
      850     5.650000000E+01     2.333333333E-15     2.000000000E+01
      851     5.550000000E+01     3.000000000E-15     2.000000000E+01
      852     5.450000000E+01     3.666666667E-15     2.000000000E+01
      853     5.350000000E+01     4.333333333E-15     2.000000000E+01
      854     5.250000000E+01     5.000000000E-15     2.000000000E+01
      855     5.150000000E+01     5.666666667E-15     2.000000000E+01
      856     5.050000000E+01     6.333333333E-15     2.000000000E+01
      857     4.950000000E+01     7.000000000E-15     2.000000000E+01
      858     4.850000000E+01     7.666666667E-15     2.000000000E+01
      859     4.750000000E+01     8.333333333E-15     2.000000000E+01
      860     4.650000000E+01     9.000000000E-15     2.000000000E+01
      861     4.550000000E+01     9.666666667E-15     2.000000000E+01
      862     3.050000000E+01     5.166666667E-15     2.000000000E+01
      863     3.150000000E+01     5.500000000E-15     2.000000000E+01
      864     3.250000000E+01     5.833333333E-15     2.000000000E+01
      865     3.350000000E+01     6.166666667E-15     2.000000000E+01
      866     3.450000000E+01     6.500000000E-15     2.000000000E+01
      867     3.550000000E+01     6.833333333E-15     2.000000000E+01
      868     3.650000000E+01     7.166666667E-15     2.000000000E+01
      869     3.750000000E+01     7.500000000E-15     2.000000000E+01
      870     3.850000000E+01     7.833333333E-15     2.000000000E+01
      871     3.950000000E+01     8.166666667E-15     2.000000000E+01
      872     4.050000000E+01     8.500000000E-15     2.000000000E+01
      873     4.150000000E+01     8.833333333E-15     2.000000000E+01
      874     4.250000000E+01     9.166666667E-15     2.000000000E+01
      875     4.350000000E+01     9.500000000E-15     2.000000000E+01
      876     4.450000000E+01     9.833333333E-15     2.000000000E+01
      877     2.950000000E+01     4.900000000E-15     2.000000000E+01
      878     2.850000000E+01     4.700000000E-15     2.000000000E+01
      879     2.750000000E+01     4.500000000E-15     2.000000000E+01
      880     2.650000000E+01     4.300000000E-15     2.000000000E+01
      881     2.550000000E+01     4.100000000E-15     2.000000000E+01
      882     2.450000000E+01     3.900000000E-15     2.000000000E+01
      883     2.350000000E+01     3.700000000E-15     2.000000000E+01
      884     2.250000000E+01     3.500000000E-15     2.000000000E+01
      885     2.150000000E+01     3.300000000E-15     2.000000000E+01
      886     2.050000000E+01     3.100000000E-15     2.000000000E+01
      887     1.950000000E+01     2.900000000E-15     2.000000000E+01
      888     1.850000000E+01     2.700000000E-15     2.000000000E+01
      889     1.750000000E+01     2.500000000E-15     2.000000000E+01
      890     1.650000000E+01     2.300000000E-15     2.000000000E+01
      891     1.550000000E+01     2.100000000E-15     2.000000000E+01
      892     5.000000000E-01     6.666666667E-17     2.000000000E+01
      893     1.500000000E+00     2.000000000E-16     2.000000000E+01
      894     2.500000000E+00     3.333333333E-16     2.000000000E+01
      895     3.500000000E+00     4.666666667E-16     2.000000000E+01
      896     4.500000000E+00     6.000000000E-16     2.000000000E+01
      897     5.500000000E+00     7.333333333E-16     2.000000000E+01
      898     6.500000000E+00     8.666666667E-16     2.000000000E+01
      899     7.500000000E+00     1.000000000E-15     2.000000000E+01
      900     8.500000000E+00     1.133333333E-15     2.000000000E+01
      901     9.500000000E+00     1.266666667E-15     2.000000000E+01
      902     1.050000000E+01     1.400000000E-15     2.000000000E+01
      903     1.150000000E+01     1.533333333E-15     2.000000000E+01
      904     1.250000000E+01     1.666666667E-15     2.000000000E+01
      905     1.350000000E+01     1.800000000E-15     2.000000000E+01
      906     1.450000000E+01     1.933333333E-15     2.000000000E+01
      907     3.000000000E+01     1.000000000E+00     1.850000000E+01
      908     3.000000000E+01     1.000000000E+00     1.750000000E+01
      909     3.000000000E+01     1.000000000E+00     1.650000000E+01
      910     3.000000000E+01     1.000000000E+00     1.550000000E+01
      911     3.000000000E+01     1.000000000E+00     1.450000000E+01
      912     3.000000000E+01     1.000000000E+00     1.350000000E+01
      913     3.000000000E+01     1.000000000E+00     1.250000000E+01
      914     3.000000000E+01     1.000000000E+00     1.150000000E+01
      915     3.000000000E+01     1.000000000E+00     1.050000000E+01
      916     3.000000000E+01     1.000000000E+00     9.500000000E+00
      917     3.000000000E+01     1.000000000E+00     8.500000000E+00
      918     3.000000000E+01     1.000000000E+00     7.500000000E+00
      919     3.000000000E+01     1.000000000E+00     6.500000000E+00
      920     3.000000000E+01     1.000000000E+00     5.500000000E+00
      921     3.000000000E+01     1.000000000E+00     4.500000000E+00
      922     3.000000000E+01     1.000000000E+00     3.500000000E+00
      923     3.000000000E+01     1.000000000E+00     2.500000000E+00
      924     3.000000000E+01     1.000000000E+00     1.500000000E+00
      925     3.000000000E+01     1.000000000E+00     5.000000000E-01
      926     5.894000000E+01     2.800000000E-16     1.922000000E+01
      927     5.834000000E+01     8.400000000E-16     1.846000000E+01
      928     5.774000000E+01     1.400000000E-15     1.770000000E+01
      929     5.714000000E+01     1.960000000E-15     1.694000000E+01
      930     5.654000000E+01     2.520000000E-15     1.618000000E+01
      931     5.594000000E+01     3.080000000E-15     1.542000000E+01
      932     5.534000000E+01     3.640000000E-15     1.466000000E+01
      933     5.474000000E+01     4.200000000E-15     1.390000000E+01
      934     5.414000000E+01     4.760000000E-15     1.314000000E+01
      935     5.354000000E+01     5.320000000E-15     1.238000000E+01
      936     5.294000000E+01     5.880000000E-15     1.162000000E+01
      937     5.234000000E+01     6.440000000E-15     1.086000000E+01
      938     5.174000000E+01     7.000000000E-15     1.010000000E+01
      939     5.114000000E+01     7.560000000E-15     9.340000000E+00
      940     5.054000000E+01     8.120000000E-15     8.580000000E+00
      941     4.994000000E+01     8.680000000E-15     7.820000000E+00
      942     4.934000000E+01     9.240000000E-15     7.060000000E+00
      943     4.874000000E+01     9.800000000E-15     6.300000000E+00
      944     4.814000000E+01     1.036000000E-14     5.540000000E+00
      945     4.754000000E+01     1.092000000E-14     4.780000000E+00
      946     4.694000000E+01     1.148000000E-14     4.020000000E+00
      947     4.634000000E+01     1.204000000E-14     3.260000000E+00
      948     4.574000000E+01     1.260000000E-14     2.500000000E+00
      949     4.514000000E+01     1.316000000E-14     1.740000000E+00
      950     4.454000000E+01     1.372000000E-14     9.800000000E-01
      951     4.500000000E+01     1.000000000E+00     1.850000000E+01
      952     4.500000000E+01     1.000000000E+00     1.750000000E+01
      953     4.500000000E+01     1.000000000E+00     1.650000000E+01
      954     4.500000000E+01     1.000000000E+00     1.550000000E+01
      955     4.500000000E+01     1.000000000E+00     1.450000000E+01
      956     4.500000000E+01     1.000000000E+00     1.350000000E+01
      957     4.500000000E+01     1.000000000E+00     1.250000000E+01
      958     4.500000000E+01     1.000000000E+00     1.150000000E+01
      959     4.500000000E+01     1.000000000E+00     1.050000000E+01
      960     4.500000000E+01     1.000000000E+00     9.500000000E+00
      961     4.500000000E+01     1.000000000E+00     8.500000000E+00
      962     4.500000000E+01     1.000000000E+00     7.500000000E+00
      963     4.500000000E+01     1.000000000E+00     6.500000000E+00
      964     4.500000000E+01     1.000000000E+00     5.500000000E+00
      965     4.500000000E+01     1.000000000E+00     4.500000000E+00
      966     4.500000000E+01     1.000000000E+00     3.500000000E+00
      967     4.500000000E+01     1.000000000E+00     2.500000000E+00
      968     4.500000000E+01     1.000000000E+00     1.500000000E+00
      969     4.500000000E+01     1.000000000E+00     5.000000000E-01
      970     4.394000000E+01     1.036000000E-14     1.922000000E+01
      971     4.334000000E+01     1.108000000E-14     1.846000000E+01
      972     4.274000000E+01     1.180000000E-14     1.770000000E+01
      973     4.214000000E+01     1.252000000E-14     1.694000000E+01
      974     4.154000000E+01     1.324000000E-14     1.618000000E+01
      975     4.094000000E+01     1.396000000E-14     1.542000000E+01
      976     4.034000000E+01     1.468000000E-14     1.466000000E+01
      977     3.974000000E+01     1.540000000E-14     1.390000000E+01
      978     3.914000000E+01     1.612000000E-14     1.314000000E+01
      979     3.854000000E+01     1.684000000E-14     1.238000000E+01
      980     3.794000000E+01     1.756000000E-14     1.162000000E+01
      981     3.734000000E+01     1.828000000E-14     1.086000000E+01
      982     3.674000000E+01     1.900000000E-14     1.010000000E+01
      983     3.614000000E+01     1.972000000E-14     9.340000000E+00
      984     3.554000000E+01     2.044000000E-14     8.580000000E+00
      985     3.494000000E+01     2.116000000E-14     7.820000000E+00
      986     3.434000000E+01     2.188000000E-14     7.060000000E+00
      987     3.374000000E+01     2.260000000E-14     6.300000000E+00
      988     3.314000000E+01     2.332000000E-14     5.540000000E+00
      989     3.254000000E+01     2.404000000E-14     4.780000000E+00
      990     3.194000000E+01     2.476000000E-14     4.020000000E+00
      991     3.134000000E+01     2.548000000E-14     3.260000000E+00
      992     3.074000000E+01     2.620000000E-14     2.500000000E+00
      993     3.014000000E+01     2.692000000E-14     1.740000000E+00
      994     2.954000000E+01     2.764000000E-14     9.800000000E-01
      995     1.606000000E+01     2.520000000E-15     1.922000000E+01
      996     1.666000000E+01     3.560000000E-15     1.846000000E+01
      997     1.726000000E+01     4.600000000E-15     1.770000000E+01
      998     1.786000000E+01     5.640000000E-15     1.694000000E+01
      999     1.846000000E+01     6.680000000E-15     1.618000000E+01
     1000     1.906000000E+01     7.720000000E-15     1.542000000E+01
     1001     1.966000000E+01     8.760000000E-15     1.466000000E+01
     1002     2.026000000E+01     9.800000000E-15     1.390000000E+01
     1003     2.086000000E+01     1.084000000E-14     1.314000000E+01
     1004     2.146000000E+01     1.188000000E-14     1.238000000E+01
     1005     2.206000000E+01     1.292000000E-14     1.162000000E+01
     1006     2.266000000E+01     1.396000000E-14     1.086000000E+01
     1007     2.326000000E+01     1.500000000E-14     1.010000000E+01
     1008     2.386000000E+01     1.604000000E-14     9.340000000E+00
     1009     2.446000000E+01     1.708000000E-14     8.580000000E+00
     1010     2.506000000E+01     1.812000000E-14     7.820000000E+00
     1011     2.566000000E+01     1.916000000E-14     7.060000000E+00
     1012     2.626000000E+01     2.020000000E-14     6.300000000E+00
     1013     2.686000000E+01     2.124000000E-14     5.540000000E+00
     1014     2.746000000E+01     2.228000000E-14     4.780000000E+00
     1015     2.806000000E+01     2.332000000E-14     4.020000000E+00
     1016     2.866000000E+01     2.436000000E-14     3.260000000E+00
     1017     2.926000000E+01     2.540000000E-14     2.500000000E+00
     1018     2.986000000E+01     2.644000000E-14     1.740000000E+00
     1019     3.046000000E+01     2.748000000E-14     9.800000000E-01
     1020     1.500000000E+01     1.000000000E+00     1.850000000E+01
     1021     1.500000000E+01     1.000000000E+00     1.750000000E+01
     1022     1.500000000E+01     1.000000000E+00     1.650000000E+01
     1023     1.500000000E+01     1.000000000E+00     1.550000000E+01
     1024     1.500000000E+01     1.000000000E+00     1.450000000E+01
     1025     1.500000000E+01     1.000000000E+00     1.350000000E+01
     1026     1.500000000E+01     1.000000000E+00     1.250000000E+01
     1027     1.500000000E+01     1.000000000E+00     1.150000000E+01
     1028     1.500000000E+01     1.000000000E+00     1.050000000E+01
     1029     1.500000000E+01     1.000000000E+00     9.500000000E+00
     1030     1.500000000E+01     1.000000000E+00     8.500000000E+00
     1031     1.500000000E+01     1.000000000E+00     7.500000000E+00
     1032     1.500000000E+01     1.000000000E+00     6.500000000E+00
     1033     1.500000000E+01     1.000000000E+00     5.500000000E+00
     1034     1.500000000E+01     1.000000000E+00     4.500000000E+00
     1035     1.500000000E+01     1.000000000E+00     3.500000000E+00
     1036     1.500000000E+01     1.000000000E+00     2.500000000E+00
     1037     1.500000000E+01     1.000000000E+00     1.500000000E+00
     1038     1.500000000E+01     1.000000000E+00     5.000000000E-01
     1039     1.060000000E+00     9.200000000E-16     1.922000000E+01
     1040     1.660000000E+00     2.760000000E-15     1.846000000E+01
     1041     2.260000000E+00     4.600000000E-15     1.770000000E+01
     1042     2.860000000E+00     6.440000000E-15     1.694000000E+01
     1043     3.460000000E+00     8.280000000E-15     1.618000000E+01
     1044     4.060000000E+00     1.012000000E-14     1.542000000E+01
     1045     4.660000000E+00     1.196000000E-14     1.466000000E+01
     1046     5.260000000E+00     1.380000000E-14     1.390000000E+01
     1047     5.860000000E+00     1.564000000E-14     1.314000000E+01
     1048     6.460000000E+00     1.748000000E-14     1.238000000E+01
     1049     7.060000000E+00     1.932000000E-14     1.162000000E+01
     1050     7.660000000E+00     2.116000000E-14     1.086000000E+01
     1051     8.260000000E+00     2.300000000E-14     1.010000000E+01
     1052     8.860000000E+00     2.484000000E-14     9.340000000E+00
     1053     9.460000000E+00     2.668000000E-14     8.580000000E+00
     1054     1.006000000E+01     2.852000000E-14     7.820000000E+00
     1055     1.066000000E+01     3.036000000E-14     7.060000000E+00
     1056     1.126000000E+01     3.220000000E-14     6.300000000E+00
     1057     1.186000000E+01     3.404000000E-14     5.540000000E+00
     1058     1.246000000E+01     3.588000000E-14     4.780000000E+00
     1059     1.306000000E+01     3.772000000E-14     4.020000000E+00
     1060     1.366000000E+01     3.956000000E-14     3.260000000E+00
     1061     1.426000000E+01     4.140000000E-14     2.500000000E+00
     1062     1.486000000E+01     4.324000000E-14     1.740000000E+00
     1063     1.546000000E+01     4.508000000E-14     9.800000000E-01
     1064     5.296875000E+01     1.800000000E+01     1.043750000E+01
     1065     5.390625000E+01     1.800000000E+01     1.043750000E+01
     1066     5.484375000E+01     1.800000000E+01     1.043750000E+01
     1067     5.578125000E+01     1.800000000E+01     1.043750000E+01
     1068     5.671875000E+01     1.800000000E+01     1.043750000E+01
     1069     5.765625000E+01     1.800000000E+01     1.043750000E+01
     1070     5.859375000E+01     1.800000000E+01     1.043750000E+01
     1071     5.953125000E+01     1.800000000E+01     1.043750000E+01
     1072     3.800000000E+01     1.800000000E+01     1.050000000E+01
     1073     3.900000000E+01     1.800000000E+01     1.050000000E+01
     1074     4.000000000E+01     1.800000000E+01     1.050000000E+01
     1075     4.100000000E+01     1.800000000E+01     1.050000000E+01
     1076     4.200000000E+01     1.800000000E+01     1.050000000E+01
     1077     4.300000000E+01     1.800000000E+01     1.050000000E+01
     1078     4.400000000E+01     1.800000000E+01     1.050000000E+01
     1079     4.500000000E+01     1.800000000E+01     1.050000000E+01
     1080     4.600000000E+01     1.800000000E+01     1.050000000E+01
     1081     4.700000000E+01     1.800000000E+01     1.050000000E+01
     1082     4.800000000E+01     1.800000000E+01     1.050000000E+01
     1083     4.900000000E+01     1.800000000E+01     1.050000000E+01
     1084     5.000000000E+01     1.800000000E+01     1.050000000E+01
     1085     5.100000000E+01     1.800000000E+01     1.050000000E+01
     1086     5.200000000E+01     1.800000000E+01     1.050000000E+01
     1087     2.300000000E+01     1.800000000E+01     1.050000000E+01
     1088     2.400000000E+01     1.800000000E+01     1.050000000E+01
     1089     2.500000000E+01     1.800000000E+01     1.050000000E+01
     1090     2.600000000E+01     1.800000000E+01     1.050000000E+01
     1091     2.700000000E+01     1.800000000E+01     1.050000000E+01
     1092     2.800000000E+01     1.800000000E+01     1.050000000E+01
     1093     2.900000000E+01     1.800000000E+01     1.050000000E+01
     1094     3.000000000E+01     1.800000000E+01     1.050000000E+01
     1095     3.100000000E+01     1.800000000E+01     1.050000000E+01
     1096     3.200000000E+01     1.800000000E+01     1.050000000E+01
     1097     3.300000000E+01     1.800000000E+01     1.050000000E+01
     1098     3.400000000E+01     1.800000000E+01     1.050000000E+01
     1099     3.500000000E+01     1.800000000E+01     1.050000000E+01
     1100     3.600000000E+01     1.800000000E+01     1.050000000E+01
     1101     3.700000000E+01     1.800000000E+01     1.050000000E+01
     1102     8.000000000E+00     1.800000000E+01     1.050000000E+01
     1103     9.000000000E+00     1.800000000E+01     1.050000000E+01
     1104     1.000000000E+01     1.800000000E+01     1.050000000E+01
     1105     1.100000000E+01     1.800000000E+01     1.050000000E+01
     1106     1.200000000E+01     1.800000000E+01     1.050000000E+01
     1107     1.300000000E+01     1.800000000E+01     1.050000000E+01
     1108     1.400000000E+01     1.800000000E+01     1.050000000E+01
     1109     1.500000000E+01     1.800000000E+01     1.050000000E+01
     1110     1.600000000E+01     1.800000000E+01     1.050000000E+01
     1111     1.700000000E+01     1.800000000E+01     1.050000000E+01
     1112     1.800000000E+01     1.800000000E+01     1.050000000E+01
     1113     1.900000000E+01     1.800000000E+01     1.050000000E+01
     1114     2.000000000E+01     1.800000000E+01     1.050000000E+01
     1115     2.100000000E+01     1.800000000E+01     1.050000000E+01
     1116     2.200000000E+01     1.800000000E+01     1.050000000E+01
     1117     4.687500000E-01     1.800000000E+01     1.043750000E+01
     1118     1.406250000E+00     1.800000000E+01     1.043750000E+01
     1119     2.343750000E+00     1.800000000E+01     1.043750000E+01
     1120     3.281250000E+00     1.800000000E+01     1.043750000E+01
     1121     4.218750000E+00     1.800000000E+01     1.043750000E+01
     1122     5.156250000E+00     1.800000000E+01     1.043750000E+01
     1123     6.093750000E+00     1.800000000E+01     1.043750000E+01
     1124     7.031250000E+00     1.800000000E+01     1.043750000E+01
     1125     7.504370629E+00     1.798951049E+01     1.060227273E+01
     1126     7.845279720E+00     1.717132867E+01     1.103409091E+01
     1127     8.186188811E+00     1.635314685E+01     1.146590909E+01
     1128     8.527097902E+00     1.553496503E+01     1.189772727E+01
     1129     8.868006993E+00     1.471678322E+01     1.232954545E+01
     1130     9.208916084E+00     1.389860140E+01     1.276136364E+01
     1131     9.549825175E+00     1.308041958E+01     1.319318182E+01
     1132     9.890734266E+00     1.226223776E+01     1.362500000E+01
     1133     1.023164336E+01     1.144405594E+01     1.405681818E+01
     1134     1.057255245E+01     1.062587413E+01     1.448863636E+01
     1135     1.091346154E+01     9.807692308E+00     1.492045455E+01
     1136     1.125437063E+01     8.989510490E+00     1.535227273E+01
     1137     1.159527972E+01     8.171328671E+00     1.578409091E+01
     1138     1.193618881E+01     7.353146853E+00     1.621590909E+01
     1139     1.227709790E+01     6.534965035E+00     1.664772727E+01
     1140     1.261800699E+01     5.716783217E+00     1.707954545E+01
     1141     1.295891608E+01     4.898601399E+00     1.751136364E+01
     1142     1.329982517E+01     4.080419580E+00     1.794318182E+01
     1143     1.364073427E+01     3.262237762E+00     1.837500000E+01
     1144     1.398164336E+01     2.444055944E+00     1.880681818E+01
     1145     1.432255245E+01     1.625874126E+00     1.923863636E+01
     1146     1.466346154E+01     8.076923077E-01     1.967045455E+01
     1147     7.163461538E+00     1.719230769E+01     1.017045455E+01
     1148     6.822552448E+00     1.637412587E+01     9.738636364E+00
     1149     6.481643357E+00     1.555594406E+01     9.306818182E+00
     1150     6.140734266E+00     1.473776224E+01     8.875000000E+00
     1151     5.799825175E+00     1.391958042E+01     8.443181818E+00
     1152     5.458916084E+00     1.310139860E+01     8.011363636E+00
     1153     5.118006993E+00     1.228321678E+01     7.579545455E+00
     1154     4.777097902E+00     1.146503497E+01     7.147727273E+00
     1155     4.436188811E+00     1.064685315E+01     6.715909091E+00
     1156     4.095279720E+00     9.828671329E+00     6.284090909E+00
     1157     3.754370629E+00     9.010489510E+00     5.852272727E+00
     1158     3.413461538E+00     8.192307692E+00     5.420454545E+00
     1159     3.072552448E+00     7.374125874E+00     4.988636364E+00
     1160     2.731643357E+00     6.555944056E+00     4.556818182E+00
     1161     2.390734266E+00     5.737762238E+00     4.125000000E+00
     1162     2.049825175E+00     4.919580420E+00     3.693181818E+00
     1163     1.708916084E+00     4.101398601E+00     3.261363636E+00
     1164     1.368006993E+00     3.283216783E+00     2.829545455E+00
     1165     1.027097902E+00     2.465034965E+00     2.397727273E+00
     1166     6.861888112E-01     1.646853147E+00     1.965909091E+00
     1167     3.452797203E-01     8.286713287E-01     1.534090909E+00
     1168     4.370629371E-03     1.048951049E-02     1.102272727E+00
     1169     2.250437063E+01     1.798951049E+01     1.060227273E+01
     1170     2.284527972E+01     1.717132867E+01     1.103409091E+01
     1171     2.318618881E+01     1.635314685E+01     1.146590909E+01
     1172     2.352709790E+01     1.553496503E+01     1.189772727E+01
     1173     2.386800699E+01     1.471678322E+01     1.232954545E+01
     1174     2.420891608E+01     1.389860140E+01     1.276136364E+01
     1175     2.454982517E+01     1.308041958E+01     1.319318182E+01
     1176     2.489073427E+01     1.226223776E+01     1.362500000E+01
     1177     2.523164336E+01     1.144405594E+01     1.405681818E+01
     1178     2.557255245E+01     1.062587413E+01     1.448863636E+01
     1179     2.591346154E+01     9.807692308E+00     1.492045455E+01
     1180     2.625437063E+01     8.989510490E+00     1.535227273E+01
     1181     2.659527972E+01     8.171328671E+00     1.578409091E+01
     1182     2.693618881E+01     7.353146853E+00     1.621590909E+01
     1183     2.727709790E+01     6.534965035E+00     1.664772727E+01
     1184     2.761800699E+01     5.716783217E+00     1.707954545E+01
     1185     2.795891608E+01     4.898601399E+00     1.751136364E+01
     1186     2.829982517E+01     4.080419580E+00     1.794318182E+01
     1187     2.864073427E+01     3.262237762E+00     1.837500000E+01
     1188     2.898164336E+01     2.444055944E+00     1.880681818E+01
     1189     2.932255245E+01     1.625874126E+00     1.923863636E+01
     1190     2.966346154E+01     8.076923077E-01     1.967045455E+01
     1191     3.033653846E+01     8.076923077E-01     1.967045455E+01
     1192     3.067744755E+01     1.625874126E+00     1.923863636E+01
     1193     3.101835664E+01     2.444055944E+00     1.880681818E+01
     1194     3.135926573E+01     3.262237762E+00     1.837500000E+01
     1195     3.170017483E+01     4.080419580E+00     1.794318182E+01
     1196     3.204108392E+01     4.898601399E+00     1.751136364E+01
     1197     3.238199301E+01     5.716783217E+00     1.707954545E+01
     1198     3.272290210E+01     6.534965035E+00     1.664772727E+01
     1199     3.306381119E+01     7.353146853E+00     1.621590909E+01
     1200     3.340472028E+01     8.171328671E+00     1.578409091E+01
     1201     3.374562937E+01     8.989510490E+00     1.535227273E+01
     1202     3.408653846E+01     9.807692308E+00     1.492045455E+01
     1203     3.442744755E+01     1.062587413E+01     1.448863636E+01
     1204     3.476835664E+01     1.144405594E+01     1.405681818E+01
     1205     3.510926573E+01     1.226223776E+01     1.362500000E+01
     1206     3.545017483E+01     1.308041958E+01     1.319318182E+01
     1207     3.579108392E+01     1.389860140E+01     1.276136364E+01
     1208     3.613199301E+01     1.471678322E+01     1.232954545E+01
     1209     3.647290210E+01     1.553496503E+01     1.189772727E+01
     1210     3.681381119E+01     1.635314685E+01     1.146590909E+01
     1211     3.715472028E+01     1.717132867E+01     1.103409091E+01
     1212     3.749562937E+01     1.798951049E+01     1.060227273E+01
     1213     3.750437063E+01     1.798951049E+01     1.060227273E+01
     1214     3.784527972E+01     1.717132867E+01     1.103409091E+01
     1215     3.818618881E+01     1.635314685E+01     1.146590909E+01
     1216     3.852709790E+01     1.553496503E+01     1.189772727E+01
     1217     3.886800699E+01     1.471678322E+01     1.232954545E+01
     1218     3.920891608E+01     1.389860140E+01     1.276136364E+01
     1219     3.954982517E+01     1.308041958E+01     1.319318182E+01
     1220     3.989073427E+01     1.226223776E+01     1.362500000E+01
     1221     4.023164336E+01     1.144405594E+01     1.405681818E+01
     1222     4.057255245E+01     1.062587413E+01     1.448863636E+01
     1223     4.091346154E+01     9.807692308E+00     1.492045455E+01
     1224     4.125437063E+01     8.989510490E+00     1.535227273E+01
     1225     4.159527972E+01     8.171328671E+00     1.578409091E+01
     1226     4.193618881E+01     7.353146853E+00     1.621590909E+01
     1227     4.227709790E+01     6.534965035E+00     1.664772727E+01
     1228     4.261800699E+01     5.716783217E+00     1.707954545E+01
     1229     4.295891608E+01     4.898601399E+00     1.751136364E+01
     1230     4.329982517E+01     4.080419580E+00     1.794318182E+01
     1231     4.364073427E+01     3.262237762E+00     1.837500000E+01
     1232     4.398164336E+01     2.444055944E+00     1.880681818E+01
     1233     4.432255245E+01     1.625874126E+00     1.923863636E+01
     1234     4.466346154E+01     8.076923077E-01     1.967045455E+01
     1235     4.533653846E+01     8.076923077E-01     1.967045455E+01
     1236     4.567744755E+01     1.625874126E+00     1.923863636E+01
     1237     4.601835664E+01     2.444055944E+00     1.880681818E+01
     1238     4.635926573E+01     3.262237762E+00     1.837500000E+01
     1239     4.670017483E+01     4.080419580E+00     1.794318182E+01
     1240     4.704108392E+01     4.898601399E+00     1.751136364E+01
     1241     4.738199301E+01     5.716783217E+00     1.707954545E+01
     1242     4.772290210E+01     6.534965035E+00     1.664772727E+01
     1243     4.806381119E+01     7.353146853E+00     1.621590909E+01
     1244     4.840472028E+01     8.171328671E+00     1.578409091E+01
     1245     4.874562937E+01     8.989510490E+00     1.535227273E+01
     1246     4.908653846E+01     9.807692308E+00     1.492045455E+01
     1247     4.942744755E+01     1.062587413E+01     1.448863636E+01
     1248     4.976835664E+01     1.144405594E+01     1.405681818E+01
     1249     5.010926573E+01     1.226223776E+01     1.362500000E+01
     1250     5.045017483E+01     1.308041958E+01     1.319318182E+01
     1251     5.079108392E+01     1.389860140E+01     1.276136364E+01
     1252     5.113199301E+01     1.471678322E+01     1.232954545E+01
     1253     5.147290210E+01     1.553496503E+01     1.189772727E+01
     1254     5.181381119E+01     1.635314685E+01     1.146590909E+01
     1255     5.215472028E+01     1.717132867E+01     1.103409091E+01
     1256     5.249562937E+01     1.798951049E+01     1.060227273E+01
     1257     5.250437063E+01     1.798951049E+01     1.060227273E+01
     1258     5.284527972E+01     1.717132867E+01     1.103409091E+01
     1259     5.318618881E+01     1.635314685E+01     1.146590909E+01
     1260     5.352709790E+01     1.553496503E+01     1.189772727E+01
     1261     5.386800699E+01     1.471678322E+01     1.232954545E+01
     1262     5.420891608E+01     1.389860140E+01     1.276136364E+01
     1263     5.454982517E+01     1.308041958E+01     1.319318182E+01
     1264     5.489073427E+01     1.226223776E+01     1.362500000E+01
     1265     5.523164336E+01     1.144405594E+01     1.405681818E+01
     1266     5.557255245E+01     1.062587413E+01     1.448863636E+01
     1267     5.591346154E+01     9.807692308E+00     1.492045455E+01
     1268     5.625437063E+01     8.989510490E+00     1.535227273E+01
     1269     5.659527972E+01     8.171328671E+00     1.578409091E+01
     1270     5.693618881E+01     7.353146853E+00     1.621590909E+01
     1271     5.727709790E+01     6.534965035E+00     1.664772727E+01
     1272     5.761800699E+01     5.716783217E+00     1.707954545E+01
     1273     5.795891608E+01     4.898601399E+00     1.751136364E+01
     1274     5.829982517E+01     4.080419580E+00     1.794318182E+01
     1275     5.864073427E+01     3.262237762E+00     1.837500000E+01
     1276     5.898164336E+01     2.444055944E+00     1.880681818E+01
     1277     5.932255245E+01     1.625874126E+00     1.923863636E+01
     1278     5.966346154E+01     8.076923077E-01     1.967045455E+01
     1279     5.283653846E+01     1.719230769E+01     1.017045455E+01
     1280     5.317744755E+01     1.637412587E+01     9.738636364E+00
     1281     5.351835664E+01     1.555594406E+01     9.306818182E+00
     1282     5.385926573E+01     1.473776224E+01     8.875000000E+00
     1283     5.420017483E+01     1.391958042E+01     8.443181818E+00
     1284     5.454108392E+01     1.310139860E+01     8.011363636E+00
     1285     5.488199301E+01     1.228321678E+01     7.579545455E+00
     1286     5.522290210E+01     1.146503497E+01     7.147727273E+00
     1287     5.556381119E+01     1.064685315E+01     6.715909091E+00
     1288     5.590472028E+01     9.828671329E+00     6.284090909E+00
     1289     5.624562937E+01     9.010489510E+00     5.852272727E+00
     1290     5.658653846E+01     8.192307692E+00     5.420454545E+00
     1291     5.692744755E+01     7.374125874E+00     4.988636364E+00
     1292     5.726835664E+01     6.555944056E+00     4.556818182E+00
     1293     5.760926573E+01     5.737762238E+00     4.125000000E+00
     1294     5.795017483E+01     4.919580420E+00     3.693181818E+00
     1295     5.829108392E+01     4.101398601E+00     3.261363636E+00
     1296     5.863199301E+01     3.283216783E+00     2.829545455E+00
     1297     5.897290210E+01     2.465034965E+00     2.397727273E+00
     1298     5.931381119E+01     1.646853147E+00     1.965909091E+00
     1299     5.965472028E+01     8.286713287E-01     1.534090909E+00
     1300     5.999562937E+01     1.048951049E-02     1.102272727E+00
     1301     5.216346154E+01     1.719230769E+01     1.017045455E+01
     1302     5.182255245E+01     1.637412587E+01     9.738636364E+00
     1303     5.148164336E+01     1.555594406E+01     9.306818182E+00
     1304     5.114073427E+01     1.473776224E+01     8.875000000E+00
     1305     5.079982517E+01     1.391958042E+01     8.443181818E+00
     1306     5.045891608E+01     1.310139860E+01     8.011363636E+00
     1307     5.011800699E+01     1.228321678E+01     7.579545455E+00
     1308     4.977709790E+01     1.146503497E+01     7.147727273E+00
     1309     4.943618881E+01     1.064685315E+01     6.715909091E+00
     1310     4.909527972E+01     9.828671329E+00     6.284090909E+00
     1311     4.875437063E+01     9.010489510E+00     5.852272727E+00
     1312     4.841346154E+01     8.192307692E+00     5.420454545E+00
     1313     4.807255245E+01     7.374125874E+00     4.988636364E+00
     1314     4.773164336E+01     6.555944056E+00     4.556818182E+00
     1315     4.739073427E+01     5.737762238E+00     4.125000000E+00
     1316     4.704982517E+01     4.919580420E+00     3.693181818E+00
     1317     4.670891608E+01     4.101398601E+00     3.261363636E+00
     1318     4.636800699E+01     3.283216783E+00     2.829545455E+00
     1319     4.602709790E+01     2.465034965E+00     2.397727273E+00
     1320     4.568618881E+01     1.646853147E+00     1.965909091E+00
     1321     4.534527972E+01     8.286713287E-01     1.534090909E+00
     1322     4.500437063E+01     1.048951049E-02     1.102272727E+00
     1323     3.783653846E+01     1.719230769E+01     1.017045455E+01
     1324     3.817744755E+01     1.637412587E+01     9.738636364E+00
     1325     3.851835664E+01     1.555594406E+01     9.306818182E+00
     1326     3.885926573E+01     1.473776224E+01     8.875000000E+00
     1327     3.920017483E+01     1.391958042E+01     8.443181818E+00
     1328     3.954108392E+01     1.310139860E+01     8.011363636E+00
     1329     3.988199301E+01     1.228321678E+01     7.579545455E+00
     1330     4.022290210E+01     1.146503497E+01     7.147727273E+00
     1331     4.056381119E+01     1.064685315E+01     6.715909091E+00
     1332     4.090472028E+01     9.828671329E+00     6.284090909E+00
     1333     4.124562937E+01     9.010489510E+00     5.852272727E+00
     1334     4.158653846E+01     8.192307692E+00     5.420454545E+00
     1335     4.192744755E+01     7.374125874E+00     4.988636364E+00
     1336     4.226835664E+01     6.555944056E+00     4.556818182E+00
     1337     4.260926573E+01     5.737762238E+00     4.125000000E+00
     1338     4.295017483E+01     4.919580420E+00     3.693181818E+00
     1339     4.329108392E+01     4.101398601E+00     3.261363636E+00
     1340     4.363199301E+01     3.283216783E+00     2.829545455E+00
     1341     4.397290210E+01     2.465034965E+00     2.397727273E+00
     1342     4.431381119E+01     1.646853147E+00     1.965909091E+00
     1343     4.465472028E+01     8.286713287E-01     1.534090909E+00
     1344     4.499562937E+01     1.048951049E-02     1.102272727E+00
     1345     3.716346154E+01     1.719230769E+01     1.017045455E+01
     1346     3.682255245E+01     1.637412587E+01     9.738636364E+00
     1347     3.648164336E+01     1.555594406E+01     9.306818182E+00
     1348     3.614073427E+01     1.473776224E+01     8.875000000E+00
     1349     3.579982517E+01     1.391958042E+01     8.443181818E+00
     1350     3.545891608E+01     1.310139860E+01     8.011363636E+00
     1351     3.511800699E+01     1.228321678E+01     7.579545455E+00
     1352     3.477709790E+01     1.146503497E+01     7.147727273E+00
     1353     3.443618881E+01     1.064685315E+01     6.715909091E+00
     1354     3.409527972E+01     9.828671329E+00     6.284090909E+00
     1355     3.375437063E+01     9.010489510E+00     5.852272727E+00
     1356     3.341346154E+01     8.192307692E+00     5.420454545E+00
     1357     3.307255245E+01     7.374125874E+00     4.988636364E+00
     1358     3.273164336E+01     6.555944056E+00     4.556818182E+00
     1359     3.239073427E+01     5.737762238E+00     4.125000000E+00
     1360     3.204982517E+01     4.919580420E+00     3.693181818E+00
     1361     3.170891608E+01     4.101398601E+00     3.261363636E+00
     1362     3.136800699E+01     3.283216783E+00     2.829545455E+00
     1363     3.102709790E+01     2.465034965E+00     2.397727273E+00
     1364     3.068618881E+01     1.646853147E+00     1.965909091E+00
     1365     3.034527972E+01     8.286713287E-01     1.534090909E+00
     1366     3.000437063E+01     1.048951049E-02     1.102272727E+00
     1367     2.283653846E+01     1.719230769E+01     1.017045455E+01
     1368     2.317744755E+01     1.637412587E+01     9.738636364E+00
     1369     2.351835664E+01     1.555594406E+01     9.306818182E+00
     1370     2.385926573E+01     1.473776224E+01     8.875000000E+00
     1371     2.420017483E+01     1.391958042E+01     8.443181818E+00
     1372     2.454108392E+01     1.310139860E+01     8.011363636E+00
     1373     2.488199301E+01     1.228321678E+01     7.579545455E+00
     1374     2.522290210E+01     1.146503497E+01     7.147727273E+00
     1375     2.556381119E+01     1.064685315E+01     6.715909091E+00
     1376     2.590472028E+01     9.828671329E+00     6.284090909E+00
     1377     2.624562937E+01     9.010489510E+00     5.852272727E+00
     1378     2.658653846E+01     8.192307692E+00     5.420454545E+00
     1379     2.692744755E+01     7.374125874E+00     4.988636364E+00
     1380     2.726835664E+01     6.555944056E+00     4.556818182E+00
     1381     2.760926573E+01     5.737762238E+00     4.125000000E+00
     1382     2.795017483E+01     4.919580420E+00     3.693181818E+00
     1383     2.829108392E+01     4.101398601E+00     3.261363636E+00
     1384     2.863199301E+01     3.283216783E+00     2.829545455E+00
     1385     2.897290210E+01     2.465034965E+00     2.397727273E+00
     1386     2.931381119E+01     1.646853147E+00     1.965909091E+00
     1387     2.965472028E+01     8.286713287E-01     1.534090909E+00
     1388     2.999562937E+01     1.048951049E-02     1.102272727E+00
     1389     1.533653846E+01     8.076923077E-01     1.967045455E+01
     1390     1.567744755E+01     1.625874126E+00     1.923863636E+01
     1391     1.601835664E+01     2.444055944E+00     1.880681818E+01
     1392     1.635926573E+01     3.262237762E+00     1.837500000E+01
     1393     1.670017483E+01     4.080419580E+00     1.794318182E+01
     1394     1.704108392E+01     4.898601399E+00     1.751136364E+01
     1395     1.738199301E+01     5.716783217E+00     1.707954545E+01
     1396     1.772290210E+01     6.534965035E+00     1.664772727E+01
     1397     1.806381119E+01     7.353146853E+00     1.621590909E+01
     1398     1.840472028E+01     8.171328671E+00     1.578409091E+01
     1399     1.874562937E+01     8.989510490E+00     1.535227273E+01
     1400     1.908653846E+01     9.807692308E+00     1.492045455E+01
     1401     1.942744755E+01     1.062587413E+01     1.448863636E+01
     1402     1.976835664E+01     1.144405594E+01     1.405681818E+01
     1403     2.010926573E+01     1.226223776E+01     1.362500000E+01
     1404     2.045017483E+01     1.308041958E+01     1.319318182E+01
     1405     2.079108392E+01     1.389860140E+01     1.276136364E+01
     1406     2.113199301E+01     1.471678322E+01     1.232954545E+01
     1407     2.147290210E+01     1.553496503E+01     1.189772727E+01
     1408     2.181381119E+01     1.635314685E+01     1.146590909E+01
     1409     2.215472028E+01     1.717132867E+01     1.103409091E+01
     1410     2.249562937E+01     1.798951049E+01     1.060227273E+01
     1411     2.216346154E+01     1.719230769E+01     1.017045455E+01
     1412     2.182255245E+01     1.637412587E+01     9.738636364E+00
     1413     2.148164336E+01     1.555594406E+01     9.306818182E+00
     1414     2.114073427E+01     1.473776224E+01     8.875000000E+00
     1415     2.079982517E+01     1.391958042E+01     8.443181818E+00
     1416     2.045891608E+01     1.310139860E+01     8.011363636E+00
     1417     2.011800699E+01     1.228321678E+01     7.579545455E+00
     1418     1.977709790E+01     1.146503497E+01     7.147727273E+00
     1419     1.943618881E+01     1.064685315E+01     6.715909091E+00
     1420     1.909527972E+01     9.828671329E+00     6.284090909E+00
     1421     1.875437063E+01     9.010489510E+00     5.852272727E+00
     1422     1.841346154E+01     8.192307692E+00     5.420454545E+00
     1423     1.807255245E+01     7.374125874E+00     4.988636364E+00
     1424     1.773164336E+01     6.555944056E+00     4.556818182E+00
     1425     1.739073427E+01     5.737762238E+00     4.125000000E+00
     1426     1.704982517E+01     4.919580420E+00     3.693181818E+00
     1427     1.670891608E+01     4.101398601E+00     3.261363636E+00
     1428     1.636800699E+01     3.283216783E+00     2.829545455E+00
     1429     1.602709790E+01     2.465034965E+00     2.397727273E+00
     1430     1.568618881E+01     1.646853147E+00     1.965909091E+00
     1431     1.534527972E+01     8.286713287E-01     1.534090909E+00
     1432     1.500437063E+01     1.048951049E-02     1.102272727E+00
     1433     7.836538462E+00     1.719230769E+01     1.017045455E+01
     1434     8.177447552E+00     1.637412587E+01     9.738636364E+00
     1435     8.518356643E+00     1.555594406E+01     9.306818182E+00
     1436     8.859265734E+00     1.473776224E+01     8.875000000E+00
     1437     9.200174825E+00     1.391958042E+01     8.443181818E+00
     1438     9.541083916E+00     1.310139860E+01     8.011363636E+00
     1439     9.881993007E+00     1.228321678E+01     7.579545455E+00
     1440     1.022290210E+01     1.146503497E+01     7.147727273E+00
     1441     1.056381119E+01     1.064685315E+01     6.715909091E+00
     1442     1.090472028E+01     9.828671329E+00     6.284090909E+00
     1443     1.124562937E+01     9.010489510E+00     5.852272727E+00
     1444     1.158653846E+01     8.192307692E+00     5.420454545E+00
     1445     1.192744755E+01     7.374125874E+00     4.988636364E+00
     1446     1.226835664E+01     6.555944056E+00     4.556818182E+00
     1447     1.260926573E+01     5.737762238E+00     4.125000000E+00
     1448     1.295017483E+01     4.919580420E+00     3.693181818E+00
     1449     1.329108392E+01     4.101398601E+00     3.261363636E+00
     1450     1.363199301E+01     3.283216783E+00     2.829545455E+00
     1451     1.397290210E+01     2.465034965E+00     2.397727273E+00
     1452     1.431381119E+01     1.646853147E+00     1.965909091E+00
     1453     1.465472028E+01     8.286713287E-01     1.534090909E+00
     1454     1.499562937E+01     1.048951049E-02     1.102272727E+00
     1455     3.365384615E-01     8.076923077E-01     1.967045455E+01
     1456     6.774475524E-01     1.625874126E+00     1.923863636E+01
     1457     1.018356643E+00     2.444055944E+00     1.880681818E+01
     1458     1.359265734E+00     3.262237762E+00     1.837500000E+01
     1459     1.700174825E+00     4.080419580E+00     1.794318182E+01
     1460     2.041083916E+00     4.898601399E+00     1.751136364E+01
     1461     2.381993007E+00     5.716783217E+00     1.707954545E+01
     1462     2.722902098E+00     6.534965035E+00     1.664772727E+01
     1463     3.063811189E+00     7.353146853E+00     1.621590909E+01
     1464     3.404720280E+00     8.171328671E+00     1.578409091E+01
     1465     3.745629371E+00     8.989510490E+00     1.535227273E+01
     1466     4.086538462E+00     9.807692308E+00     1.492045455E+01
     1467     4.427447552E+00     1.062587413E+01     1.448863636E+01
     1468     4.768356643E+00     1.144405594E+01     1.405681818E+01
     1469     5.109265734E+00     1.226223776E+01     1.362500000E+01
     1470     5.450174825E+00     1.308041958E+01     1.319318182E+01
     1471     5.791083916E+00     1.389860140E+01     1.276136364E+01
     1472     6.131993007E+00     1.471678322E+01     1.232954545E+01
     1473     6.472902098E+00     1.553496503E+01     1.189772727E+01
     1474     6.813811189E+00     1.635314685E+01     1.146590909E+01
     1475     7.154720280E+00     1.717132867E+01     1.103409091E+01
     1476     7.495629371E+00     1.798951049E+01     1.060227273E+01
     1477     0.000000000E+00     1.000000000E+00     1.850000000E+01
     1478     0.000000000E+00     1.000000000E+00     1.750000000E+01
     1479     0.000000000E+00     1.000000000E+00     1.650000000E+01
     1480     0.000000000E+00     1.000000000E+00     1.550000000E+01
     1481     0.000000000E+00     1.000000000E+00     1.450000000E+01
     1482     0.000000000E+00     1.000000000E+00     1.350000000E+01
     1483     0.000000000E+00     1.000000000E+00     1.250000000E+01
     1484     0.000000000E+00     1.000000000E+00     1.150000000E+01
     1485     0.000000000E+00     1.000000000E+00     1.050000000E+01
     1486     0.000000000E+00     1.000000000E+00     9.500000000E+00
     1487     0.000000000E+00     1.000000000E+00     8.500000000E+00
     1488     0.000000000E+00     1.000000000E+00     7.500000000E+00
     1489     0.000000000E+00     1.000000000E+00     6.500000000E+00
     1490     0.000000000E+00     1.000000000E+00     5.500000000E+00
     1491     0.000000000E+00     1.000000000E+00     4.500000000E+00
     1492     0.000000000E+00     1.000000000E+00     3.500000000E+00
     1493     0.000000000E+00     1.000000000E+00     2.500000000E+00
     1494     0.000000000E+00     1.000000000E+00     1.500000000E+00
     1495     0.000000000E+00     1.000000000E+00     5.000000000E-01
     1496     0.000000000E+00    -2.380952381E-02     1.083333333E+00
     1497     0.000000000E+00     8.333333333E-01     1.535714286E+00
     1498     0.000000000E+00     1.690476190E+00     1.988095238E+00
     1499     0.000000000E+00     2.547619048E+00     2.440476190E+00
     1500     0.000000000E+00     3.404761905E+00     2.892857143E+00
     1501     0.000000000E+00     4.261904762E+00     3.345238095E+00
     1502     0.000000000E+00     5.119047619E+00     3.797619048E+00
     1503     0.000000000E+00     5.976190476E+00     4.250000000E+00
     1504     0.000000000E+00     6.833333333E+00     4.702380952E+00
     1505     0.000000000E+00     7.690476190E+00     5.154761905E+00
     1506     0.000000000E+00     8.547619048E+00     5.607142857E+00
     1507     0.000000000E+00     9.404761905E+00     6.059523810E+00
     1508     0.000000000E+00     1.026190476E+01     6.511904762E+00
     1509     0.000000000E+00     1.111904762E+01     6.964285714E+00
     1510     0.000000000E+00     1.197619048E+01     7.416666667E+00
     1511     0.000000000E+00     1.283333333E+01     7.869047619E+00
     1512     0.000000000E+00     1.369047619E+01     8.321428571E+00
     1513     0.000000000E+00     1.454761905E+01     8.773809524E+00
     1514     0.000000000E+00     1.540476190E+01     9.226190476E+00
     1515     0.000000000E+00     1.626190476E+01     9.678571429E+00
     1516     0.000000000E+00     1.711904762E+01     1.013095238E+01
     1517     0.000000000E+00     1.802380952E+01     1.058333333E+01
     1518     0.000000000E+00     1.716666667E+01     1.103571429E+01
     1519     0.000000000E+00     1.630952381E+01     1.148809524E+01
     1520     0.000000000E+00     1.545238095E+01     1.194047619E+01
     1521     0.000000000E+00     1.459523810E+01     1.239285714E+01
     1522     0.000000000E+00     1.373809524E+01     1.284523810E+01
     1523     0.000000000E+00     1.288095238E+01     1.329761905E+01
     1524     0.000000000E+00     1.202380952E+01     1.375000000E+01
     1525     0.000000000E+00     1.116666667E+01     1.420238095E+01
     1526     0.000000000E+00     1.030952381E+01     1.465476190E+01
     1527     0.000000000E+00     9.452380952E+00     1.510714286E+01
     1528     0.000000000E+00     8.595238095E+00     1.555952381E+01
     1529     0.000000000E+00     7.738095238E+00     1.601190476E+01
     1530     0.000000000E+00     6.880952381E+00     1.646428571E+01
     1531     0.000000000E+00     6.023809524E+00     1.691666667E+01
     1532     0.000000000E+00     5.166666667E+00     1.736904762E+01
     1533     0.000000000E+00     4.309523810E+00     1.782142857E+01
     1534     0.000000000E+00     3.452380952E+00     1.827380952E+01
     1535     0.000000000E+00     2.595238095E+00     1.872619048E+01
     1536     0.000000000E+00     1.738095238E+00     1.917857143E+01
     1537     0.000000000E+00     8.809523810E-01     1.963095238E+01
     1538     6.000000000E+01     1.000000000E+00     5.000000000E-01
     1539     6.000000000E+01     1.000000000E+00     1.500000000E+00
     1540     6.000000000E+01     1.000000000E+00     2.500000000E+00
     1541     6.000000000E+01     1.000000000E+00     3.500000000E+00
     1542     6.000000000E+01     1.000000000E+00     4.500000000E+00
     1543     6.000000000E+01     1.000000000E+00     5.500000000E+00
     1544     6.000000000E+01     1.000000000E+00     6.500000000E+00
     1545     6.000000000E+01     1.000000000E+00     7.500000000E+00
     1546     6.000000000E+01     1.000000000E+00     8.500000000E+00
     1547     6.000000000E+01     1.000000000E+00     9.500000000E+00
     1548     6.000000000E+01     1.000000000E+00     1.050000000E+01
     1549     6.000000000E+01     1.000000000E+00     1.150000000E+01
     1550     6.000000000E+01     1.000000000E+00     1.250000000E+01
     1551     6.000000000E+01     1.000000000E+00     1.350000000E+01
     1552     6.000000000E+01     1.000000000E+00     1.450000000E+01
     1553     6.000000000E+01     1.000000000E+00     1.550000000E+01
     1554     6.000000000E+01     1.000000000E+00     1.650000000E+01
     1555     6.000000000E+01     1.000000000E+00     1.750000000E+01
     1556     6.000000000E+01     1.000000000E+00     1.850000000E+01
     1557     6.000000000E+01     1.802380952E+01     1.058333333E+01
     1558     6.000000000E+01     1.716666667E+01     1.103571429E+01
     1559     6.000000000E+01     1.630952381E+01     1.148809524E+01
     1560     6.000000000E+01     1.545238095E+01     1.194047619E+01
     1561     6.000000000E+01     1.459523810E+01     1.239285714E+01
     1562     6.000000000E+01     1.373809524E+01     1.284523810E+01
     1563     6.000000000E+01     1.288095238E+01     1.329761905E+01
     1564     6.000000000E+01     1.202380952E+01     1.375000000E+01
     1565     6.000000000E+01     1.116666667E+01     1.420238095E+01
     1566     6.000000000E+01     1.030952381E+01     1.465476190E+01
     1567     6.000000000E+01     9.452380952E+00     1.510714286E+01
     1568     6.000000000E+01     8.595238095E+00     1.555952381E+01
     1569     6.000000000E+01     7.738095238E+00     1.601190476E+01
     1570     6.000000000E+01     6.880952381E+00     1.646428571E+01
     1571     6.000000000E+01     6.023809524E+00     1.691666667E+01
     1572     6.000000000E+01     5.166666667E+00     1.736904762E+01
     1573     6.000000000E+01     4.309523810E+00     1.782142857E+01
     1574     6.000000000E+01     3.452380952E+00     1.827380952E+01
     1575     6.000000000E+01     2.595238095E+00     1.872619048E+01
     1576     6.000000000E+01     1.738095238E+00     1.917857143E+01
     1577     6.000000000E+01     8.809523810E-01     1.963095238E+01
     1578     6.000000000E+01     1.711904762E+01     1.013095238E+01
     1579     6.000000000E+01     1.626190476E+01     9.678571429E+00
     1580     6.000000000E+01     1.540476190E+01     9.226190476E+00
     1581     6.000000000E+01     1.454761905E+01     8.773809524E+00
     1582     6.000000000E+01     1.369047619E+01     8.321428571E+00
     1583     6.000000000E+01     1.283333333E+01     7.869047619E+00
     1584     6.000000000E+01     1.197619048E+01     7.416666667E+00
     1585     6.000000000E+01     1.111904762E+01     6.964285714E+00
     1586     6.000000000E+01     1.026190476E+01     6.511904762E+00
     1587     6.000000000E+01     9.404761905E+00     6.059523810E+00
     1588     6.000000000E+01     8.547619048E+00     5.607142857E+00
     1589     6.000000000E+01     7.690476190E+00     5.154761905E+00
     1590     6.000000000E+01     6.833333333E+00     4.702380952E+00
     1591     6.000000000E+01     5.976190476E+00     4.250000000E+00
     1592     6.000000000E+01     5.119047619E+00     3.797619048E+00
     1593     6.000000000E+01     4.261904762E+00     3.345238095E+00
     1594     6.000000000E+01     3.404761905E+00     2.892857143E+00
     1595     6.000000000E+01     2.547619048E+00     2.440476190E+00
     1596     6.000000000E+01     1.690476190E+00     1.988095238E+00
     1597     6.000000000E+01     8.333333333E-01     1.535714286E+00
     1598     6.000000000E+01    -2.380952381E-02     1.083333333E+00
-1
/wb,elem,start            !  set before creation of elements
/com,*********** Elements for Body 1 'Line Body' ***********
et,1,188
keyo,1,3,2
MAT,1 $ TYPE,1 $ REAL,1 $ SECNUM,1 $ ESYS,0
eblock,11,COMPACT,,60
(11i9)
        1        1        3      787
        2        3        4      788
        3        4        5      789
        4        5        6      790
        5        6        7      791
        6        7        8      792
        7        8        9      793
        8        9       10      794
        9       10       11      795
       10       11       12      796
       11       12       13      797
       12       13       14      798
       13       14       15      799
       14       15       16      800
       15       16        2      801
       16       17       18      802
       17       18       19      803
       18       19       20      804
       19       20       21      805
       20       21       22      806
       21       22       23      807
       22       23       24      808
       23       24       25      809
       24       25       26      810
       25       26       27      811
       26       27       28      812
       27       28       29      813
       28       29       30      814
       29       30       31      815
       30       31        1      816
       31       32       33      817
       32       33       34      818
       33       34       35      819
       34       35       36      820
       35       36       37      821
       36       37       38      822
       37       38       39      823
       38       39       40      824
       39       40       41      825
       40       41       42      826
       41       42       43      827
       42       43       44      828
       43       44       45      829
       44       45       46      830
       45       46       17      831
       46       47       48      832
       47       48       49      833
       48       49       50      834
       49       50       51      835
       50       51       52      836
       51       52       53      837
       52       53       54      838
       53       54       55      839
       54       55       56      840
       55       56       57      841
       56       57       58      842
       57       58       59      843
       58       59       60      844
       59       60       61      845
       60       61       32      846
-1
secnum,1    ! reset the section ID to default
!Material Id = {82516995-E2FA-4F40-8A2B-55E128D88902}
/com,*********** Elements for Body 2 'Line Body' ***********
et,2,188
keyo,2,3,2
MAT,2 $ TYPE,2 $ REAL,2 $ SECNUM,2 $ ESYS,0
eblock,11,COMPACT,,60
(11i9)
       61       62       64      847
       62       64       65      848
       63       65       66      849
       64       66       67      850
       65       67       68      851
       66       68       69      852
       67       69       70      853
       68       70       71      854
       69       71       72      855
       70       72       73      856
       71       73       74      857
       72       74       75      858
       73       75       76      859
       74       76       77      860
       75       77       63      861
       76       78       79      862
       77       79       80      863
       78       80       81      864
       79       81       82      865
       80       82       83      866
       81       83       84      867
       82       84       85      868
       83       85       86      869
       84       86       87      870
       85       87       88      871
       86       88       89      872
       87       89       90      873
       88       90       91      874
       89       91       92      875
       90       92       63      876
       91       78       94      877
       92       94       95      878
       93       95       96      879
       94       96       97      880
       95       97       98      881
       96       98       99      882
       97       99      100      883
       98      100      101      884
       99      101      102      885
      100      102      103      886
      101      103      104      887
      102      104      105      888
      103      105      106      889
      104      106      107      890
      105      107       93      891
      106      108      109      892
      107      109      110      893
      108      110      111      894
      109      111      112      895
      110      112      113      896
      111      113      114      897
      112      114      115      898
      113      115      116      899
      114      116      117      900
      115      117      118      901
      116      118      119      902
      117      119      120      903
      118      120      121      904
      119      121      122      905
      120      122       93      906
-1
secnum,1    ! reset the section ID to default
!Material Id = {55F1119A-468C-4EB1-BA57-38EC08D7AEDC}
/com,*********** Elements for Body 3 'Line Body' ***********
et,3,188
keyo,3,3,2
MAT,3 $ TYPE,3 $ REAL,3 $ SECNUM,3 $ ESYS,0
eblock,11,COMPACT,,157
(11i9)
      121       78      123      907
      122      123      124      908
      123      124      125      909
      124      125      126      910
      125      126      127      911
      126      127      128      912
      127      128      129      913
      128      129      130      914
      129      130      131      915
      130      131      132      916
      131      132      133      917
      132      133      134      918
      133      134      135      919
      134      135      136      920
      135      136      137      921
      136      137      138      922
      137      138      139      923
      138      139      140      924
      139      140       17      925
      140       62      141      926
      141      141      142      927
      142      142      143      928
      143      143      144      929
      144      144      145      930
      145      145      146      931
      146      146      147      932
      147      147      148      933
      148      148      149      934
      149      149      150      935
      150      150      151      936
      151      151      152      937
      152      152      153      938
      153      153      154      939
      154      154      155      940
      155      155      156      941
      156      156      157      942
      157      157      158      943
      158      158      159      944
      159      159      160      945
      160      160      161      946
      161      161      162      947
      162      162      163      948
      163      163      164      949
      164      164        1      950
      165       63      165      951
      166      165      166      952
      167      166      167      953
      168      167      168      954
      169      168      169      955
      170      169      170      956
      171      170      171      957
      172      171      172      958
      173      172      173      959
      174      173      174      960
      175      174      175      961
      176      175      176      962
      177      176      177      963
      178      177      178      964
      179      178      179      965
      180      179      180      966
      181      180      181      967
      182      181      182      968
      183      182        1      969
      184       63      183      970
      185      183      184      971
      186      184      185      972
      187      185      186      973
      188      186      187      974
      189      187      188      975
      190      188      189      976
      191      189      190      977
      192      190      191      978
      193      191      192      979
      194      192      193      980
      195      193      194      981
      196      194      195      982
      197      195      196      983
      198      196      197      984
      199      197      198      985
      200      198      199      986
      201      199      200      987
      202      200      201      988
      203      201      202      989
      204      202      203      990
      205      203      204      991
      206      204      205      992
      207      205      206      993
      208      206       17      994
      209       93      207      995
      210      207      208      996
      211      208      209      997
      212      209      210      998
      213      210      211      999
      214      211      212     1000
      215      212      213     1001
      216      213      214     1002
      217      214      215     1003
      218      215      216     1004
      219      216      217     1005
      220      217      218     1006
      221      218      219     1007
      222      219      220     1008
      223      220      221     1009
      224      221      222     1010
      225      222      223     1011
      226      223      224     1012
      227      224      225     1013
      228      225      226     1014
      229      226      227     1015
      230      227      228     1016
      231      228      229     1017
      232      229      230     1018
      233      230       17     1019
      234       93      231     1020
      235      231      232     1021
      236      232      233     1022
      237      233      234     1023
      238      234      235     1024
      239      235      236     1025
      240      236      237     1026
      241      237      238     1027
      242      238      239     1028
      243      239      240     1029
      244      240      241     1030
      245      241      242     1031
      246      242      243     1032
      247      243      244     1033
      248      244      245     1034
      249      245      246     1035
      250      246      247     1036
      251      247      248     1037
      252      248       32     1038
      253      108      249     1039
      254      249      250     1040
      255      250      251     1041
      256      251      252     1042
      257      252      253     1043
      258      253      254     1044
      259      254      255     1045
      260      255      256     1046
      261      256      257     1047
      262      257      258     1048
      263      258      259     1049
      264      259      260     1050
      265      260      261     1051
      266      261      262     1052
      267      262      263     1053
      268      263      264     1054
      269      264      265     1055
      270      265      266     1056
      271      266      267     1057
      272      267      268     1058
      273      268      269     1059
      274      269      270     1060
      275      270      271     1061
      276      271      272     1062
      277      272       32     1063
-1
secnum,1    ! reset the section ID to default
!Material Id = {FD24331D-681B-4037-BD62-289E9F12E074}
/com,*********** Elements for Body 4 'Line Body' ***********
et,4,188
keyo,4,3,2
MAT,4 $ TYPE,4 $ REAL,4 $ SECNUM,4 $ ESYS,0
eblock,11,COMPACT,,61
(11i9)
      278      273      275     1064
      279      275      276     1065
      280      276      277     1066
      281      277      278     1067
      282      278      279     1068
      283      279      280     1069
      284      280      281     1070
      285      281      274     1071
      286      282      283     1072
      287      283      284     1073
      288      284      285     1074
      289      285      286     1075
      290      286      287     1076
      291      287      288     1077
      292      288      289     1078
      293      289      290     1079
      294      290      291     1080
      295      291      292     1081
      296      292      293     1082
      297      293      294     1083
      298      294      295     1084
      299      295      296     1085
      300      296      273     1086
      301      297      298     1087
      302      298      299     1088
      303      299      300     1089
      304      300      301     1090
      305      301      302     1091
      306      302      303     1092
      307      303      304     1093
      308      304      305     1094
      309      305      306     1095
      310      306      307     1096
      311      307      308     1097
      312      308      309     1098
      313      309      310     1099
      314      310      311     1100
      315      311      282     1101
      316      312      313     1102
      317      313      314     1103
      318      314      315     1104
      319      315      316     1105
      320      316      317     1106
      321      317      318     1107
      322      318      319     1108
      323      319      320     1109
      324      320      321     1110
      325      321      322     1111
      326      322      323     1112
      327      323      324     1113
      328      324      325     1114
      329      325      326     1115
      330      326      297     1116
      331      327      328     1117
      332      328      329     1118
      333      329      330     1119
      334      330      331     1120
      335      331      332     1121
      336      332      333     1122
      337      333      334     1123
      338      334      312     1124
-1
secnum,1    ! reset the section ID to default
!Material Id = {0316E9BF-CA20-47B4-9415-186BADC2FC8C}
/com,*********** Elements for Body 5 'Line Body' ***********
et,5,188
keyo,5,3,2
MAT,5 $ TYPE,5 $ REAL,5 $ SECNUM,5 $ ESYS,0
eblock,11,COMPACT,,352
(11i9)
      339      312      335     1125
      340      335      336     1126
      341      336      337     1127
      342      337      338     1128
      343      338      339     1129
      344      339      340     1130
      345      340      341     1131
      346      341      342     1132
      347      342      343     1133
      348      343      344     1134
      349      344      345     1135
      350      345      346     1136
      351      346      347     1137
      352      347      348     1138
      353      348      349     1139
      354      349      350     1140
      355      350      351     1141
      356      351      352     1142
      357      352      353     1143
      358      353      354     1144
      359      354      355     1145
      360      355       93     1146
      361      312      356     1147
      362      356      357     1148
      363      357      358     1149
      364      358      359     1150
      365      359      360     1151
      366      360      361     1152
      367      361      362     1153
      368      362      363     1154
      369      363      364     1155
      370      364      365     1156
      371      365      366     1157
      372      366      367     1158
      373      367      368     1159
      374      368      369     1160
      375      369      370     1161
      376      370      371     1162
      377      371      372     1163
      378      372      373     1164
      379      373      374     1165
      380      374      375     1166
      381      375      376     1167
      382      376       47     1168
      383      297      377     1169
      384      377      378     1170
      385      378      379     1171
      386      379      380     1172
      387      380      381     1173
      388      381      382     1174
      389      382      383     1175
      390      383      384     1176
      391      384      385     1177
      392      385      386     1178
      393      386      387     1179
      394      387      388     1180
      395      388      389     1181
      396      389      390     1182
      397      390      391     1183
      398      391      392     1184
      399      392      393     1185
      400      393      394     1186
      401      394      395     1187
      402      395      396     1188
      403      396      397     1189
      404      397       78     1190
      405       78      398     1191
      406      398      399     1192
      407      399      400     1193
      408      400      401     1194
      409      401      402     1195
      410      402      403     1196
      411      403      404     1197
      412      404      405     1198
      413      405      406     1199
      414      406      407     1200
      415      407      408     1201
      416      408      409     1202
      417      409      410     1203
      418      410      411     1204
      419      411      412     1205
      420      412      413     1206
      421      413      414     1207
      422      414      415     1208
      423      415      416     1209
      424      416      417     1210
      425      417      418     1211
      426      418      282     1212
      427      282      419     1213
      428      419      420     1214
      429      420      421     1215
      430      421      422     1216
      431      422      423     1217
      432      423      424     1218
      433      424      425     1219
      434      425      426     1220
      435      426      427     1221
      436      427      428     1222
      437      428      429     1223
      438      429      430     1224
      439      430      431     1225
      440      431      432     1226
      441      432      433     1227
      442      433      434     1228
      443      434      435     1229
      444      435      436     1230
      445      436      437     1231
      446      437      438     1232
      447      438      439     1233
      448      439       63     1234
      449       63      440     1235
      450      440      441     1236
      451      441      442     1237
      452      442      443     1238
      453      443      444     1239
      454      444      445     1240
      455      445      446     1241
      456      446      447     1242
      457      447      448     1243
      458      448      449     1244
      459      449      450     1245
      460      450      451     1246
      461      451      452     1247
      462      452      453     1248
      463      453      454     1249
      464      454      455     1250
      465      455      456     1251
      466      456      457     1252
      467      457      458     1253
      468      458      459     1254
      469      459      460     1255
      470      460      273     1256
      471      273      461     1257
      472      461      462     1258
      473      462      463     1259
      474      463      464     1260
      475      464      465     1261
      476      465      466     1262
      477      466      467     1263
      478      467      468     1264
      479      468      469     1265
      480      469      470     1266
      481      470      471     1267
      482      471      472     1268
      483      472      473     1269
      484      473      474     1270
      485      474      475     1271
      486      475      476     1272
      487      476      477     1273
      488      477      478     1274
      489      478      479     1275
      490      479      480     1276
      491      480      481     1277
      492      481       62     1278
      493      273      482     1279
      494      482      483     1280
      495      483      484     1281
      496      484      485     1282
      497      485      486     1283
      498      486      487     1284
      499      487      488     1285
      500      488      489     1286
      501      489      490     1287
      502      490      491     1288
      503      491      492     1289
      504      492      493     1290
      505      493      494     1291
      506      494      495     1292
      507      495      496     1293
      508      496      497     1294
      509      497      498     1295
      510      498      499     1296
      511      499      500     1297
      512      500      501     1298
      513      501      502     1299
      514      502        2     1300
      515      273      503     1301
      516      503      504     1302
      517      504      505     1303
      518      505      506     1304
      519      506      507     1305
      520      507      508     1306
      521      508      509     1307
      522      509      510     1308
      523      510      511     1309
      524      511      512     1310
      525      512      513     1311
      526      513      514     1312
      527      514      515     1313
      528      515      516     1314
      529      516      517     1315
      530      517      518     1316
      531      518      519     1317
      532      519      520     1318
      533      520      521     1319
      534      521      522     1320
      535      522      523     1321
      536      523        1     1322
      537      282      524     1323
      538      524      525     1324
      539      525      526     1325
      540      526      527     1326
      541      527      528     1327
      542      528      529     1328
      543      529      530     1329
      544      530      531     1330
      545      531      532     1331
      546      532      533     1332
      547      533      534     1333
      548      534      535     1334
      549      535      536     1335
      550      536      537     1336
      551      537      538     1337
      552      538      539     1338
      553      539      540     1339
      554      540      541     1340
      555      541      542     1341
      556      542      543     1342
      557      543      544     1343
      558      544        1     1344
      559      282      545     1345
      560      545      546     1346
      561      546      547     1347
      562      547      548     1348
      563      548      549     1349
      564      549      550     1350
      565      550      551     1351
      566      551      552     1352
      567      552      553     1353
      568      553      554     1354
      569      554      555     1355
      570      555      556     1356
      571      556      557     1357
      572      557      558     1358
      573      558      559     1359
      574      559      560     1360
      575      560      561     1361
      576      561      562     1362
      577      562      563     1363
      578      563      564     1364
      579      564      565     1365
      580      565       17     1366
      581      297      566     1367
      582      566      567     1368
      583      567      568     1369
      584      568      569     1370
      585      569      570     1371
      586      570      571     1372
      587      571      572     1373
      588      572      573     1374
      589      573      574     1375
      590      574      575     1376
      591      575      576     1377
      592      576      577     1378
      593      577      578     1379
      594      578      579     1380
      595      579      580     1381
      596      580      581     1382
      597      581      582     1383
      598      582      583     1384
      599      583      584     1385
      600      584      585     1386
      601      585      586     1387
      602      586       17     1388
      603       93      587     1389
      604      587      588     1390
      605      588      589     1391
      606      589      590     1392
      607      590      591     1393
      608      591      592     1394
      609      592      593     1395
      610      593      594     1396
      611      594      595     1397
      612      595      596     1398
      613      596      597     1399
      614      597      598     1400
      615      598      599     1401
      616      599      600     1402
      617      600      601     1403
      618      601      602     1404
      619      602      603     1405
      620      603      604     1406
      621      604      605     1407
      622      605      606     1408
      623      606      607     1409
      624      607      297     1410
      625      297      608     1411
      626      608      609     1412
      627      609      610     1413
      628      610      611     1414
      629      611      612     1415
      630      612      613     1416
      631      613      614     1417
      632      614      615     1418
      633      615      616     1419
      634      616      617     1420
      635      617      618     1421
      636      618      619     1422
      637      619      620     1423
      638      620      621     1424
      639      621      622     1425
      640      622      623     1426
      641      623      624     1427
      642      624      625     1428
      643      625      626     1429
      644      626      627     1430
      645      627      628     1431
      646      628       32     1432
      647      312      629     1433
      648      629      630     1434
      649      630      631     1435
      650      631      632     1436
      651      632      633     1437
      652      633      634     1438
      653      634      635     1439
      654      635      636     1440
      655      636      637     1441
      656      637      638     1442
      657      638      639     1443
      658      639      640     1444
      659      640      641     1445
      660      641      642     1446
      661      642      643     1447
      662      643      644     1448
      663      644      645     1449
      664      645      646     1450
      665      646      647     1451
      666      647      648     1452
      667      648      649     1453
      668      649       32     1454
      669      108      650     1455
      670      650      651     1456
      671      651      652     1457
      672      652      653     1458
      673      653      654     1459
      674      654      655     1460
      675      655      656     1461
      676      656      657     1462
      677      657      658     1463
      678      658      659     1464
      679      659      660     1465
      680      660      661     1466
      681      661      662     1467
      682      662      663     1468
      683      663      664     1469
      684      664      665     1470
      685      665      666     1471
      686      666      667     1472
      687      667      668     1473
      688      668      669     1474
      689      669      670     1475
      690      670      312     1476
-1
secnum,1    ! reset the section ID to default
!Material Id = {598B46F7-CE34-427A-A94A-20408D8F03E5}
/com,*********** Elements for Body 6 'Line Body' ***********
et,6,188
keyo,6,3,2
MAT,6 $ TYPE,6 $ REAL,6 $ SECNUM,6 $ ESYS,0
eblock,11,COMPACT,,61
(11i9)
      691      108      671     1477
      692      671      672     1478
      693      672      673     1479
      694      673      674     1480
      695      674      675     1481
      696      675      676     1482
      697      676      677     1483
      698      677      678     1484
      699      678      679     1485
      700      679      680     1486
      701      680      681     1487
      702      681      682     1488
      703      682      683     1489
      704      683      684     1490
      705      684      685     1491
      706      685      686     1492
      707      686      687     1493
      708      687      688     1494
      709      688       47     1495
      710       47      689     1496
      711      689      690     1497
      712      690      691     1498
      713      691      692     1499
      714      692      693     1500
      715      693      694     1501
      716      694      695     1502
      717      695      696     1503
      718      696      697     1504
      719      697      698     1505
      720      698      699     1506
      721      699      700     1507
      722      700      701     1508
      723      701      702     1509
      724      702      703     1510
      725      703      704     1511
      726      704      705     1512
      727      705      706     1513
      728      706      707     1514
      729      707      708     1515
      730      708      327     1516
      731      327      709     1517
      732      709      710     1518
      733      710      711     1519
      734      711      712     1520
      735      712      713     1521
      736      713      714     1522
      737      714      715     1523
      738      715      716     1524
      739      716      717     1525
      740      717      718     1526
      741      718      719     1527
      742      719      720     1528
      743      720      721     1529
      744      721      722     1530
      745      722      723     1531
      746      723      724     1532
      747      724      725     1533
      748      725      726     1534
      749      726      727     1535
      750      727      728     1536
      751      728      108     1537
-1
secnum,1    ! reset the section ID to default
!Material Id = {5B0E6850-5489-409C-853E-44CE4DECACB3}
/com,*********** Elements for Body 7 'Line Body' ***********
et,7,188
keyo,7,3,2
MAT,7 $ TYPE,7 $ REAL,7 $ SECNUM,7 $ ESYS,0
eblock,11,COMPACT,,61
(11i9)
      752        2      729     1538
      753      729      730     1539
      754      730      731     1540
      755      731      732     1541
      756      732      733     1542
      757      733      734     1543
      758      734      735     1544
      759      735      736     1545
      760      736      737     1546
      761      737      738     1547
      762      738      739     1548
      763      739      740     1549
      764      740      741     1550
      765      741      742     1551
      766      742      743     1552
      767      743      744     1553
      768      744      745     1554
      769      745      746     1555
      770      746       62     1556
      771      274      747     1557
      772      747      748     1558
      773      748      749     1559
      774      749      750     1560
      775      750      751     1561
      776      751      752     1562
      777      752      753     1563
      778      753      754     1564
      779      754      755     1565
      780      755      756     1566
      781      756      757     1567
      782      757      758     1568
      783      758      759     1569
      784      759      760     1570
      785      760      761     1571
      786      761      762     1572
      787      762      763     1573
      788      763      764     1574
      789      764      765     1575
      790      765      766     1576
      791      766       62     1577
      792      274      767     1578
      793      767      768     1579
      794      768      769     1580
      795      769      770     1581
      796      770      771     1582
      797      771      772     1583
      798      772      773     1584
      799      773      774     1585
      800      774      775     1586
      801      775      776     1587
      802      776      777     1588
      803      777      778     1589
      804      778      779     1590
      805      779      780     1591
      806      780      781     1592
      807      781      782     1593
      808      782      783     1594
      809      783      784     1595
      810      784      785     1596
      811      785      786     1597
      812      786        2     1598
-1
secnum,1    ! reset the section ID to default
!Material Id = {C7403760-B5DC-4A26-B538-0DA5D4CDE46F}
/wb,elem,end               !  done creating elements
toffst,273.15,      ! Temperature offset from absolute zero
/com,*********** Set Reference Temperature ***********
tref,22.
/wb,mat,start              !  starting to send materials
/com,*********** Send Materials ***********
Temperature = 'TEMP' ! Temperature
MP,DENS,1,7850,	! kg m^-3
MP,ALPX,1,1.2e-05,	! C^-1
MP,C,1,434,	! J kg^-1 C^-1
MP,KXX,1,60.5,	! W m^-1 C^-1
MP,RSVX,1,1.7e-07,	! kg m^3 A^-2 s^-3
MP,EX,1,200000000000,	! Pa
MP,NUXY,1,0.3,
MP,MURX,1,10000,
MP,UVID,1,77a32c92-c7b5-4d8b-a875-cdefc4bd90b3
MP,UMID,1,59002a79-71c2-428e-906b-55d7dbee100e

Temperature = 'TEMP' ! Temperature
MP,DENS,2,7850,	! kg m^-3
MP,ALPX,2,1.2e-05,	! C^-1
MP,C,2,434,	! J kg^-1 C^-1
MP,KXX,2,60.5,	! W m^-1 C^-1
MP,RSVX,2,1.7e-07,	! kg m^3 A^-2 s^-3
MP,EX,2,200000000000,	! Pa
MP,NUXY,2,0.3,
MP,MURX,2,10000,
MP,UVID,2,77a32c92-c7b5-4d8b-a875-cdefc4bd90b3
MP,UMID,2,59002a79-71c2-428e-906b-55d7dbee100e

Temperature = 'TEMP' ! Temperature
MP,DENS,3,7850,	! kg m^-3
MP,ALPX,3,1.2e-05,	! C^-1
MP,C,3,434,	! J kg^-1 C^-1
MP,KXX,3,60.5,	! W m^-1 C^-1
MP,RSVX,3,1.7e-07,	! kg m^3 A^-2 s^-3
MP,EX,3,200000000000,	! Pa
MP,NUXY,3,0.3,
MP,MURX,3,10000,
MP,UVID,3,77a32c92-c7b5-4d8b-a875-cdefc4bd90b3
MP,UMID,3,59002a79-71c2-428e-906b-55d7dbee100e

Temperature = 'TEMP' ! Temperature
MP,DENS,4,7850,	! kg m^-3
MP,ALPX,4,1.2e-05,	! C^-1
MP,C,4,434,	! J kg^-1 C^-1
MP,KXX,4,60.5,	! W m^-1 C^-1
MP,RSVX,4,1.7e-07,	! kg m^3 A^-2 s^-3
MP,EX,4,200000000000,	! Pa
MP,NUXY,4,0.3,
MP,MURX,4,10000,
MP,UVID,4,77a32c92-c7b5-4d8b-a875-cdefc4bd90b3
MP,UMID,4,59002a79-71c2-428e-906b-55d7dbee100e

Temperature = 'TEMP' ! Temperature
MP,DENS,5,7850,	! kg m^-3
MP,ALPX,5,1.2e-05,	! C^-1
MP,C,5,434,	! J kg^-1 C^-1
MP,KXX,5,60.5,	! W m^-1 C^-1
MP,RSVX,5,1.7e-07,	! kg m^3 A^-2 s^-3
MP,EX,5,200000000000,	! Pa
MP,NUXY,5,0.3,
MP,MURX,5,10000,
MP,UVID,5,77a32c92-c7b5-4d8b-a875-cdefc4bd90b3
MP,UMID,5,59002a79-71c2-428e-906b-55d7dbee100e

Temperature = 'TEMP' ! Temperature
MP,DENS,6,7850,	! kg m^-3
MP,ALPX,6,1.2e-05,	! C^-1
MP,C,6,434,	! J kg^-1 C^-1
MP,KXX,6,60.5,	! W m^-1 C^-1
MP,RSVX,6,1.7e-07,	! kg m^3 A^-2 s^-3
MP,EX,6,200000000000,	! Pa
MP,NUXY,6,0.3,
MP,MURX,6,10000,
MP,UVID,6,77a32c92-c7b5-4d8b-a875-cdefc4bd90b3
MP,UMID,6,59002a79-71c2-428e-906b-55d7dbee100e

Temperature = 'TEMP' ! Temperature
MP,DENS,7,7850,	! kg m^-3
MP,ALPX,7,1.2e-05,	! C^-1
MP,C,7,434,	! J kg^-1 C^-1
MP,KXX,7,60.5,	! W m^-1 C^-1
MP,RSVX,7,1.7e-07,	! kg m^3 A^-2 s^-3
MP,EX,7,200000000000,	! Pa
MP,NUXY,7,0.3,
MP,MURX,7,10000,
MP,UVID,7,77a32c92-c7b5-4d8b-a875-cdefc4bd90b3
MP,UMID,7,59002a79-71c2-428e-906b-55d7dbee100e

/wb,mat,end                !  done sending materials
/com,*********** Send Beam Properties ***********
SECTYPE,1,BEAM,CTUB
SECDATA,0.98,1.
secoffset,cent

SECTYPE,2,BEAM,CTUB
SECDATA,0.98,1.
secoffset,cent

SECTYPE,3,BEAM,CTUB
SECDATA,0.49,0.5
secoffset,cent

SECTYPE,4,BEAM,CTUB
SECDATA,0.98,1.
secoffset,cent

SECTYPE,5,BEAM,CTUB
SECDATA,0.49,0.5
secoffset,cent

SECTYPE,6,BEAM,CTUB
SECDATA,0.49,0.5
secoffset,cent

SECTYPE,7,BEAM,CTUB
SECDATA,0.49,0.5
secoffset,cent

!************************* Model Summary ********************
!Line Body,	Structural Steel,	matid,	1
!Line Body,	Structural Steel,	matid,	2
!Line Body,	Structural Steel,	matid,	3
!Line Body,	Structural Steel,	matid,	4
!Line Body,	Structural Steel,	matid,	5
!Line Body,	Structural Steel,	matid,	6
!Line Body,	Structural Steel,	matid,	7
!************************* End Model Summary ********************
! get the diagonal of the bounding box. Needed later for other things
*get,_xmin,node,,mnloc,x
*get,_ymin,node,,mnloc,y
*get,_zmin,node,,mnloc,z
*get,_xmax,node,,mxloc,x
*get,_ymax,node,,mxloc,y
*get,_zmax,node,,mxloc,z
_ASMDIAG=(_xmax-_xmin)*(_xmax-_xmin)+(_ymax-_ymin)*(_ymax-_ymin)+(_zmax-_zmin)*(_zmax-_zmin)
_ASMDIAG=SQRT(_ASMDIAG)
/wb,contact,start          !  starting to send contact
/wb,contact,end            !  done creating contacts
/golist
/wb,load,start             !  starting to send loads
/com,******* Constant Zero Displacement X *******
CMBLOCK,_DISPZEROUX,NODE,        6
(8i10)
         2        47        62       108       274       327
cmsel,s,_DISPZEROUX
d,all,ux,0
nsel,all
/com,******* Constant Zero Displacement Y *******
CMBLOCK,_DISPZEROUY,NODE,        6
(8i10)
         2        47        62       108       274       327
cmsel,s,_DISPZEROUY
d,all,uy,0
nsel,all
/com,******* Constant Zero Displacement Z *******
CMBLOCK,_DISPZEROUZ,NODE,        6
(8i10)
         2        47        62       108       274       327
cmsel,s,_DISPZEROUZ
d,all,uz,0
nsel,all
/gst,on,on
fini
*get,_numnode,node,0,count
*get,_numelem,elem,0,count
*get, _MAXELEMNUM, elem, 0, NUM, MAX
*get, _MAXNODENUM, node, 0, NUM, MAX
*get, _MAXELEMTYPE, etyp, 0, NUM, MAX
*get, _MAXREALCONST, rcon, 0, NUM, MAX
/go
/wb,load,end               !  done creating loads
/com,--- Number of total nodes = %_numnode%
/com,--- Number of contact elements = 0
/com,--- Number of spring elements = 0
/com,--- Number of bearing elements = 0
/com,--- Number of solid elements = 812
/com,--- Number of condensed parts = 0
/com,--- Number of total elements = %_numelem%
*get,_wallbsol,active,,time,wall
/solu
antype,2                   ! modal analysis
_thickRatio=  0     ! Ratio of thick parts in the model
thexpand,off     ! ignore thermal strains
modopt,lanb,6
outres,erase
outres,all,none
outres,nsol,all
outres,nload,all,
/nopr
esel,s,type,,1
esel,a,type,,2,7
cm,_elmisc,elem
esel,all
/gopr
outres,misc,all,_elmisc
mxpand,,,,yes,,no             ! expand requested element results, but not write them to file.mode
dmpopt,esav,no
dmpopt,emat,no
dmpopt,full,no
! *********** WB SOLVE COMMAND ***********
! check interactive state
*get,ANSINTER_,active,,int
*if,ANSINTER_,ne,0,then
/eof
*endif
solve
/com *************** Write FE CONNECTORS ********* 
CEWRITE,file,ce,,INTE
*get,_nmodalsolproc,active,0,numcpu
fini
/nopr
*get,_numnode,node,0,count
*get,_numelem,elem,0,count
*get, _MAXELEMNUM, elem, 0, NUM, MAX
*get, _MAXNODENUM, node, 0, NUM, MAX,,,INTERNAL
*get, _MAXELEMTYPE, etyp, 0, NUM, MAX
*get, _MAXREALCONST, rcon, 0, NUM, MAX
*get,_NSOLTHREADS,active,0,ntfs
*get,_NSOLPROCESSES,active,0,npfs
/gopr
*get,_wallasol,active,,time,wall
/post1
/nopr
*dim,_direction,CHAR,6,1
_direction(1) = 'X'
_direction(2) = 'Y'
_direction(3) = 'Z'
_direction(4) = 'ROTX'
_direction(5) = 'ROTY'
_direction(6) = 'ROTZ'
*get,_lastLS,active,0,set,LSTP
*get,_beginset,active,0,set,nset,first,_lastLS
*get,_endset,active,0,set,nset,last,_lastLS
_nummodes = 0
*if,_endset,gt,0,then
_nummodes = _endset - _beginset + 1
*endif
*do,i_mode,1,_nummodes
   *do,j_component,1,6
			*get,PFACT_%i_mode%_%j_component%,MODE,%i_mode%,PFACT,,DIREC,_direction(%j_component%)
   *enddo
*enddo
*dim,_tmdirection,CHAR,6,1
_tmdirection(1) = 'X'
_tmdirection(2) = 'Y'
_tmdirection(3) = 'Z'
_tmdirection(4) = 'X'
_tmdirection(5) = 'Y'
_tmdirection(6) = 'Z'
*do,j_component,1,6
    *if,j_component,gt,3,then
        *get,TOTALMASS_%j_component%,ELEM,0,IOR,_tmdirection(%j_component%)
    *else
        *get,TOTALMASS_%j_component%,ELEM,0,MTOT,_tmdirection(%j_component%)
    *endif
*enddo
/gopr
xmlo,ENCODING,ISO-8859-1
xmlo,parm
/xml,parm,xml
fini
/gopr
*get,_walldone,active,,time,wall
_preptime=(_wallbsol-_wallstrt)*3600
_solvtime=(_wallasol-_wallbsol)*3600
_posttime=(_walldone-_wallasol)*3600
_totaltim=(_walldone-_wallstrt)*3600
*get,_dlbratio,active,0,solu,dlbr
*get,_combtime,active,0,solu,comb
*get,_ssmode,active,0,solu,ssmm
*get,_ndofs,active,0,solu,ndof
/fclean				!clean distributed files
/com,--- Total number of nodes = %_numnode%
/com,--- Total number of elements = %_numelem%
/com,--- Element load balance ratio = %_dlbratio%
/com,--- Time to combine distributed files = %_combtime%
/com,--- Sparse memory mode = %_ssmode%
/com,--- Number of DOF = %_ndofs%
/wb,file,end               ! done with WB generated input
